chunk,model,closed,surface_area_mm2,volume_mm3
02,B07_1_3SP,False,5010.093181768873,NA
02,B08_1_3SP,False,201047.75268976623,NA
02,B05_1_MONO,False,201047.75268976623,NA
02,B11_1_FAKE,False,201047.75268976623,NA
02,B04_1_MONO,False,201047.75268976623,NA
02,A09_1_MONO,False,3058.4269063460583,NA
02,A06_1_MONO,False,3725.9841031218716,NA
02,A10_1_6SP,False,2827.5285776638098,NA
02,A16_1_6SP,False,4378.438813652484,NA
02,A03_1_3SP,False,2667.5427418963477,NA
02,Copy of B07_1_3SP,True,5452.854465567067,13672.956498529607
02,Copy of A09_1_MONO,True,3237.3834626298794,10051.85524754915
02,Copy of A06_1_MONO,True,3953.692344855238,10708.519055509187
02,Copy of A10_1_6SP,True,3067.209785814343,8895.81348324766
02,Copy of A16_1_6SP,True,4860.508809668051,14970.073015984835
02,Copy of A03_1_3SP,True,2872.7709394951894,7609.551003302096
07,A06_1_MONO,False,3718.329041064077,NA
07,Copy of A06_1_MONO,True,3954.6263506831865,10714.192113187424
08,Buckup,False,159824.375769951,NA
08,A04_1_3SP,False,4320.8950382717285,NA
08,A09_1_6SP,False,4662.823832514501,NA
08,A15_1_MONO,False,3964.666058395004,NA
08,A04_1_6SP,False,3722.874962858981,NA
08,A04_1_FAKE,False,4029.9289513801573,NA
08,Copy of A04_1_3SP,True,4548.327592073799,12859.180370708009
08,Copy of A09_1_6SP,True,4922.386143959577,15417.997239347153
08,Copy of A15_1_MONO,True,4243.751308832228,11953.619923179802
08,Copy of A04_1_6SP,True,3978.4069741323315,10248.038648482694
08,Copy of A04_1_FAKE,True,4306.772796776839,11338.279609186955
19,A07_1_6SP,False,4763.485984472482,NA
19,A16_1_FAKE,False,3371.5906267624505,NA
19,A05_1_3SP,False,5135.251691978018,NA
19,A05_1_MONO,False,4316.893267658636,NA
19,A13_1_3SP,False,2564.8470274026063,NA
19,A08_1_MONO,False,2672.0626957550858,NA
19,Copy of A07_1_6SP,True,5066.142973612015,13281.252216526715
19,Copy of A16_1_FAKE,True,3696.4642314768566,11819.2089522837
19,Copy of A05_1_3SP,True,5438.783326470824,18224.516402525485
19,Copy of A05_1_MONO,True,4563.833846891617,12426.758685727762
19,Copy of A13_1_3SP,True,2948.9791027231895,9910.954091044376
19,Copy of A08_1_MONO,True,3095.2962673035377,8735.429220011409
20,A12_1_3SP,False,2631.1488043695226,NA
20,A01_1_FAKE,False,2109.992936110727,NA
20,Copy of A12_1_3SP,True,2796.407289096678,6508.229804319014
20,Copy of A01_1_FAKE,True,2265.6515840679426,5558.718814108793
26,A11_1_FAKE,False,3063.4244410466463,NA
26,A11_1_3SP,False,3051.0866815904114,NA
26,A04_1_MONO,False,3384.5917330470315,NA
26,Copy of A11_1_FAKE,True,3225.081736787209,8759.243499758519
26,Copy of A11_1_3SP,True,3327.7532072306813,9577.11180805644
26,Copy of A04_1_MONO,True,3854.960552623182,10205.173933130565
27,A12_1_FAKE,False,1778.8391507183615,NA
27,A11_1_6SP,False,4956.278878035757,NA
27,A05_1_6SP,False,2931.323294113673,NA
27,A12_1_6SP,False,2686.521414050644,NA
27,A15_1_3SP,False,5163.13065253935,NA
27,A15_1_FAKE,False,3357.375081137415,NA
27,A10_1_3SP,False,2865.154963966319,NA
27,Copy of A12_1_FAKE,True,1993.2009467826351,4867.249511196524
27,Copy of A11_1_6SP,True,5239.636802033027,14779.228855820904
27,Copy of A05_1_6SP,True,3176.884503086799,7969.9058005196
27,Copy of A12_1_6SP,True,2877.1529758685315,7969.76161624461
27,Copy of A15_1_3SP,True,5569.857908497202,15828.850072897878
27,Copy of A15_1_FAKE,True,3554.4857546866583,9447.890996579474
27,Copy of A10_1_3SP,True,3079.397483357907,10037.66379187855
42,A16_1_MONO,False,1234.2019312823004,NA
42,A02_1_MONO,False,5120.675010987617,NA
42,A01_1_FAKE,False,4488.283993196,NA
42,A13_1_FAKE,False,2839.7938966880515,NA
42,A13_1_6SP,False,3059.837192067167,NA
42,A09_1_3P,False,3147.7512347145657,NA
42,Copy of A16_1_MONO,True,1324.9035763955699,2984.102293814437
42,Copy of A02_1_MONO,True,5413.571331157369,14190.666774757126
42,Copy of A01_1_FAKE,True,4725.178954825007,16834.870612766485
42,Copy of A13_1_FAKE,True,3093.482942214458,10045.483520568427
42,Copy of A13_1_6SP,True,3242.364117454375,10438.928875621532
42,Copy of A09_1_3P,True,3360.983112449553,10441.98001166375
52,A07_1_MONO,False,3588.087194813844,NA
52,A14_1_3SP,False,1687.0182228891206,NA
52,A12_1_MONO,False,3219.031183623097,NA
52,A14_1_FAKE,False,3948.99810167526,NA
52,A07_1_FAKE,False,2442.716978439488,NA
52,A03_1_MONO,False,2338.2703550263514,NA
52,A09_1_MONO,False,3080.650751177037,NA
52,Copy of A07_1_MONO,True,3867.044222334512,10529.835814088734
52,Copy of A14_1_3SP,True,1983.1139303779087,5199.39895255607
52,Copy of A12_1_MONO,True,3393.2150502576637,9240.3510070038
52,Copy of A14_1_FAKE,True,4273.140578221247,14278.60603417591
52,Copy of A07_1_FAKE,True,2639.67950528716,6533.182274887596
52,Copy of A03_1_MONO,False,2338.2703550263514,NA
52,Copy of A09_1_MONO,True,3258.4237135307617,10006.937925902736
53,A09_1_MONO,False,3078.143404412284,NA
53,A03_1_MONO,False,2334.9804924608347,NA
53,A07_1_FAKE,False,2471.799585869783,NA
53,A14_1_FAKE,False,3912.0701508320294,NA
53,A12_1_MONO,False,3219.7512174189533,NA
53,A14_1_3SP,False,1662.0525529472188,NA
53,A07_1_MONO,False,3540.447758727436,NA
53,Copy of A09_1_MONO,True,3264.9529139469337,10088.17853597208
53,Copy of A03_1_MONO,True,2631.438622480892,6323.637413178884
53,Copy of A07_1_FAKE,True,2676.871834028618,6723.7351663998825
53,Copy of A14_1_FAKE,True,4245.40791758985,14244.293648550156
53,Copy of A12_1_MONO,True,3396.820426142097,9276.60977161196
53,Copy of A14_1_3SP,True,2016.593926612064,5348.337714671513
53,Copy of A07_1_MONO,True,3817.4889027791955,10568.613733409147
54,A06_1_6SP,False,5003.555684197349,NA
54,A02_1_FAKE,False,2423.1526939871155,NA
54,A06_1_3SP,False,4111.855595780085,NA
54,A13_1_MONO,False,2515.0059587847322,NA
54,,False,191290.3073721667,NA
54,Copy of A06_1_3SP,True,4335.014749293286,9726.17369669112
54,Copy of A06_1_6SP,True,5425.929115606469,13885.226536641489
54,Copy of A02_1_FAKE,True,2635.1380263629844,6388.311467867386
54,Copy of A13_1_MONO,True,2716.538604820555,8676.743302231785
55,A15_1_6SP,False,2795.629190629333,NA
55,A08_1_3SP,False,3542.6630884036454,NA
55,A01_1_3SP,True,5581.361136758193,19445.799810293232
55,A11_1_MONO,False,2991.83245667341,NA
55,A02_1_6SP,False,5023.655156198003,NA
55,Copy of A08_1_3SP,True,3882.6406425438163,11169.529571564377
55,Copy of A11_1_MONO,True,3148.417379321794,7890.439739363794
55,Copy of A02_1_6SP,True,5351.069308626765,14680.841402438
55,Copy of A15_1_6SP,True,3142.987523132962,8998.185105391616
55,Copy of A01_1_3SP,True,5581.361136758193,19445.799810293232
56,A14_1_MONO,True,3101.1062415076785,8630.289604450609
56,A03_1_FAKE,False,3370.116729519115,NA
56,A05_1_FAKE,False,4338.761488827066,NA
56,A08_1_6SP,False,2834.98058151159,NA
56,Copy of A14_1_MONO,False,2760.6518289788733,NA
56,Copy of A03_1_FAKE,True,3803.8518110836335,10883.05784458299
56,Copy of A05_1_FAKE,True,4599.0028060322,13273.920568189229
56,Copy of A08_1_6SP,True,3142.973514428431,9624.215133630752
57,A16_1_3SP,False,5377.368901928382,NA
57,A01_1_MONO,False,3433.9647469138276,NA
57,A08_1_FAKE,False,1755.4800073628683,NA
57,A07_1_3SP,False,2373.188781331098,NA
57,A02_1_3SP,False,2470.2696368824036,NA
57,Copy of A16_1_3SP,True,5772.051260524179,17814.2739323142
57,Copy of A01_1_MONO,True,3708.2997273313244,10493.750571005403
57,Copy of A02_1_3SP,True,2677.661218531575,6749.243534923478
57,Copy of A08_1_FAKE,True,1995.4476029170964,5132.657136165402
57,Copy of A02_1_3SP,True,2677.661218531575,6749.243534923478
58,A01_1_6SP,False,3285.978272070384,NA
