date,tank,temp,timepoint,time,pH,mV,sal,cond,DO,coral_no,treatment,sump,period,flow_mL_30s,res_time_25gal,species,bad,notes
3/6/26,12,26.051,,15:32,8.16,NA,34.95,NA,6.95,no,acclimation,,acclimation,281,2.81,,no,
3/6/26,24,25.61,,15:33,8.16,NA,34.96,NA,7.06,coral,acclimation,,acclimation,476,1.99,PCOM,no,
3/6/26,23,25.787,,15:34,8.17,NA,34.97,NA,7.05,coral,acclimation,,acclimation,600,1.58,PCOM,no,
3/6/26,22,25.103,,15:36,8.14,NA,34.92,NA,6.93,coral,acclimation,,acclimation,280,3.38,MCAP,no,
3/6/26,21,25.235,,15:38,8.2,NA,35.19,NA,6.97,coral,acclimation,,acclimation,93,10.18,MCAP,no,
3/6/26,20,25.688,,15:40,8.2,NA,35.03,NA,6.98,coral,acclimation,,acclimation,280,3.38,PMEA,no,
3/6/26,19,25.825,,15:42,8.18,NA,35.04,NA,7,coral,acclimation,,acclimation,107,8.84,PCOM,no,
3/6/26,18,25.62,,15:44,8.17,NA,35.01,NA,7.14,coral,acclimation,,acclimation,290,3.26,MIX,no,
3/6/26,17,25.601,,15:45,8.17,NA,34.97,NA,7.08,coral,acclimation,,acclimation,387,2.45,MCAP,no,
3/6/26,12,26.872,,14:03,8.16,-65.2,35.4,53.41,7.15,no,acclimation,,acclimation,,,,no,no shade so warmer
3/6/26,24,25.372,,14:02,8.15,-64.5,35.23,53.26,7.17,coral,acclimation,,acclimation,,,PCOM,no,
3/6/26,23,25.106,,14:05,8.15,-64.1,35.2,53.24,7.23,coral,acclimation,,acclimation,,,PCOM,no,
3/6/26,22,25.631,,14:06,8.2,-67.6,35.22,53.24,7.33,coral,acclimation,,acclimation,,,MCAP,no,
3/6/26,21,25.829,,14:08,8.18,-66.2,35.32,53.37,7.43,coral,acclimation,,acclimation,,,MCAP,no,
3/6/26,20,25.375,,14:09,8.2,-67.5,35.23,53.28,7.43,coral,acclimation,,acclimation,,,PMEA,no,
3/6/26,19,25.405,,14:11,8.18,-66,35.29,53.36,7.39,coral,acclimation,,acclimation,,,PCOM,no,
3/6/26,18,25.174,,14:12,8.17,-65.6,35.23,53.3,7.36,coral,acclimation,,acclimation,,,MIX,no,
3/6/26,17,25.165,,14:14,8.18,-66.3,35.22,53.27,7.34,coral,acclimation,,acclimation,,,MCAP,no,
3/6/26,12,24.286,,18:28,8.12,-62.6,34.99,53.02,6.83,no,acclimation,,acclimation,,,,no,
3/6/26,24,24.284,,18:33,8.14,-63.5,34.98,53.02,6.84,coral,acclimation,,acclimation,,,PCOM,no,
3/6/26,23,24.344,,18:36,8.155,-64.4,35.01,53.04,6.81,coral,acclimation,,acclimation,,,PCOM,no,
3/6/26,22,24.402,,18:38,8.11,-62.1,34.96,52.99,6.75,coral,acclimation,,acclimation,,,MCAP,no,
3/6/26,21,25.12,,18:41,8.18,-66.3,35.13,53.15,6.59,coral,acclimation,,acclimation,,,MCAP,no,
3/6/26,20,24.391,,18:43,8.15,-64.1,35.02,53.07,6.6,coral,acclimation,,acclimation,,,PMEA,no,
3/6/26,19,24.378,,18:44,8.17,-65.6,35.05,53.11,6.83,coral,acclimation,,acclimation,,,PCOM,no,
3/6/26,18,24.184,,18:46,8.16,-64.5,35.04,53.1,6.81,coral,acclimation,,acclimation,,,MIX,no,
3/6/26,17,24.165,,18:47,8.16,-64.5,35.01,53.07,6.78,coral,acclimation,,acclimation,,,MCAP,no,
3/6/26,12,23.321,,20:46,8.12,-62.4,35.06,53.21,6.81,no,acclimation,,acclimation,,,,no,
3/6/26,24,23.412,,20:48,8.1,-61.3,35.02,53.15,6.7,coral,acclimation,,acclimation,,,PCOM,no,
3/6/26,23,23.321,,20:50,8.1,-61.2,35.04,53.18,6.64,coral,acclimation,,acclimation,,,PCOM,no,
3/6/26,22,23.704,,20:51,8.1,-61,35,53.08,6.69,coral,acclimation,,acclimation,,,MCAP,no,
3/6/26,21,23.567,,20:53,8.15,-64.1,35.15,53.31,6.64,coral,acclimation,,acclimation,,,MCAP,no,
3/6/26,20,23.484,,20:55,8.12,-62,35.04,53.16,6.68,coral,acclimation,,acclimation,,,PMEA,no,
3/6/26,19,23.647,,20:57,8.14,-63.2,35.05,53.16,6.74,coral,acclimation,,acclimation,,,PCOM,no,
3/6/26,18,23.459,,20:58,8.12,-62.5,35.03,53.16,6.73,coral,acclimation,,acclimation,,,MIX,no,
3/6/26,17,23.615,,21:00,8.12,-62,35,53.11,6.75,coral,acclimation,,acclimation,,,MCAP,no,
3/7/26,12,25.632,,11:11,8.12,-63,35.35,53.42,6.92,no,acclimation,,acclimation,,,,no,
3/7/26,24,24.056,,11:14,8.09,-60.4,35.35,53.52,7.37,coral,acclimation,,acclimation,300,2.63,PCOM,no,
3/7/26,23,24.07,,11:15,8.09,-57.7,35.4,53.61,7.38,coral,acclimation,,acclimation,50,18.93,PCOM,no,
3/7/26,22,24.726,,11:17,8.16,-65,35.17,53.26,7.42,coral,acclimation,,acclimation,50,18.93,MCAP,no,
3/7/26,21,24.641,,11:22,8.13,-63.1,35.27,53.39,7.33,coral,acclimation,,acclimation,250,3.79,MCAP,no,
3/7/26,20,24.726,,11:25,8.14,-63.9,35.18,53.25,7.27,coral,acclimation,,acclimation,100,9.46,PMEA,no,
3/7/26,19,24.533,,11:28,8.12,-62.7,35.22,53.32,7.07,coral,acclimation,,acclimation,250,3.79,PCOM,no,
3/7/26,18,24.536,,11:29,8.13,-63.1,35.21,53.3,7.1,coral,acclimation,,acclimation,250,3.79,MIX,no,
3/7/26,17,24.766,,11:32,8.14,-63.8,35.19,53.27,7.26,coral,acclimation,,acclimation,300,3.15,MCAP,no,
3/9/26,1,22.612,3/9/26 6:30,6:39,8.09,-59.5,35.56,,6.86,,MONOA,S1,acclimation,,,,no,
3/9/26,2,21.962,3/9/26 6:30,6:41,8.09,-59.5,35.94,,6.93,,6SP,S1,acclimation,,,,no,
3/9/26,3,22.72,3/9/26 6:30,6:43,8.11,-60.7,35.55,,6.79,,MONOB,S2,acclimation,,,,no,
3/9/26,4,22.331,3/9/26 6:30,6:44,8.13,-62,35.66,,6.96,,FAKEA,S2,acclimation,,,,no,
3/9/26,5,22.722,3/9/26 6:30,6:45,8.11,-60.6,35.54,,6.86,,3SP,S2,acclimation,,,,no,
3/9/26,6,22.739,3/9/26 6:30,6:47,8.09,-60,35.55,,6.82,,MONOA,S2,acclimation,,,,no,
3/9/26,7,22.941,3/9/26 6:30,6:49,8.13,-60.6,35.5,,6.9,,FAKEA,S1,acclimation,,,,no,
3/9/26,8,22.558,3/9/26 6:30,6:50,8.13,-61.8,35.57,,6.93,,FAKEB,S1,acclimation,,,,no,
3/9/26,9,22.304,3/9/26 6:30,6:51,8.1,-60,35.66,,6.89,,3SP,S4,acclimation,,,,no,
3/9/26,10,22.728,3/9/26 6:30,6:53,8.11,-60.7,35.57,,6.86,,MONOB,S4,acclimation,,,,no,
3/9/26,11,23.037,3/9/26 6:30,6:55,8.13,-61.9,35.5,,6.89,,FAKEB,S3,acclimation,,,,no,
3/9/26,12,22.813,3/9/26 6:30,6:56,8.13,-62.3,35.56,,6.92,,FAKEA,S3,acclimation,,,,no,
3/9/26,13,22.893,3/9/26 6:30,6:58,8.1,-60.4,35.53,,6.86,,6SP,S3,acclimation,,,,no,
3/9/26,14,22.672,3/9/26 6:30,6:59,8.11,-60.6,35.6,,6.88,,MONOB,S3,acclimation,,,,no,
3/9/26,15,22.574,3/9/26 6:30,7:01,8.13,-62.1,35.59,,6.94,,FAKEB,S4,acclimation,,,,no,
3/9/26,16,22.418,3/9/26 6:30,7:02,8.1,-60.5,35.64,,6.9,,6SP,S4,acclimation,,,,no,
3/9/26,17,22.819,3/9/26 6:30,7:05,8.12,-61.3,35.55,,6.87,,FAKEB,S5,acclimation,,,,no,
3/9/26,18,22.67,3/9/26 6:30,7:06,8.1,-60,35.55,,6.83,,MONOA,S5,acclimation,,,,no,
3/9/26,19,22.959,3/9/26 6:30,7:07,8.09,-60,35.5,,6.83,,3SP,S6,acclimation,,,,no,
3/9/26,20,22.843,3/9/26 6:30,7:09,8.1,-60.1,35.51,,6.81,,MONOA,S6,acclimation,,,,no,
3/9/26,21,22.888,3/9/26 6:30,7:10,8.1,-60.1,35.51,,6.84,,MONOB,S6,acclimation,,,,no,
3/9/26,22,22.807,3/9/26 6:30,7:14,8.11,-59.6,35.49,,6.89,,FAKEA,S6,acclimation,,,,no,
3/9/26,23,22.979,3/9/26 6:30,7:12,8.09,-61.1,35.51,,6.81,,3SP,S5,acclimation,,,,no,
3/9/26,24,22.804,3/9/26 6:30,7:15,8.09,-59.7,35.52,,6.8,,6SP,S5,acclimation,,,,no,
3/9/26,1,25.863,3/9/26 12:30,12:25,8.14,-63.6,35.61,,7.2,,MONOA,S1,acclimation,,,,no,
3/9/26,2,25.668,3/9/26 12:30,12:27,8.14,-63.4,35.72,,6.94,,6SP,S1,acclimation,,,,no,
3/9/26,3,25.617,3/9/26 12:30,12:29,8.13,-62.7,35.58,,6.85,,MONOB,S2,acclimation,,,,no,
3/9/26,4,25.765,3/9/26 12:30,12:31,8.14,-63.2,35.58,,6.77,,FAKEA,S2,acclimation,,,,no,
3/9/26,5,25.832,3/9/26 12:30,12:32,8.16,-64.6,35.54,,7.11,,3SP,S2,acclimation,,,,no,
3/9/26,6,25.884,3/9/26 12:30,12:34,8.14,-63.5,35.61,,7.07,,MONOA,S2,acclimation,,,,no,
3/9/26,7,26.193,3/9/26 12:30,12:35,8.13,-62.7,35.58,,6.79,,FAKEA,S1,acclimation,,,,no,
3/9/26,8,25.759,3/9/26 12:30,12:37,8.14,-63.4,35.57,,6.82,,FAKEB,S1,acclimation,,,,no,
3/9/26,9,26.163,3/9/26 12:30,12:39,8.14,-63.2,35.61,,7.16,,3SP,S4,acclimation,,,,no,
3/9/26,10,26.063,3/9/26 12:30,12:41,8.14,-63.5,35.48,,6.95,,MONOB,S4,acclimation,,,,no,
3/9/26,11,26.518,3/9/26 12:30,12:42,8.13,-63.1,35.54,,6.78,,FAKEB,S3,acclimation,,,,no,
3/9/26,12,26.601,3/9/26 12:30,12:43,8.12,-62.5,35.56,,6.68,,FAKEA,S3,acclimation,,,,no,
3/9/26,13,27,3/9/26 12:30,12:45,8.14,-63.8,35.54,,6.87,,6SP,S3,acclimation,,,,no,
3/9/26,14,26.852,3/9/26 12:30,12:46,8.15,-63.9,35.61,,6.91,,MONOB,S3,acclimation,,,,no,
3/9/26,15,26.613,3/9/26 12:30,12:47,8.14,-63.4,35.64,,6.71,,FAKEB,S4,acclimation,,,,no,
3/9/26,16,26.014,3/9/26 12:30,12:48,8.15,-63.8,35.61,,6.88,,6SP,S4,acclimation,,,,no,
3/9/26,17,26.391,3/9/26 12:30,12:51,8.18,-66.1,35.59,,7.08,,FAKEB,S5,acclimation,,,,no,"algae, think 17-24 are higher bc more algae/stuff in the tanks"
3/9/26,18,26.39,3/9/26 12:30,12:52,8.17,-65,35.55,,7.15,,MONOA,S5,acclimation,,,,no,
3/9/26,19,26.326,3/9/26 12:30,12:53,8.18,-65.6,35.52,,7.26,,3SP,S6,acclimation,,,,no,
3/9/26,20,26.353,3/9/26 12:30,12:55,8.17,-65.2,35.55,,7.22,,MONOA,S6,acclimation,,,,no,
3/9/26,21,26.71,3/9/26 12:30,12:56,8.17,-65.5,35.54,,7.16,,MONOB,S6,acclimation,,,,no,
3/9/26,22,26.536,3/9/26 12:30,12:58,8.16,-64.8,35.49,,7.08,,FAKEA,S6,acclimation,,,,no,
3/9/26,23,26.468,3/9/26 12:30,12:59,8.2,-66.9,35.59,,7.45,,3SP,S5,acclimation,,,,no,
3/9/26,24,26.52,3/9/26 12:30,13:01,8.19,-66.4,35.6,,7.34,,6SP,S5,acclimation,,,,no,
3/9/26,1,24.782,3/9/26 18:30,18:34,8.14,-62.8,35.65,,6.9,,MONOA,S1,acclimation,,,,no,
3/9/26,2,24.76,3/9/26 18:30,18:36,8.16,-64.1,35.73,,6.71,,6SP,S1,acclimation,,,,no,
3/9/26,3,24.45,3/9/26 18:30,18:37,8.13,-62.7,35.58,,6.75,,MONOB,S2,acclimation,,,,no,
3/9/26,4,24.444,3/9/26 18:30,18:38,8.14,-63.1,35.58,,6.77,,FAKEA,S2,acclimation,,,,no,
3/9/26,5,24.753,3/9/26 18:30,18:39,8.15,-63.4,35.56,,6.7,,3SP,S2,acclimation,,,,no,
3/9/26,6,24.97,3/9/26 18:30,18:41,8.15,-63.8,35.65,,6.6,,MONOA,S2,acclimation,,,,no,
3/9/26,7,24.787,3/9/26 18:30,18:42,8.15,-63.4,35.58,,6.73,,FAKEA,S1,acclimation,,,,no,
3/9/26,8,24.634,3/9/26 18:30,18:43,8.16,-64.2,35.6,,6.72,,FAKEB,S1,acclimation,,,,no,
3/9/26,9,24.674,3/9/26 18:30,18:45,8.14,-63.2,35.63,,6.65,,3SP,S4,acclimation,,,,no,
3/9/26,10,24.542,3/9/26 18:30,18:47,8.15,-63.5,35.55,,6.7,,MONOB,S4,acclimation,,,,no,
3/9/26,11,24.835,3/9/26 18:30,18:48,8.15,-63.5,35.55,,6.7,,FAKEB,S3,acclimation,,,,no,
3/9/26,12,25.083,3/9/26 18:30,18:49,8.14,-63.1,35.56,,6.66,,FAKEA,S3,acclimation,,,,no,
3/9/26,13,25.172,3/9/26 18:30,18:51,8.13,-62.4,35.53,,6.66,,6SP,S3,acclimation,,,,no,
3/9/26,14,25.003,3/9/26 18:30,18:52,8.14,-63.1,35.56,,6.63,,MONOB,S3,acclimation,,,,no,
3/9/26,15,25.104,3/9/26 18:30,18:54,8.15,-63.8,35.64,,6.65,,FAKEB,S4,acclimation,,,,no,
3/9/26,16,24.561,3/9/26 18:30,18:55,8.14,-62.9,35.6,,6.64,,6SP,S4,acclimation,,,,no,
3/9/26,17,24.172,3/9/26 18:30,19:05,8.13,-62.5,35.5,,6.77,,FAKEB,S5,acclimation,,,,no,
3/9/26,18,24.309,3/9/26 18:30,19:10,8.15,-62.1,35.53,,6.7,,MONOA,S5,acclimation,,,,no,
3/9/26,19,24.334,3/9/26 18:30,19:12,8.14,-62.3,35.52,,6.74,,3SP,S6,acclimation,,,,no,
3/9/26,20,24.228,3/9/26 18:30,19:13,8.13,-61.7,35.51,,6.72,,MONOA,S6,acclimation,,,,no,
3/9/26,21,24.338,3/9/26 18:30,19:15,8.12,-62,35.51,,6.75,,MONOB,S6,acclimation,,,,no,
3/9/26,22,24.246,3/9/26 18:30,19:18,8.13,-62.4,35.49,,6.86,,FAKEA,S6,acclimation,,,,no,
3/9/26,23,24.285,3/9/26 18:30,19:19,8.12,-61.7,35.5,,6.73,,3SP,S5,acclimation,,,,no,
3/9/26,24,24.148,3/9/26 18:30,19:21,8.12,-61.9,35.5,,6.72,,6SP,S5,acclimation,,,,no,
3/9/26,1,23.999,3/9/26 20:30,21:14,8.12,-61.7,35.55,,6.72,,MONOA,S1,acclimation,,,,no,
3/9/26,2,23.957,3/9/26 20:30,20:36,8.12,-62,35.63,,6.72,,6SP,S1,acclimation,,,,no,
3/9/26,3,23.894,3/9/26 20:30,20:37,8.12,-61.8,35.55,,6.73,,MONOB,S2,acclimation,,,,no,
3/9/26,4,23.882,3/9/26 20:30,20:40,8.13,-62.3,35.54,,6.76,,FAKEA,S2,acclimation,,,,no,
3/9/26,5,24.117,3/9/26 20:30,20:41,8.12,-61.8,35.52,,6.69,,3SP,S2,acclimation,,,,no,
3/9/26,6,24.102,3/9/26 20:30,20:43,8.12,-61.9,35.58,,6.66,,MONOA,S2,acclimation,,,,no,
3/9/26,7,24.098,3/9/26 20:30,20:44,8.14,-62.7,35.54,,6.74,,FAKEA,S1,acclimation,,,,no,
3/9/26,8,23.933,3/9/26 20:30,20:45,8.14,-63,35.56,,6.73,,FAKEB,S1,acclimation,,,,no,
3/9/26,9,23.997,3/9/26 20:30,20:47,8.12,-61.9,35.57,,6.7,,3SP,S4,acclimation,,,,no,
3/9/26,10,23.973,3/9/26 20:30,20:49,8.13,-62.1,35.53,,6.69,,MONOB,S4,acclimation,,,,no,
3/9/26,11,24.165,3/9/26 20:30,20:50,8.14,-62.8,35.53,,6.74,,FAKEB,S3,acclimation,,,,no,
3/9/26,12,24.268,3/9/26 20:30,20:53,8.13,-62.5,35.52,,6.73,,FAKEA,S3,acclimation,,,,no,
3/9/26,13,24.343,3/9/26 20:30,20:55,8.11,-61.4,35.5,,6.69,,6SP,S3,acclimation,,,,no,
3/9/26,14,24.289,3/9/26 20:30,20:56,8.12,-62,35.53,,6.68,,MONOB,S3,acclimation,,,,no,
3/9/26,15,24.271,3/9/26 20:30,20:57,8.14,-62.9,35.56,,6.71,,FAKEB,S4,acclimation,,,,no,
3/9/26,16,24.04,3/9/26 20:30,20:58,8.12,-61.9,35.55,,6.7,,6SP,S4,acclimation,,,,no,
3/9/26,17,23.855,3/9/26 20:30,21:00,8.13,-62.3,35.5,,6.76,,FAKEB,S5,acclimation,,,,no,
3/9/26,18,23.947,3/9/26 20:30,21:03,8.11,-61.3,35.5,,6.69,,MONOA,S5,acclimation,,,,no,
3/9/26,19,23.962,3/9/26 20:30,21:04,8.11,-61.4,35.5,,6.71,,3SP,S6,acclimation,,,,no,
3/9/26,20,23.889,3/9/26 20:30,21:07,8.11,-60.9,35.5,,6.72,,MONOA,S6,acclimation,,,,no,
3/9/26,21,23.993,3/9/26 20:30,21:08,8.11,-61.4,35.5,,6.73,,MONOB,S6,acclimation,,,,no,
3/9/26,22,23.975,3/9/26 20:30,21:10,8.13,-62.2,35.49,,6.78,,FAKEA,S6,acclimation,,,,no,
3/9/26,23,23.97,3/9/26 20:30,21:11,8.11,-61.2,35.5,,6.72,,3SP,S5,acclimation,,,,no,
3/9/26,24,23.898,3/9/26 20:30,21:12,8.11,-61.2,35.49,,6.72,,6SP,S5,acclimation,,,,no,
3/10/26,1,26.071,3/10/26 12:00,12:22,8.13,-63,35.74,53.92,7.07,,MONOA,S1,acclimation,,,,no,
3/10/26,2,25.932,3/10/26 12:00,12:06,8.12,-62.7,35.76,5397,6.93,,6SP,S1,acclimation,,,,no,
3/10/26,3,25.838,3/10/26 12:00,12:08,8.12,-62.4,35.74,53.94,6.87,,MONOB,S2,acclimation,,,,no,
3/10/26,4,26,3/10/26 12:00,12:09,8.12,-62.5,35.73,53.93,6.77,,FAKEA,S2,acclimation,,,,no,
3/10/26,5,26.021,3/10/26 12:00,12:12,8.14,-63.9,35.72,53.88,7.03,,3SP,S2,acclimation,,,,no,
3/10/26,6,26.299,3/10/26 12:00,12:57,8.14,-63.5,35.71,53.86,7.05,,MONOA,S2,acclimation,,,,no,
3/10/26,7,26.462,3/10/26 12:00,12:58,8.13,-63.2,35.72,53.87,6.81,,FAKEA,S1,acclimation,,,,no,
3/10/26,8,26.008,3/10/26 12:00,12:33,8.12,-62.7,35.72,53.9,6.94,,FAKEB,S1,acclimation,,,,no,
3/10/26,9,26.545,3/10/26 12:00,13:00,8.14,-63.6,35.73,53.87,6.9,,3SP,S4,acclimation,,,,no,
3/10/26,10,26.573,3/10/26 12:00,13:01,8.14,-64.1,35.73,53.88,6.96,,MONOB,S4,acclimation,,,,no,
3/10/26,11,26.65,3/10/26 12:00,13:02,8.13,-63.3,35.73,53.87,6.77,,FAKEB,S3,acclimation,,,,no,
3/10/26,12,26.353,3/10/26 12:00,12:14,8.1,-61.7,35.74,53.89,6.73,,FAKEA,S3,acclimation,,,,no,
3/10/26,13,26.916,3/10/26 12:00,13:04,8.13,-63.6,35.71,53.82,6.86,,6SP,S3,acclimation,,,,no,
3/10/26,14,26.329,3/10/26 12:00,12:17,8.13,-63.3,35.72,53.88,6.92,,MONOB,S3,acclimation,,,,no,
3/10/26,15,26.26,3/10/26 12:00,12:24,8.12,-62.3,35.7,53.86,6.92,,FAKEB,S4,acclimation,,,,no,
3/10/26,16,26.163,3/10/26 12:00,12:20,8.13,-63,35.72,53.88,6.88,,6SP,S4,acclimation,,,,no,
3/10/26,17,26.383,3/10/26 12:00,13:13,8.14,-63.7,35.73,53.88,6.78,,FAKEB,S5,acclimation,,,,no,
3/10/26,18,26.209,3/10/26 12:00,12:30,8.13,-63.1,35.74,53.91,6.9,,MONOA,S5,acclimation,,,,no,
3/10/26,19,26.136,3/10/26 12:00,12:31,8.14,-63.8,35.73,53.9,6.9,,3SP,S6,acclimation,,,,no,
3/10/26,20,26.725,3/10/26 12:00,13:06,8.15,-64.3,35.72,53.85,6.88,,MONOA,S6,acclimation,,,,no,
3/10/26,21,26.656,3/10/26 12:00,13:07,8.14,-63.6,35.71,53.84,6.82,,MONOB,S6,acclimation,,,,no,
3/10/26,22,26.571,3/10/26 12:00,13:08,8.11,-61.9,35.69,53.82,6.62,,FAKEA,S6,acclimation,,,,no,
3/10/26,23,26.557,3/10/26 12:00,13:10,8.14,-64,35.72,53.86,6.86,,3SP,S5,acclimation,,,,no,
3/10/26,24,26.508,3/10/26 12:00,13:11,8.14,-63.6,35.72,53.86,6.88,,6SP,S5,acclimation,,,,no,
3/10/26,1,24.349,3/10/26 20:00,20:15,8.07,-59,35.73,,6.67,,MONOA,S1,acclimation,,,,no,
3/10/26,2,24.303,3/10/26 20:00,20:16,8.09,-60.6,35.73,,6.65,,6SP,S1,acclimation,,,,no,
3/10/26,3,24.258,3/10/26 20:00,20:18,8.1,-61,35.71,,6.65,,MONOB,S2,acclimation,,,,no,
3/10/26,4,24.253,3/10/26 20:00,20:19,8.11,-61.5,35.72,,6.67,,FAKEA,S2,acclimation,,,,no,
3/10/26,5,24.386,3/10/26 20:00,20:21,8.1,-60.9,35.71,,6.62,,3SP,S2,acclimation,,,,no,
3/10/26,6,24.258,3/10/26 20:00,20:22,8.09,-60.4,35.72,,6.59,,MONOA,S2,acclimation,,,,no,
3/10/26,7,24.3,3/10/26 20:00,20:23,8.11,-61.8,35.71,,6.66,,FAKEA,S1,acclimation,,,,no,
3/10/26,8,24.22,3/10/26 20:00,20:24,8.1,-61.5,35.7,,6.66,,FAKEB,S1,acclimation,,,,no,
3/10/26,9,24.33,3/10/26 20:00,20:25,8.1,-61,35.71,,6.63,,3SP,S4,acclimation,,,,no,
3/10/26,10,24.353,3/10/26 20:00,20:27,8.1,-61.1,35.72,,6.62,,MONOB,S4,acclimation,,,,no,
3/10/26,11,24.398,3/10/26 20:00,20:28,8.11,-61.9,35.71,,6.66,,FAKEB,S3,acclimation,,,,no,
3/10/26,12,24.459,3/10/26 20:00,20:29,8.11,-61.5,35.71,,6.64,,FAKEA,S3,acclimation,,,,no,
3/10/26,13,24.391,3/10/26 20:00,20:31,8.09,-60.5,35.69,,6.62,,6SP,S3,acclimation,,,,no,
3/10/26,14,24.397,3/10/26 20:00,20:32,8.11,-61.3,35.71,,6.62,,MONOB,S3,acclimation,,,,no,
3/10/26,15,24.295,3/10/26 20:00,20:34,8.11,-61.8,35.7,,6.65,,FAKEB,S4,acclimation,,,,no,
3/10/26,16,24.318,3/10/26 20:00,20:35,8.1,-61.2,35.72,,6.62,,6SP,S4,acclimation,,,,no,
3/10/26,17,24.108,3/10/26 20:00,20:36,8.12,-61.9,35.71,,6.69,,FAKEB,S5,acclimation,,,,no,
3/10/26,18,24.116,3/10/26 20:00,20:38,8.1,-60.8,35.71,,6.62,,MONOA,S5,acclimation,,,,no,
3/10/26,19,24.108,3/10/26 20:00,20:39,8.1,-60.9,35.7,,6.63,,3SP,S6,acclimation,,,,no,
3/10/26,20,24.124,3/10/26 20:00,20:40,8.09,-60.6,35.7,,6.63,,MONOA,S6,acclimation,,,,no,
3/10/26,21,24.252,3/10/26 20:00,20:42,8.1,-60.7,35.69,,6.63,,MONOB,S6,acclimation,,,,no,
3/10/26,22,24.241,3/10/26 20:00,20:43,8.11,-61.6,35.68,,6.69,,FAKEA,S6,acclimation,,,,no,
3/10/26,23,24.25,3/10/26 20:00,20:44,8.1,-60.7,35.69,,6.59,,3SP,S5,acclimation,,,,no,
3/10/26,24,24.087,3/10/26 20:00,20:46,8.09,60.6,35.69,,6.61,,6SP,S5,acclimation,,,,no,
3/11/26,1,24.988,3/11/26 12:00,12:05,8.14,-63.5,35.37,,7.03,,MONOA,S1,acclimation,,,,no,rain break after this sample
3/11/26,2,24.939,3/11/26 12:00,12:12,8.13,-62.8,35.66,,7.03,,6SP,S1,acclimation,,,,no,
3/11/26,3,24.821,3/11/26 12:00,12:13,8.15,-64,35.2,,7.05,,MONOB,S2,acclimation,,,,no,
3/11/26,4,25.019,3/11/26 12:00,12:14,8.14,-63.3,35.22,,6.93,,FAKEA,S2,acclimation,,,,no,
3/11/26,5,25.009,3/11/26 12:00,12:16,8.15,-63.9,35,,7.05,,3SP,S2,acclimation,,,,no,
3/11/26,6,24.837,3/11/26 12:00,12:18,8.14,-63.3,34.79,,7.04,,MONOA,S2,acclimation,,,,no,
3/11/26,7,24.763,3/11/26 12:00,12:19,8.15,-64.2,35.26,,6.97,,FAKEA,S1,acclimation,,,,no,
3/11/26,8,24.829,3/11/26 12:00,12:21,8.15,-64.4,35.84,,7.02,,FAKEB,S1,acclimation,,,,no,
3/11/26,9,25.075,3/11/26 12:00,12:22,8.15,-64.4,35.04,,7.06,,3SP,S4,acclimation,,,,no,
3/11/26,10,25.207,3/11/26 12:00,12:24,8.16,-64.5,34.8,,7.09,,MONOB,S4,acclimation,,,,no,
3/11/26,11,25.192,3/11/26 12:00,12:25,8.16,-64.6,34.98,,7,,FAKEB,S3,acclimation,,,,no,
3/11/26,12,25.337,3/11/26 12:00,12:27,8.13,-63.3,35.65,,6.87,,FAKEA,S3,acclimation,,,,no,
3/11/26,13,25.322,3/11/26 12:00,12:28,8.14,-63.9,35.44,,6.94,,6SP,S3,acclimation,,,,no,
3/11/26,14,25.399,3/11/26 12:00,12:29,8.15,-64,34.8,,7.01,,MONOB,S3,acclimation,,,,no,
3/11/26,15,25.093,3/11/26 12:00,12:31,8.16,-64.5,35.17,,6.99,,FAKEB,S4,acclimation,,,,no,
3/11/26,16,25.144,3/11/26 12:00,12:33,8.16,-64.8,35.57,,7.03,,6SP,S4,acclimation,,,,no,
3/11/26,17,25.265,3/11/26 12:00,12:34,8.16,-64.9,35.26,,6.98,,FAKEB,S5,acclimation,,,,no,
3/11/26,18,25.298,3/11/26 12:00,12:37,8.15,-64.2,35.22,,7.1,,MONOA,S5,acclimation,,,,no,
3/11/26,19,25.26,3/11/26 12:00,12:38,8.17,-65.3,34.62,,7.12,,3SP,S6,acclimation,,,,no,
3/11/26,20,25.449,3/11/26 12:00,12:39,8.15,-64.3,35.13,,7.01,,MONOA,S6,acclimation,,,,no,
3/11/26,21,25.39,3/11/26 12:00,12:41,8.15,-64.2,35.41,,6.97,,MONOB,S6,acclimation,,,,no,
3/11/26,22,25.305,3/11/26 12:00,12:42,8.14,-63.5,35.58,,6.81,,FAKEA,S6,acclimation,,,,no,
3/11/26,23,25.372,3/11/26 12:00,12:43,8.15,-64.3,35.67,,6.98,,3SP,S5,acclimation,,,,no,
3/11/26,24,25.239,3/11/26 12:00,12:45,8.14,-63.8,35.47,,6.98,,6SP,S5,acclimation,,,,no,
3/12/26,1,24.012,3/12/26 12:00,11:58,8.13,-62.9,34.33,52.16,7.1,,MONOA,S1,acclimation,,,,no,
3/12/26,2,23.874,3/12/26 12:00,12:00,8.14,-63.5,33.8,51.46,7.11,,6SP,S1,acclimation,,,,no,
3/12/26,3,23.903,3/12/26 12:00,12:02,8.15,-64,34.24,52.06,7.07,,MONOB,S2,acclimation,,,,no,
3/12/26,5,23.906,3/12/26 12:00,12:04,8.15,-64.1,34.1,51.86,7.13,,FAKEA,S2,acclimation,,,,no,
3/12/26,4,23.956,3/12/26 12:00,12:06,8.15,-64.1,34.16,51.96,7.14,,3SP,S2,acclimation,,,,no,
3/12/26,6,24.075,3/12/26 12:00,12:09,8.15,-63.9,34.67,52.62,7.12,,MONOA,S2,acclimation,,,,no,
3/12/26,7,24.024,3/12/26 12:00,12:11,8.16,-64.8,34.32,52.15,7.07,,FAKEA,S1,acclimation,,,,no,
3/12/26,8,24.053,3/12/26 12:00,12:13,8.16,-64.8,34.56,52.46,7.08,,FAKEB,S1,acclimation,,,,no,
3/12/26,9,24.117,3/12/26 12:00,12:15,8.15,-63.9,34.31,52.13,7.04,,3SP,S4,acclimation,,,,no,
3/12/26,10,24.113,3/12/26 12:00,12:18,8.15,-64.2,34,51.7,7.07,,MONOB,S4,acclimation,,,,no,
3/12/26,11,24.24,3/12/26 12:00,12:20,8.15,-64.3,34.25,52.04,7.01,,FAKEB,S3,acclimation,,,,no,
3/12/26,12,24.285,3/12/26 12:00,12:22,8.15,-64.1,34.15,51.9,6.99,,FAKEA,S3,acclimation,,,,no,
3/12/26,13,24.324,3/12/26 12:00,12:25,8.15,-64.3,34.45,52.3,7.06,,6SP,S3,acclimation,,,,no,
3/12/26,14,24.239,3/12/26 12:00,12:27,8.16,-64.4,34.17,51.91,7.07,,MONOB,S3,acclimation,,,,no,
3/12/26,15,24.085,3/12/26 12:00,12:28,8.16,-64.8,34.28,51.09,7.07,,FAKEB,S4,acclimation,,,,no,
3/12/26,16,24.121,3/12/26 12:00,12:30,8.15,-64.1,34.44,52.3,7.02,,6SP,S4,acclimation,,,,no,
3/12/26,17,24.175,3/12/26 12:00,12:33,8.17,-65.2,34.5,52.38,7.1,,FAKEB,S5,acclimation,,,,no,
3/12/26,18,24.263,3/12/26 12:00,12:35,8.16,-64.5,34.45,52.31,7.11,,MONOA,S5,acclimation,,,,no,
3/12/26,19,24.083,3/12/26 12:00,12:36,8.16,-64.8,34.19,51.97,7.11,,3SP,S6,acclimation,,,,no,
3/12/26,20,24.252,3/12/26 12:00,12:38,8.16,-64.7,34.27,52.06,7.1,,MONOA,S6,acclimation,,,,no,
3/12/26,21,24.307,3/12/26 12:00,12:40,8.15,-64.2,34.5,52.37,7.04,,MONOB,S6,acclimation,,,,no,
3/12/26,22,24.245,3/12/26 12:00,12:41,8.15,-64.2,34.51,52.39,6.99,,FAKEA,S6,acclimation,,,,no,
3/12/26,23,24.303,3/12/26 12:00,12:43,8.15,-64.3,34.49,52.36,7.05,,3SP,S5,acclimation,,,,no,
3/12/26,24,24.345,3/12/26 12:00,12:45,8.15,-64.1,34.65,52.57,7.1,,6SP,S5,acclimation,,,,no,
3/17/26,1,25.169,3/17/26 12:30,12:38,8.09,-61.8,35.28,53.37,6.8,,MONOA,S1,experiment,,,,no,
3/17/26,2,25.074,3/17/26 12:30,12:44,8.1,-62.8,35.22,53.29,6.86,,6SP,S1,experiment,,,,no,
3/17/26,3,25.066,3/17/26 12:30,12:46,8.1,-62.6,35.24,53.3,6.79,,MONOB,S2,experiment,,,,no,
3/17/26,4,25.035,3/17/26 12:30,12:49,8.1,-62.3,35.2,53.27,6.76,,FAKEA,S2,experiment,,,,no,
3/17/26,5,24.998,3/17/26 12:30,12:51,8.1,-62.3,35.19,53.25,6.79,,3SP,S2,experiment,,,,no,
3/17/26,6,24.969,3/17/26 12:30,12:53,8.09,-62.2,35.22,53.3,6.76,,MONOA,S2,experiment,,,,no,
3/17/26,7,25.002,3/17/26 12:30,12:55,8.09,-62,35.19,53.25,6.72,,FAKEA,S1,experiment,,,,no,
3/17/26,8,25.073,3/17/26 12:30,12:56,8.09,-61.9,35.2,53.27,6.72,,FAKEB,S1,experiment,,,,no,
3/17/26,9,25.183,3/17/26 12:30,12:59,8.1,-62.6,35.16,53.19,6.82,,3SP,S4,experiment,,,,no,
3/17/26,10,25.196,3/17/26 12:30,13:01,8.1,-62.8,35.12,53.14,6.83,,MONOB,S4,experiment,,,,no,
3/17/26,11,25.133,3/17/26 12:30,13:03,8.09,-62.1,35.14,53.17,6.73,,FAKEB,S3,experiment,,,,no,
3/17/26,12,25.121,3/17/26 12:30,13:06,8.09,-62.2,35.1,53.12,6.72,,FAKEA,S3,experiment,,,,no,
3/17/26,13,25.013,3/17/26 12:30,13:08,8.1,-62.4,35.08,53.1,6.79,,6SP,S3,experiment,,,,no,
3/17/26,14,25.093,3/17/26 12:30,13:10,8.11,-63,35.1,53.12,6.82,,MONOB,S3,experiment,,,,no,
3/17/26,15,25.036,3/17/26 12:30,13:12,8.09,-62.3,35.06,53.07,6.74,,FAKEB,S4,experiment,,,,no,
3/17/26,16,25.185,3/17/26 12:30,13:14,8.09,-61.8,35.3,53.38,7.12,,6SP,S4,experiment,,,,yes,pump was off
3/17/26,17,25.09,3/17/26 12:30,13:17,8.09,-62.2,35.08,53.09,6.79,,FAKEB,S5,experiment,,,,no,
3/17/26,18,25.045,3/17/26 12:30,13:19,8.11,-63,35.02,53.03,6.84,,MONOA,S5,experiment,,,,no,
3/17/26,19,25.02,3/17/26 12:30,12:41,8.09,-62.2,35.24,53.31,6.75,,3SP,S6,experiment,,,,no,
3/17/26,20,25.126,3/17/26 12:30,13:21,8.1,-62.8,35.04,53.03,6.83,,MONOA,S6,experiment,,,,no,
3/17/26,21,25.013,3/17/26 12:30,13:23,8.1,-62.7,35,52.99,6.83,,MONOB,S6,experiment,,,,no,
3/17/26,22,24.985,3/17/26 12:30,13:25,8.1,-62.5,35.01,53,6.75,,FAKEA,S6,experiment,,,,yes,coral dying
3/17/26,23,25.007,3/17/26 12:30,13:27,8.11,-63.1,35.01,53,6.87,,3SP,S5,experiment,,,,no,
3/17/26,24,24.987,3/17/26 12:30,13:29,8.11,-63.2,35.06,53.08,6.82,,6SP,S5,experiment,,,,no,
3/18/26,1,26.934,3/18/26 12:00,12:06,8.14,-65.3,36.09,54.33,7.12,,MONOA,S1,experiment,,,,no,
3/18/26,2,26.854,3/18/26 12:00,12:09,8.14,-65,36.07,54.32,7.09,,6SP,S1,experiment,,,,no,
3/18/26,3,26.783,3/18/26 12:00,12:10,8.14,-64.9,36.08,54.32,6.98,,MONOB,S2,experiment,,,,no,
3/18/26,4,26.883,3/18/26 12:00,12:11,8.13,-64.3,36.07,54.32,6.92,,FAKEA,S2,experiment,,,,no,
3/18/26,5,27.003,3/18/26 12:00,12:13,8.12,-63.9,36.07,54.3,6.89,,3SP,S2,experiment,,,,no,
3/18/26,6,26.853,3/18/26 12:00,12:15,8.12,-63.8,36.06,54.3,6.88,,MONOA,S2,experiment,,,,no,
3/18/26,7,26.834,3/18/26 12:00,12:16,8.12,-63.7,36.07,54.31,6.8,,FAKEA,S1,experiment,,,,no,
3/18/26,8,26.872,3/18/26 12:00,12:17,8.11,-63.6,36.1,54.35,6.78,,FAKEB,S1,experiment,,,,no,
3/18/26,9,27.068,3/18/26 12:00,12:19,8.14,-65,36.08,54.31,7.07,,3SP,S4,experiment,,,,no,
3/18/26,10,27.338,3/18/26 12:00,12:21,8.13,-64.8,36.08,54.3,6.94,,MONOB,S4,experiment,,,,no,
3/18/26,11,27.32,3/18/26 12:00,12:22,8.11,-63.5,36.07,54.29,6.76,,FAKEB,S3,experiment,,,,no,
3/18/26,12,27.61,3/18/26 12:00,12:24,8.11,-63.6,36.08,54.28,6.69,,FAKEA,S3,experiment,,,,no,
3/18/26,13,27.501,3/18/26 12:00,12:26,8.13,-64.9,36.06,54.26,6.95,,6SP,S3,experiment,,,,no,
3/18/26,14,27.409,3/18/26 12:00,12:27,8.13,-65,36.06,54.27,6.79,,MONOB,S3,experiment,,,,no,
3/18/26,15,27.143,3/18/26 12:00,12:29,8.12,-64.3,36.06,54.28,6.78,,FAKEB,S4,experiment,,,,no,
3/18/26,16,27.043,3/18/26 12:00,12:30,8.13,-64.4,36.07,54.3,6.88,,6SP,S4,experiment,,,,no,
3/18/26,17,27.122,3/18/26 12:00,12:32,8.13,-64.7,36.1,54.34,6.84,,FAKEB,S5,experiment,,,,no,
3/18/26,18,27.341,3/18/26 12:00,12:34,8.15,-65.9,36.11,54.34,7.01,,MONOA,S5,experiment,,,,no,
3/18/26,19,27.247,3/18/26 12:00,12:35,8.13,-64.7,36.09,54.32,6.9,,3SP,S6,experiment,,,,no,
3/18/26,20,27.38,3/18/26 12:00,12:36,8.14,-65.4,36.09,54.31,7.02,,MONOA,S6,experiment,,,,no,
3/18/26,21,27.236,3/18/26 12:00,12:38,8.14,-65.2,36.09,54.31,6.92,,MONOB,S6,experiment,,,,no,
3/18/26,22,27.186,3/18/26 12:00,12:39,8.14,-65.5,36.08,54.3,7.04,,FAKEA,S6,experiment,,,,no,
3/18/26,23,27.424,3/18/26 12:00,12:42,8.18,-67.5,36.08,54.29,7.22,,3SP,S5,experiment,,,,no,
3/18/26,24,27.232,3/18/26 12:00,12:43,8.16,-66.6,36.08,54.31,7.01,,6SP,S5,experiment,,,,no,
3/18/26,1,24.495,3/18/26 21:00,20:01,8.08,-60.8,36.23,54.68,6.61,,MONOA,S1,experiment,,,,no,
3/18/26,2,24.54,3/18/26 21:00,20:02,8.09,-62,36.21,54.66,6.57,,6SP,S1,experiment,,,,no,
3/18/26,3,24.452,3/18/26 21:00,20:03,8.1,-62.1,36.2,54.65,6.6,,MONOB,S2,experiment,,,,no,
3/18/26,4,24.444,3/18/26 21:00,20:05,8.1,-62.1,36.21,54.66,6.59,,FAKEA,S2,experiment,,,,no,
3/18/26,5,24.568,3/18/26 21:00,20:07,8.09,-61.9,36.2,54.64,6.58,,3SP,S2,experiment,,,,no,
3/18/26,6,24.582,3/18/26 21:00,20:08,8.1,-62.2,36.2,54.64,6.56,,MONOA,S2,experiment,,,,no,
3/18/26,7,24.567,3/18/26 21:00,20:09,8.11,-62.6,36.2,54.63,6.59,,FAKEA,S1,experiment,,,,no,
3/18/26,8,24.493,3/18/26 21:00,20:10,8.1,-62,36.22,54.67,6.59,,FAKEB,S1,experiment,,,,no,
3/18/26,9,24.506,3/18/26 21:00,20:12,8.09,-61.9,36.2,54.64,6.55,,3SP,S4,experiment,,,,no,
3/18/26,10,24.51,3/18/26 21:00,20:13,8.08,-61.4,36.19,54.64,6.54,,MONOB,S4,experiment,,,,no,
3/18/26,11,24.541,3/18/26 21:00,20:14,8.09,-62,36.18,54.62,6.59,,FAKEB,S3,experiment,,,,no,
3/18/26,12,24.612,3/18/26 21:00,20:15,8.1,-62.2,36.19,54.63,6.6,,FAKEA,S3,experiment,,,,no,
3/18/26,13,24.578,3/18/26 21:00,20:16,8.08,-61.3,36.19,54.62,6.54,,6SP,S3,experiment,,,,no,
3/18/26,14,24.579,3/18/26 21:00,20:17,8.09,-61.9,36.19,54.63,6.58,,MONOB,S3,experiment,,,,no,
3/18/26,15,24.587,3/18/26 21:00,20:19,8.1,-62.4,36.19,54.63,6.61,,FAKEB,S4,experiment,,,,no,
3/18/26,16,24.563,3/18/26 21:00,20:31,8.09,-61.7,36.2,54.65,6.5,,6SP,S4,experiment,,,,no,
3/18/26,17,24.437,3/18/26 21:00,20:21,8.1,-62,36.2,54.65,6.59,,FAKEB,S5,experiment,,,,no,
3/18/26,18,24.438,3/18/26 21:00,20:22,8.09,-61.6,36.2,54.65,6.57,,MONOA,S5,experiment,,,,no,
3/18/26,19,24.448,3/18/26 21:00,20:23,8.09,-61.7,36.19,54.64,6.59,,3SP,S6,experiment,,,,no,
3/18/26,20,24.517,3/18/26 21:00,20:24,8.09,-61.7,36.2,54.64,6.51,,MONOA,S6,experiment,,,,no,
3/18/26,21,24.477,3/18/26 21:00,20:26,8.08,-61.2,36.2,54.65,6.55,,MONOB,S6,experiment,,,,no,
3/18/26,22,24.444,3/18/26 21:00,20:27,8.09,-61.7,36.19,54.64,6.56,,FAKEA,S6,experiment,,,,yes,
3/18/26,23,24.457,3/18/26 21:00,20:28,8.09,-61.5,36.19,54.63,6.55,,3SP,S5,experiment,,,,no,
3/18/26,24,24.463,3/18/26 21:00,20:29,8.09,-61.9,36.19,54.64,6.57,,6SP,S5,experiment,,,,no,
3/19/26,1,25.094,3/19/26 12:00,12:00,8.15,-64.4,36,54.33,7.12,,MONOA,S1,experiment,,,,no,
3/19/26,2,24.962,3/19/26 12:00,12:03,8.13,-63.5,35.88,54.19,7.08,,6SP,S1,experiment,,,,no,
3/19/26,3,24.959,3/19/26 12:00,12:04,8.15,-64.3,36.03,54.38,7.13,,MONOB,S2,experiment,,,,no,
3/19/26,4,25.143,3/19/26 12:00,12:06,8.14,-64.1,36.03,54.37,7.1,,FAKEA,S2,experiment,,,,no,
3/19/26,5,25.187,3/19/26 12:00,12:08,8.12,-62.7,35.95,54.36,6.96,,3SP,S2,experiment,,,,no,
3/19/26,6,25.081,3/19/26 12:00,12:10,8.14,-63.6,35.87,54.16,7.02,,MONOA,S2,experiment,,,,no,
3/19/26,7,25.055,3/19/26 12:00,12:12,8.13,-63.5,35.96,54.29,6.98,,FAKEA,S1,experiment,,,,no,
3/19/26,8,25.022,3/19/26 12:00,12:14,8.13,-63.2,36,54.33,6.96,,FAKEB,S1,experiment,,,,no,
3/19/26,9,25,3/19/26 12:00,12:16,8.15,-64.1,36.01,54.34,7.16,,3SP,S4,experiment,,,,no,
3/19/26,10,25.134,3/19/26 12:00,12:19,8.14,-63.7,36.01,5434,7,,MONOB,S4,experiment,,,,no,
3/19/26,11,25.242,3/19/26 12:00,12:23,8.13,-63.3,35.97,54.29,6.93,,FAKEB,S3,experiment,,,,no,
3/19/26,12,25.324,3/19/26 12:00,12:26,8.13,-63.2,35.9,54.19,6.88,,FAKEA,S3,experiment,,,,no,
3/19/26,13,25.427,3/19/26 12:00,12:28,8.13,-63.2,36,54.31,6.97,,6SP,S3,experiment,,,,no,
3/19/26,14,25.254,3/19/26 12:00,12:29,8.14,-63.7,35.93,54.23,6.99,,MONOB,S3,experiment,,,,no,
3/19/26,15,25.195,3/19/26 12:00,12:35,8.14,-63.6,35.98,54.16,6.94,,FAKEB,S4,experiment,,,,no,
3/19/26,16,25.008,3/19/26 12:00,12:37,8.13,-63.2,35.98,54.31,7,,6SP,S4,experiment,,,,no,
3/19/26,17,25.064,3/19/26 12:00,12:46,8.14,-63.9,36.02,54.36,7.03,,FAKEB,S5,experiment,,,,no,
3/19/26,18,25.228,3/19/26 12:00,13:02,8.18,-66,35.57,53.76,6.9,,MONOA,S5,experiment,,,,no,
3/19/26,19,25.2,3/19/26 12:00,13:04,8.14,-64.2,35.56,53.74,7.01,,3SP,S6,experiment,,,,no,
3/19/26,20,25.315,3/19/26 12:00,13:16,8.15,-64.4,35.6,53.76,7.27,,MONOA,S6,experiment,,,,no,
3/19/26,21,25.394,3/19/26 12:00,13:21,8.15,-64.4,35.63,53.82,7.05,,MONOB,S6,experiment,,,,no,
3/19/26,22,25.329,3/19/26 12:00,13:23,8.17,-65.7,35.66,53.8,7.12,,FAKEA,S6,experiment,,,,yes,
3/19/26,23,25.416,3/19/26 12:00,13:25,8.18,-66.4,35.66,53.85,7.22,,3SP,S5,experiment,,,,no,
3/19/26,24,25.191,3/19/26 12:00,13:27,8.17,-65.4,35.68,53.89,7.1,,6SP,S5,experiment,,,,no,
3/20/26,1,24.971,3/20/26 12:00,12:24,8.17,-63.2,32.42,49.51,7.29,,MONOA,S1,experiment,,,,no,
3/20/26,2,24.941,3/20/26 12:00,12:26,8.18,-63.6,31.49,48.22,7.22,,6SP,S1,experiment,,,,no,
3/20/26,3,24.93,3/20/26 12:00,12:27,8.19,-64.1,31.93,48.84,7.29,,MONOB,S2,experiment,,,,no,
3/20/26,4,24.997,3/20/26 12:00,12:29,8.2,-64.6,31.56,48.31,7.28,,FAKEA,S2,experiment,,,,no,
3/20/26,5,25.083,3/20/26 12:00,12:31,8.18,-63.7,31.71,48.53,7.28,,3SP,S2,experiment,,,,no,
3/20/26,6,25.001,3/20/26 12:00,12:32,8.19,-64.3,31,4856,7.29,,MONOA,S2,experiment,,,,no,
3/20/26,7,25.035,3/20/26 12:00,12:34,8.18,-63.8,31.62,48.4,7.18,,FAKEA,S1,experiment,,,,no,
3/20/26,8,25.079,3/20/26 12:00,12:36,8.17,-63.2,32.24,49.24,7.1,,FAKEB,S1,experiment,,,,no,
3/20/26,9,25.06,3/20/26 12:00,12:38,8.18,-63.8,32.19,49.19,7.26,,3SP,S4,experiment,,,,no,
3/20/26,10,25.108,3/20/26 12:00,12:39,8.18,-63.6,32.45,49.52,7.17,,MONOB,S4,experiment,,,,no,
3/20/26,11,25.171,3/20/26 12:00,12:40,8.19,-64.2,31.73,48.54,7.21,,FAKEB,S3,experiment,,,,no,
3/20/26,12,25.197,3/20/26 12:00,12:42,8.19,-64.5,31.68,48.48,7.19,,FAKEA,S3,experiment,,,,no,
3/20/26,13,25.249,3/20/26 12:00,12:43,8.2,-64.8,31,47.54,7.16,,6SP,S3,experiment,,,,no,
3/20/26,14,25.129,3/20/26 12:00,12:45,8.2,-64.6,32.17,49.15,7.31,,MONOB,S3,experiment,,,,no,
3/20/26,15,25.065,3/20/26 12:00,12:46,8.19,-63.6,31.28,47.93,7.23,,FAKEB,S4,experiment,,,,no,
3/20/26,16,24.998,3/20/26 12:00,12:47,8.18,-64.7,32.38,49.43,7.18,,6SP,S4,experiment,,,,no,
3/20/26,17,25.037,3/20/26 12:00,12:49,8.2,-64.4,31.94,48.84,7.24,,FAKEB,S5,experiment,,,,no,
3/20/26,18,25.038,3/20/26 12:00,12:50,8.19,-64.2,32.15,49.12,7.2,,MONOA,S5,experiment,,,,no,
3/20/26,19,25.002,3/20/26 12:00,12:52,8.19,-64.5,31.06,47.64,7.12,,3SP,S6,experiment,,,,no,
3/20/26,20,25.065,3/20/26 12:00,12:53,8.19,-64.5,31.57,48.34,7.32,,MONOA,S6,experiment,,,,no,
3/20/26,21,25.181,3/20/26 12:00,12:54,8.21,-65.4,31.46,48.17,7.4,,MONOB,S6,experiment,,,,no,
3/20/26,22,25.077,3/20/26 12:00,12:56,8.23,-66.5,31.18,47.8,7.36,,FAKEA,S6,experiment,,,,yes,
3/20/26,23,25.142,3/20/26 12:00,12:57,8.21,-65.3,31.69,48.47,7.23,,3SP,S5,experiment,,,,no,
3/20/26,24,25.13,3/20/26 12:00,12:59,8.21,-65.4,30.66,47.09,7.28,,6SP,S5,experiment,,,,no,
3/21/26,1,25.933,3/21/26 12:00,12:11,8.19,-63.8,36.97,,7.45,,MONOA,S1,experiment,,,,no,
3/21/26,2,25.914,3/21/26 12:00,12:13,8.17,-62.9,36.8,,7.31,,6SP,S1,experiment,,,,no,
3/21/26,3,25.903,3/21/26 12:00,12:15,8.18,-63.2,36.99,,7.26,,MONOB,S2,experiment,,,,no,
3/21/26,4,26.025,3/21/26 12:00,12:16,8.19,-63.8,36.95,,7.07,,FAKEA,S2,experiment,,,,no,
3/21/26,5,25.943,3/21/26 12:00,12:18,8.18,-63.3,36.82,,7.24,,3SP,S2,experiment,,,,no,
3/21/26,6,26.011,3/21/26 12:00,12:19,8.18,-63.4,36.94,,7.37,,MONOA,S2,experiment,,,,no,
3/21/26,7,25.876,3/21/26 12:00,12:20,8.17,-62.8,36.66,,7.12,,FAKEA,S1,experiment,,,,no,
3/21/26,8,26.125,3/21/26 12:00,12:21,8.16,-62.5,36.66,,7.01,,FAKEB,S1,experiment,,,,no,
3/21/26,9,26.312,3/21/26 12:00,12:23,8.17,-63,36.87,,7.38,,3SP,S4,experiment,,,,no,
3/21/26,10,26.332,3/21/26 12:00,12:24,8.16,-62.1,37,,7.39,,MONOB,S4,experiment,,,,no,
3/21/26,11,26.532,3/21/26 12:00,12:25,8.15,-62,36.62,,7.14,,FAKEB,S3,experiment,,,,no,
3/21/26,12,26.624,3/21/26 12:00,12:27,8.16,-62.3,36.71,,7.02,,FAKEA,S3,experiment,,,,no,
3/21/26,13,26.491,3/21/26 12:00,12:28,8.17,-62.7,36.7,,7.3,,6SP,S3,experiment,,,,no,
3/21/26,14,26.572,3/21/26 12:00,12:29,8.17,-63.2,36.75,,7.33,,MONOB,S3,experiment,,,,no,
3/21/26,15,26.31,3/21/26 12:00,12:32,8.15,-61.8,36.98,,7.28,,FAKEB,S4,experiment,,,,no,
3/21/26,16,26.345,3/21/26 12:00,12:33,8.15,-61.7,37.01,,7.42,,6SP,S4,experiment,,,,no,
3/21/26,17,26.463,3/21/26 12:00,12:35,8.17,-63,36.99,,7.41,,FAKEB,S5,experiment,,,,no,
3/21/26,18,26.567,3/21/26 12:00,12:36,8.18,-63.5,36.97,,7.39,,MONOA,S5,experiment,,,,no,
3/21/26,19,26.577,3/21/26 12:00,12:38,8.18,-63.6,36.86,,7.24,,3SP,S6,experiment,,,,no,
3/21/26,20,26.735,3/21/26 12:00,12:39,8.18,-63.3,36.71,,7.4,,MONOA,S6,experiment,,,,no,
3/21/26,21,26.663,3/21/26 12:00,12:41,8.19,-64.3,36.95,,7.73,,MONOB,S6,experiment,,,,no,
3/21/26,22,26.831,3/21/26 12:00,12:42,8.21,-65.1,36.98,,7.55,,FAKEA,S6,experiment,,,,yes,
3/21/26,23,26.913,3/21/26 12:00,12:44,8.2,-64.6,36.92,,7.44,,3SP,S5,experiment,,,,no,
3/21/26,24,26.845,3/21/26 12:00,12:45,8.16,-62.6,36.92,,7.21,,6SP,S5,experiment,,,,no,
3/22/26,1,25.848,3/22/26 12:00,12:49,8.19,-65.3,37.62,,7.57,,MONOA,S1,experiment,,,,no,
3/22/26,2,25.852,3/22/26 12:00,12:52,8.16,-63.5,37.55,,7.36,,6SP,S1,experiment,,,,no,
3/22/26,3,25.765,3/22/26 12:00,12:54,8.19,-65.5,37.54,,7.4,,MONOB,S2,experiment,,,,no,
3/22/26,4,25.787,3/22/26 12:00,12:56,8.19,-65.4,37.55,,7.39,,FAKEA,S2,experiment,,,,no,
3/22/26,5,25.863,3/22/26 12:00,12:58,8.18,-65,37.54,,7.34,,3SP,S2,experiment,,,,no,
3/22/26,6,26.192,3/22/26 12:00,13:01,8.18,-65.1,37.55,,7.72,,MONOA,S2,experiment,,,,no,
3/22/26,7,26.015,3/22/26 12:00,13:02,8.16,-63.5,37.53,,7.17,,FAKEA,S1,experiment,,,,no,
3/22/26,8,26.166,3/22/26 12:00,13:04,8.14,-62.6,37.55,,7.06,,FAKEB,S1,experiment,,,,no,
3/22/26,9,26.045,3/22/26 12:00,13:05,8.19,-65.2,37.5,,7.49,,3SP,S4,experiment,,,,no,
3/22/26,10,25.982,3/22/26 12:00,13:06,8.18,-64.8,37.56,,7.49,,MONOB,S4,experiment,,,,no,
3/22/26,11,26.093,3/22/26 12:00,13:08,8.17,-64.4,37.53,,7.21,,FAKEB,S3,experiment,,,,no,
3/22/26,12,26.001,3/22/26 12:00,13:09,8.16,-63.9,37.52,,7.04,,FAKEA,S3,experiment,,,,no,
3/22/26,13,26.05,3/22/26 12:00,13:10,8.18,-64.8,37.54,,7.29,,6SP,S3,experiment,,,,no,
3/22/26,14,25.931,3/22/26 12:00,13:12,8.17,-64.5,37.59,,7.25,,MONOB,S3,experiment,,,,no,
3/22/26,15,25.835,3/22/26 12:00,13:15,8.19,-65.3,37.53,,7.31,,FAKEB,S4,experiment,,,,no,
3/22/26,16,25.776,3/22/26 12:00,13:16,8.18,-64.6,37.51,,7.46,,6SP,S4,experiment,,,,no,
3/22/26,17,25.738,3/22/26 12:00,13:25,8.21,-66.4,37.19,,7.33,,FAKEB,S5,experiment,,,,no,
3/22/26,18,25.672,3/22/26 12:00,13:27,8.19,-65.5,37.25,,7.18,,MONOA,S5,experiment,,,,no,
3/22/26,19,25.691,3/22/26 12:00,13:28,8.19,-65.1,37.19,,7.09,,3SP,S6,experiment,,,,no,
3/22/26,20,25.815,3/22/26 12:00,13:29,8.16,-63.9,37.16,,7.17,,MONOA,S6,experiment,,,,no,
3/22/26,21,25.801,3/22/26 12:00,13:31,8.2,-65.8,37.09,,7.51,,MONOB,S6,experiment,,,,no,
3/22/26,22,25.602,3/22/26 12:00,13:32,8.2,-66,36.99,,7.19,,FAKEA,S6,experiment,,,,yes,
3/22/26,23,25.768,3/22/26 12:00,13:33,8.19,-65.5,36.99,,7.1,,3SP,S5,experiment,,,,no,
3/22/26,24,25.726,3/22/26 12:00,13:35,8.18,-64.5,36.99,,7.05,,6SP,S5,experiment,,,,no,
3/23/26,1,24.152,3/23/26 12:00,12:00,8.16,,,,7.25,,MONOA,S1,experiment,,,,no,
3/23/26,2,24.121,3/23/26 12:00,12:02,8.17,,,,7.35,,6SP,S1,experiment,,,,no,
3/23/26,3,23.959,3/23/26 12:00,12:04,8.19,,,,7.22,,MONOB,S2,experiment,,,,no,
3/23/26,4,23.785,3/23/26 12:00,12:08,8.23,,,,7.21,,FAKEA,S2,experiment,,,,no,
3/23/26,5,23.874,3/23/26 12:00,12:08,8.21,,,,7.27,,3SP,S2,experiment,,,,no,
3/23/26,6,24.219,3/23/26 12:00,12:10,8.2,,,,7.29,,MONOA,S2,experiment,,,,no,
3/23/26,7,24.248,3/23/26 12:00,12:13,8.2,,,,7.18,,FAKEA,S1,experiment,,,,no,
3/23/26,8,24.403,3/23/26 12:00,12:15,8.2,,,,7.12,,FAKEB,S1,experiment,,,,no,
3/23/26,9,24.311,3/23/26 12:00,12:31,8.16,,,,7.2,,3SP,S4,experiment,,,,no,
3/23/26,10,24.412,3/23/26 12:00,12:33,8.16,,,,7.19,,MONOB,S4,experiment,,,,no,
3/23/26,11,24.868,3/23/26 12:00,12:37,8.12,,,,7.57,,FAKEB,S3,experiment,,,,no,
3/23/26,12,24.14,3/23/26 12:00,12:38,8.16,,,,7.22,,FAKEA,S3,experiment,,,,no,
3/23/26,13,24.441,3/23/26 12:00,12:41,8.12,,,,7.8,,6SP,S3,experiment,,,,no,
3/23/26,14,24.418,3/23/26 12:00,12:43,8.17,,,,7.2,,MONOB,S3,experiment,,,,no,
3/23/26,15,24.343,3/23/26 12:00,12:44,8.17,,,,7.35,,FAKEB,S4,experiment,,,,no,
3/23/26,16,24.413,3/23/26 12:00,12:47,8.15,,,,7.23,,6SP,S4,experiment,,,,no,
3/23/26,17,24.008,3/23/26 12:00,12:49,8.19,,,,7.55,,FAKEB,S5,experiment,,,,no,
3/23/26,18,23.863,3/23/26 12:00,12:50,8.17,,,,7.44,,MONOA,S5,experiment,,,,no,
3/23/26,19,23.786,3/23/26 12:00,12:52,8.18,,,,7.45,,3SP,S6,experiment,,,,no,
3/23/26,20,23.906,3/23/26 12:00,12:54,8.16,,,,7.5,,MONOA,S6,experiment,,,,no,
3/23/26,21,23.855,3/23/26 12:00,12:59,8.18,,,,7.46,,MONOB,S6,experiment,,,,no,
3/23/26,22,23.983,3/23/26 12:00,12:57,8.19,,,,7.5,,FAKEA,S6,experiment,,,,yes,
3/23/26,23,23.979,3/23/26 12:00,13:02,8.18,,,,7.35,,3SP,S5,experiment,,,,no,
3/23/26,24,24.107,3/23/26 12:00,13:03,8.17,,,,7.39,,6SP,S5,experiment,,,,no,
3/23/26,1,23.002,3/23/26 21:00,20:02,8.12,,,,6.94,,MONOA,S1,experiment,,,,no,
3/23/26,2,23.017,3/23/26 21:00,20:03,8.12,,,,6.92,,6SP,S1,experiment,,,,no,
3/23/26,3,23.081,3/23/26 21:00,20:04,8.12,,,,6.94,,MONOB,S2,experiment,,,,no,
3/23/26,4,22.904,3/23/26 21:00,20:05,8.15,,,,7,,FAKEA,S2,experiment,,,,no,
3/23/26,5,22.935,3/23/26 21:00,20:07,8.12,,,,6.96,,3SP,S2,experiment,,,,no,
3/23/26,6,23.244,3/23/26 21:00,20:08,8.11,,,,6.91,,MONOA,S2,experiment,,,,no,
3/23/26,7,23.205,3/23/26 21:00,20:09,8.13,,,,6.94,,FAKEA,S1,experiment,,,,no,
3/23/26,8,23.292,3/23/26 21:00,20:10,8.11,,,,6.93,,FAKEB,S1,experiment,,,,no,
3/23/26,9,23.404,3/23/26 21:00,20:11,8.11,,,,6.88,,3SP,S4,experiment,,,,no,
3/23/26,10,23.425,3/23/26 21:00,20:13,8.11,,,,6.91,,MONOB,S4,experiment,,,,no,
3/23/26,11,23.483,3/23/26 21:00,20:14,8.17,,,,6.96,,FAKEB,S3,experiment,,,,no,
3/23/26,12,23.238,3/23/26 21:00,20:16,8.12,,,,6.96,,FAKEA,S3,experiment,,,,no,
3/23/26,13,23.238,3/23/26 21:00,20:17,8.12,,,,6.92,,6SP,S3,experiment,,,,no,
3/23/26,14,23.484,3/23/26 21:00,20:18,8.12,,,,6.89,,MONOB,S3,experiment,,,,no,
3/23/26,15,23.346,3/23/26 21:00,20:20,8.13,,,,6.96,,FAKEB,S4,experiment,,,,no,
3/23/26,16,23.854,3/23/26 21:00,20:49,8.03,,,,6.67,,6SP,S4,experiment,,,,yes,
3/23/26,17,22.988,3/23/26 21:00,20:22,8.12,,,,6.97,,FAKEB,S5,experiment,,,,no,
3/23/26,18,23.092,3/23/26 21:00,20:23,8.1,,,,6.89,,MONOA,S5,experiment,,,,no,
3/23/26,19,22.925,3/23/26 21:00,20:25,8.11,,,,6.92,,3SP,S6,experiment,,,,no,
3/23/26,20,23.023,3/23/26 21:00,20:26,8.09,,,,6.8,,MONOA,S6,experiment,,,,no,
3/23/26,21,22.955,3/23/26 21:00,20:28,8.09,,,,6.89,,MONOB,S6,experiment,,,,no,
3/23/26,22,22.954,3/23/26 21:00,20:30,8.11,,,,6.88,,FAKEA,S6,experiment,,,,yes,
3/23/26,23,22.961,3/23/26 21:00,20:31,8.09,,,,6.9,,3SP,S5,experiment,,,,no,
3/23/26,24,23.125,3/23/26 21:00,20:32,8.1,,,,6.89,,6SP,S5,experiment,,,,no,
3/24/26,1,25.132,3/24/26 12:00,12:01,8.29,,,,8.34,,MONOA,S1,experiment,,,,no,
3/24/26,2,25.036,3/24/26 12:00,12:03,8.31,,,,8.15,,6SP,S1,experiment,,,,no,
3/24/26,3,25.085,3/24/26 12:00,12:05,8.29,,,,7.96,,MONOB,S2,experiment,,,,no,
3/24/26,4,25.191,3/24/26 12:00,12:07,8.33,,,,8.17,,FAKEA,S2,experiment,,,,no,
3/24/26,5,25.184,3/24/26 12:00,12:09,8.3,,,,8.06,,3SP,S2,experiment,,,,no,
3/24/26,6,25.6,3/24/26 12:00,12:11,8.3,,,,8.38,,MONOA,S2,experiment,,,,no,
3/24/26,7,25.486,3/24/26 12:00,12:13,8.33,,,,8.22,,FAKEA,S1,experiment,,,,no,
3/24/26,8,25.778,3/24/26 12:00,12:15,8.33,,,,8.27,,FAKEB,S1,experiment,,,,no,
3/24/26,9,26.106,3/24/26 12:00,12:17,8.33,,,,8.27,,3SP,S4,experiment,,,,no,
3/24/26,10,26.465,3/24/26 12:00,12:19,8.35,,,,8.13,,MONOB,S4,experiment,,,,no,
3/24/26,11,26.658,3/24/26 12:00,12:20,8.29,,,,8.13,,FAKEB,S3,experiment,,,,no,
3/24/26,12,25.988,3/24/26 12:00,12:21,8.33,,,,8.3,,FAKEA,S3,experiment,,,,no,
3/24/26,13,26.1,3/24/26 12:00,12:22,8.3,,,,8.25,,6SP,S3,experiment,,,,no,
3/24/26,14,26.519,3/24/26 12:00,12:24,8.28,,,,8.14,,MONOB,S3,experiment,,,,no,
3/24/26,15,26.256,3/24/26 12:00,12:25,8.32,,,,8.17,,FAKEB,S4,experiment,,,,no,
3/24/26,16,26.19,3/24/26 12:00,12:27,8.25,,,,7.85,,6SP,S4,experiment,,,,no,
3/24/26,17,25.686,3/24/26 12:00,12:29,8.31,,,,8.25,,FAKEB,S5,experiment,,,,no,
3/24/26,18,25.777,3/24/26 12:00,12:31,8.33,,,,8.45,,MONOA,S5,experiment,,,,no,
3/24/26,19,25.668,3/24/26 12:00,12:32,8.32,,,,8.63,,3SP,S6,experiment,,,,no,
3/24/26,20,25.893,3/24/26 12:00,12:33,8.34,,,,9.45,,MONOA,S6,experiment,,,,no,
3/24/26,21,25.721,3/24/26 12:00,12:35,8.34,,,,8.56,,MONOB,S6,experiment,,,,no,
3/24/26,22,26.083,3/24/26 12:00,12:37,8.34,,,,8.64,,FAKEA,S6,experiment,,,,yes,
3/24/26,23,26.29,3/24/26 12:00,12:39,8.34,,,,8.24,,3SP,S5,experiment,,,,no,
3/24/26,24,26.587,3/24/26 12:00,12:41,8.33,,,,8.42,,6SP,S5,experiment,,,,no,