Biofac bulk physiology processing,,,,,,,,
Analyses:,,,,,,,,
"Chlorophyll a, symbiont density, tissue biomass, host protein",,,,,,,,
Samples for physio:,,,,,,,,
T0,96,,,,,,,
T1,192,,,,,,,
Total,~300,,,,,,,
,,,,,,,,
Item,Activity,Quantity needed,Quantity available in lab,Cost,Quantity,Link for ordering,Need to order?,Notes
0.2um filters,making filtered sea water,5,60,$267 ,100,https://www.fishersci.com/shop/products/isopore-membrane-filters-0-2-m/GTTP04700,n,
small ziploc bags,airbrushing,300,0,$4.58 ,100,https://www.walmart.com/ip/Ziploc-Brand-Sandwich-Bags-with-Grip-n-Seal-Technology-100-Count/213417694?classType=VARIANT&athbdg=L1200 ,y,
50mL tubes,homogenizing,300,2000,$183.95 ,500,https://www.fishersci.com/shop/products/falcon-50ml-conical-centrifuge-tubes-2/1495949A?searchHijack=true&searchTerm=falcon-50ml-conical-centrifuge-tubes-2&searchType=Rapid&matchedCatNo=1495949A ,n,
1000uL pipette tips,"tissue biomass, protein, chlorophyll a, symbiont density",1500,9600,$174.80 ,9600,https://www.usascientific.com/tipone-refills/p/tipone-refills ,n,
small aluminum trays,tissue biomass,900,"lots of big but haley using, no small",$35.90 ,100,https://www.fishersci.com/shop/products/aluminum-weighing-boats-26/01549009#?keyword= ,y,"triplicate samples, small 5mL capacity pans"
aluminum foil,tissue biomass,25 feet,300 sq ft,$10.48 ,100 sq ft,https://www.walmart.com/ip/Great-Value-Heavy-Duty-Aluminum-Foil-100-Sq-ft/819747197?classType=VARIANT&athbdg=L1102 ,n,
1.5mL tubes,"chlorophyll a, symbiont density, protein",900,4000,$23.20 ,500,https://www.geneseesci.com/product/olympus-premium-1-7ml-snap-cap-microcentrifuge-tubes/?sku=24-280 ,n,"300 for each analysis, lots of different options at this link for different quantities"
100% acetone,chlorophyll a,900 mL,300 mL,$31.65 ,1L,https://www.thermofisher.com/order/catalog/product/L10407.AU ,"y, could order larger size too since Haley will need",triplicate samples
quartz 96 well plate,chlorophyll a,1,ours is breaking because it's glued (see chris wall email),"$1,100 ",1,https://micqstore.com/products/general-standard-quartz-uv-96-well-plates-96-well-microplates-96-multiwell-plates?variant=43654279856289,y,specifically the Integrated Microplate-JGS1
protein kit,protein,900 samples,4000 samples,$362 ,1L,https://www.thermofisher.com/order/catalog/product/A55864 ,n,triplicate samples
plastic flat bottom 96 well plates,protein,15,30,$23.99 ,10,https://www.amazon.com/96-Well-Culture-Plate-Individual/dp/B09RX12BPX/ref=sr_1_2_sspa?crid=3I3Q4CUP66VMF&dib=eyJ2IjoiMSJ9.32SAT_N_5noFeDpqB4YFHJUhNbMeFdYU0rUnh6Nu_io6r8TrFeX71YzjEjXpuegkvs02pjXDzjCbqHEl0LX4A0weEmosKRey_g94buupI78eeE9GULRyG8LSWn2wuT8Bb_u7ijOC86Gd97NcA8eTj6xEijHUg5563XTwgDfxvlIwRvSJUdFNce4fBd0NlFriXrodf40uQAnK7_4tG4GIDDnCNnKtxa1tOKfHH_HHQX4.myZIocvysoScx7dnJXJXH3Gj3d4mU1tNS9BhWrPfMjc&dib_tag=se&keywords=96-well%2Bpolystyrene%2Bplates%2C%2Bflat%2Bbottom%2Bclear%2Bwithout%2Blid&nsdOptOutParam=true&qid=1787176923&sprefix=clear%2Bbottom%2B96%2Bwell%2Bpla%2Caps%2C283&sr=8-2-spons&sp_csd=d2lkZ2V0TmFtZT1zcF9hdGY&th=1,"n, could order 1 pack of 10",
kim wipes,general physio,5 boxes,30 boxes,$33.69 ,9 boxes,https://www.amazon.com/Kimberly-Clark-Professional-QLZSTWUH-KimWipes-Delicate/dp/B07JZF7T1G/ref=sxts_b2b_sx_fused_v3_desktop_ref-tab-0?content-id=amzn1.sym.a949ec2f-983d-439e-ae6a-4028e2c2d8cc%3Aamzn1.sym.a949ec2f-983d-439e-ae6a-4028e2c2d8cc&crid=2X70IHDYCG3ZU&cv_ct_cx=kimwipes&keywords=kimwipes&pd_rd_i=B07JZF7T1G&pd_rd_r=6a77ae2b-1a82-44d6-a696-581ca9728cfc&pd_rd_w=PMvgf&pd_rd_wg=XXj2n&pf_rd_p=a949ec2f-983d-439e-ae6a-4028e2c2d8cc&pf_rd_r=Y5RSJKSR4X7H0BP2N6WG&qid=1751080479&sbo=RZvfv%2F%2FHxDF%2BO5021pAnSA%3D%3D&sprefix=kimwipes%2Caps%2C378&sr=1-7-c3caa9c6-537b-4b39-bbc5-5db9f871bef5&th=1,n,
gallon ziploc bags,sample storage,10,0,$14.34 ,80,https://www.walmart.com/ip/Ziploc-Brand-Freezer-Bags-School-Supplies-with-Grip-n-Seal-Technology-Gallon-40-Count/766832294,y,
1.5mL storage boxes,sample storage,5,2,$31.99 ,18,https://www.amazon.com/Teenyyou-Cardboard-Microtube-Centrifuge-Refrigerator/dp/B0F946T94N/ref=sr_1_3_sspa?crid=159RP06DPD4JQ&dib=eyJ2IjoiMSJ9.ec5gtMkjEG9uhCd5rDkDlfHQIo2NjyeUDXV3MOMUMkfK9oTI1qKb9IsjFZnrSiuVaf2rd8AoFOFET3LAi6w1SDLkznYNqHE_urISUfRHwYUstKJkAAwbsj8-VGposT00pm73frT-riRFHM2KyCVv8xHe-utF8NatJi7v-m3N2L9YmQ8HmEkdwkM3KJv2XMuUfsxBQTMaHJyQXp0yfrs-TqeHByFYV1-uA8QQitofzI-28Y4uAuw17n8QLuIAc3H4JV3ggKKQKpdBfKwVEb7LzIYmX0dMDwbIgOP7R7WgE2Q.T98T6BvyjAiUvhFN4UyTCIinzTtOd8nNdO0yvkoOHCg&dib_tag=se&keywords=1.5%2BmL%2Btube%2Bstorage%2Bboxes&qid=1787177202&sprefix=1.5%2Bml%2Btube%2Bstorage%2Bboxe%2Caps%2C269&sr=8-3-spons&sp_csd=d2lkZ2V0TmFtZT1zcF9hdGY&th=1,y,
field notebooks,general lab,n/a,0,$9.94 ,1,https://www.amazon.com/Rite-Rain-All-Weather-Side-Spiral-973T/dp/B0C5NFKH8Q/ref=sr_1_3?crid=1PBNIZTNVTV0E&dib=eyJ2IjoiMSJ9.F7rvlY0wJFXrEXHK9kRtqp8n-SbqVHUuryYvYG3KGugM0fUZJ_0L4y5M0jtbhV8RzMthxq0T29yzp1Tsu7fz9Ygs2mhh639xWKtCjAJGGmX919fEHbdoyTQff4R9YYo1yvZ9F1MS0Y8HJVEQwG7htNycTeDTH65LW-vJJ6kHDeKwXeHu3UMtZb2TGDtdAdMIX5VQvhvTeq521P-iVQGP66rQN3BH7v2BgPnga_w5CxQ.5i1FLcufn5RAXFszZI1WERVabM_4qDelap7ffVj3p6w&dib_tag=se&keywords=waterproof%2Bnotebooks&qid=1751330907&sprefix=waterproof%2Bn%2Caps%2C1274&sr=8-3&th=1 ,y,
waterproof paper,general lab,n/a,50 sheet,$102.66 ,1,https://www.amazon.com/Rite-Rain-Waterproof-DURARITE-Copier/dp/B004752PHA/ref=sr_1_2_sspa?crid=116CJR4NRV48B&dib=eyJ2IjoiMSJ9.vhbKfDe2Q9RkHvcx6y9H0eG6DI_G9lsoSyZjNMu9zl7ERQcRW3urhvwqe5EZW2lF105YEfAIRw4ny7E8FxsMUxV12oL6e7pZsTOOnlIwnxboW1PqOeDcsL37klKcROJXmrkJZgSetdtH8egCA6KGpsv8_KBxzTge6GJRUJNOzsiE1Gx2R9mBJ86-hv1uGYDXs2y1-SNzz8dIlSyZ8BUxq2LpeOXOjufh7owxM0mxamVTxHS2p5wgxer_OmHgFrt4IFi-0JwuapP4xJObPPrUnpS0meFA83QLmyzqEfWnfL0.KYHXu4ftIiredtzM5Z983GctjlH5ewNOmLereDhXbpE&dib_tag=se&keywords=waterproof%2Bpaper%2Brite%2Bin%2Brain&qid=1787175880&sprefix=waterproof%2Bpaper%2Brite%2Bin%2Brain%2Caps%2C283&sr=8-2-spons&sp_csd=d2lkZ2V0TmFtZT1zcF9hdGY&th=1,y,
,,,,,,,,
For isotopes (we decided not needed for this project but general coral physio):,,,,,,,,
20 µm nylon net filter,isotopes,1 x sample #,70,$334.50 ,100,https://www.fishersci.com/shop/products/emd-millipore-nylon-woven-net-filters-1/NY2004700#?keyword=20%20%C2%B5m%20nylon%20net%20filter ,,
25 mm 0.7 µm  GF/F,isotopes,1 x sample #,30,$249.50 ,100,https://www.fishersci.com/shop/products/whatman-binder-free-glass-microfiber-filters-gf-f-circles/0987464#?keyword=Whatman%200.7%20%C2%B5m%2025%20mm%20GF/F%20glass-fibre%20filters ,,
15mL tubes,isotopes,2 x sample #,500,$121.21 ,500,https://www.fishersci.com/shop/products/15-ml-high-clarity-conical-centrifuge-tubes/1495949B?searchHijack=true&searchTerm=15-ml-high-clarity-conical-centrifuge-tubes&searchType=Rapid&matchedCatNo=1495949B,,
10mL pipette tips,isotopes,2 x sample #,800,$125.80 ,500,https://www.fishersci.com/shop/products/eppendorf-eptips-bags-11/0540362#?keyword=05-403-62 ,,