sample_ID,NOTES,genotype,treatment,rep_number_tank,coral_species,sp,tank,Timepoint,DNA
A05_1_MONO,,A05,MONO,1,Porites compressa,PCOM,TANK01,T1,
A06_1_MONO,,A06,MONO,1,Porites compressa,PCOM,TANK01,T1,
A07_1_MONO,,A07,MONO,1,Porites compressa,PCOM,TANK01,T1,
A08_1_MONO,,A08,MONO,1,Porites compressa,PCOM,TANK01,T1,
A01_1_6SP,,A01,6SP,1,Porites compressa,PCOM,TANK02,T1,
A02_1_6SP,,A02,6SP,1,Porites compressa,PCOM,TANK02,T1,
A03_1_6SP,,A03,6SP,1,Porites compressa,PCOM,TANK02,T1,
A04_1_6SP,,A04,6SP,1,Porites compressa,PCOM,TANK02,T1,
B01_1_6SP,,B01,6SP,1,Montipora capitata,MCAP,TANK02,T1,
B02_1_6SP,,B02,6SP,1,Montipora capitata,MCAP,TANK02,T1,
B03_1_6SP,,B03,6SP,1,Montipora capitata,MCAP,TANK02,T1,
B04_1_6SP,,B04,6SP,1,Montipora capitata,MCAP,TANK02,T1,
C01_1_6SP,,C01,6SP,1,Pocillopora meandrina,PMEA,TANK02,T1,
C02_1_6SP,,C02,6SP,1,Pocillopora meandrina,PMEA,TANK02,T1,
C03_1_6SP,,C03,6SP,1,Pocillopora meandrina,PMEA,TANK02,T1,
C04_1_6SP,,C04,6SP,1,Pocillopora meandrina,PMEA,TANK02,T1,
D01_1_6SP,,D01,6SP,1,Pavona varians,PVAR,TANK02,T1,
D02_1_6SP,,D02,6SP,1,Pavona varians,PVAR,TANK02,T1,
D03_1_6SP,,D03,6SP,1,Pavona varians,PVAR,TANK02,T1,
D04_1_6SP,,D04,6SP,1,Pavona varians,PVAR,TANK02,T1,
E01_1_6SP,,E01,6SP,1,Leptastrea purpurea,LPUR,TANK02,T1,
E02_1_6SP,,E02,6SP,1,Leptastrea purpurea,LPUR,TANK02,T1,
E03_1_6SP,,E03,6SP,1,Leptastrea purpurea,LPUR,TANK02,T1,
E04_1_6SP,,E04,6SP,1,Leptastrea purpurea,LPUR,TANK02,T1,
F01_1_6SP,,F01,6SP,1,Porites evermanni,PEVE,TANK02,T1,
F02_1_6SP,,F02,6SP,1,Porites evermanni,PEVE,TANK02,T1,
F03_1_6SP,,F03,6SP,1,Porites evermanni,PEVE,TANK02,T1,
F04_1_6SP,,F04,6SP,1,Porites evermanni,PEVE,TANK02,T1,
B09_1_MONO,,B09,MONO,1,Montipora capitata,MCAP,TANK03,T1,
B10_1_MONO,,B10,MONO,1,Montipora capitata,MCAP,TANK03,T1,
B11_1_MONO,,B11,MONO,1,Montipora capitata,MCAP,TANK03,T1,
B12_1_MONO,,B12,MONO,1,Montipora capitata,MCAP,TANK03,T1,
A13_1_FAKE,,A13,FAKE,1,Porites compressa,PCOM,TANK04,T1,
A14_1_FAKE,,A14,FAKE,1,Porites compressa,PCOM,TANK04,T1,
A15_1_FAKE,,A15,FAKE,1,Porites compressa,PCOM,TANK04,T1,
A16_1_FAKE,,A16,FAKE,1,Porites compressa,PCOM,TANK04,T1,
A09_1_3SP,,A09,3SP,1,Porites compressa,PCOM,TANK05,T1,
A10_1_3SP,,A10,3SP,1,Porites compressa,PCOM,TANK05,T1,
A11_1_3SP,,A11,3SP,1,Porites compressa,PCOM,TANK05,T1,
A12_1_3SP,,A12,3SP,1,Porites compressa,PCOM,TANK05,T1,
B09_1_3SP,,B09,3SP,1,Montipora capitata,MCAP,TANK05,T1,
B10_1_3SP,,B10,3SP,1,Montipora capitata,MCAP,TANK05,T1,
B11_1_3SP,,B11,3SP,1,Montipora capitata,MCAP,TANK05,T1,
B12_1_3SP,,B12,3SP,1,Montipora capitata,MCAP,TANK05,T1,
C09_1_3SP,,C09,3SP,1,Pocillopora meandrina,PMEA,TANK05,T1,
C10_1_3SP,,C10,3SP,1,Pocillopora meandrina,PMEA,TANK05,T1,
C11_1_3SP,,C11,3SP,1,Pocillopora meandrina,PMEA,TANK05,T1,
C12_1_3SP,,C12,3SP,1,Pocillopora meandrina,PMEA,TANK05,T1,
A09_1_MONO,,A09,MONO,1,Porites compressa,PCOM,TANK06,T1,
A10_1_MONO,,A10,MONO,1,Porites compressa,PCOM,TANK06,T1,
A11_1_MONO,,A11,MONO,1,Porites compressa,PCOM,TANK06,T1,
A12_1_MONO,,A12,MONO,1,Porites compressa,PCOM,TANK06,T1,
A05_1_FAKE,,A05,FAKE,1,Porites compressa,PCOM,TANK07,T1,
A06_1_FAKE,,A06,FAKE,1,Porites compressa,PCOM,TANK07,T1,
A07_1_FAKE,,A07,FAKE,1,Porites compressa,PCOM,TANK07,T1,
A08_1_FAKE,,A08,FAKE,1,Porites compressa,PCOM,TANK07,T1,
B05_1_FAKE,,B05,FAKE,1,Montipora capitata,MCAP,TANK08,T1,
B06_1_FAKE,,B06,FAKE,1,Montipora capitata,MCAP,TANK08,T1,
B07_1_FAKE,,B07,FAKE,1,Montipora capitata,MCAP,TANK08,T1,
B08_1_FAKE,,B08,FAKE,1,Montipora capitata,MCAP,TANK08,T1,
A01_1_3SP,,A01,3SP,1,Porites compressa,PCOM,TANK09,T1,
A02_1_3SP,,A02,3SP,1,Porites compressa,PCOM,TANK09,T1,
A03_1_3SP,,A03,3SP,1,Porites compressa,PCOM,TANK09,T1,
A04_1_3SP,,A04,3SP,1,Porites compressa,PCOM,TANK09,T1,
B01_1_3SP,,B01,3SP,1,Montipora capitata,MCAP,TANK09,T1,
B02_1_3SP,,B02,3SP,1,Montipora capitata,MCAP,TANK09,T1,
B03_1_3SP,,B03,3SP,1,Montipora capitata,MCAP,TANK09,T1,
B04_1_3SP,,B04,3SP,1,Montipora capitata,MCAP,TANK09,T1,
C01_1_3SP,,C01,3SP,1,Pocillopora meandrina,PMEA,TANK09,T1,
C02_1_3SP,,C02,3SP,1,Pocillopora meandrina,PMEA,TANK09,T1,
C03_1_3SP,,C03,3SP,1,Pocillopora meandrina,PMEA,TANK09,T1,
C04_1_3SP,,C04,3SP,1,Pocillopora meandrina,PMEA,TANK09,T1,
B01_1_MONO,,B01,MONO,1,Montipora capitata,MCAP,TANK10,T1,
B02_1_MONO,,B02,MONO,1,Montipora capitata,MCAP,TANK10,T1,
B03_1_MONO,,B03,MONO,1,Montipora capitata,MCAP,TANK10,T1,
B04_1_MONO,,B04,MONO,1,Montipora capitata,MCAP,TANK10,T1,
B01_4_MONO,EXTRA,,,,,,TANK10,T1,A05_1_6SP TUBE
B02_6_MONO,EXTRA,,,,,,TANK10,T1,A06_1_6SP TUBE
B03_3_MONO,EXTRA,,,,,,TANK10,T1,A07_1_6SP TUBE
B04_4_MONO,EXTRA,,,,,,TANK10,T1,A08_1_6SP TUBE
B13_1_FAKE,,B13,FAKE,1,Montipora capitata,MCAP,TANK11,T1,
B14_1_FAKE,,B14,FAKE,1,Montipora capitata,MCAP,TANK11,T1,
B15_1_FAKE,,B15,FAKE,1,Montipora capitata,MCAP,TANK11,T1,
B16_1_FAKE,,B16,FAKE,1,Montipora capitata,MCAP,TANK11,T1,
A01_1_FAKE,,A01,FAKE,1,Porites compressa,PCOM,TANK12,T1,
A02_1_FAKE,,A02,FAKE,1,Porites compressa,PCOM,TANK12,T1,
A03_1_FAKE,,A03,FAKE,1,Porites compressa,PCOM,TANK12,T1,
A04_1_FAKE,,A04,FAKE,1,Porites compressa,PCOM,TANK12,T1,
A13_1_6SP,,A13,6SP,1,Porites compressa,PCOM,TANK13,T1,
A14_1_6SP,,A14,6SP,1,Porites compressa,PCOM,TANK13,T1,
A15_1_6SP,,A15,6SP,1,Porites compressa,PCOM,TANK13,T1,
A16_1_6SP,,A16,6SP,1,Porites compressa,PCOM,TANK13,T1,
B13_1_6SP,,B13,6SP,1,Montipora capitata,MCAP,TANK13,T1,
B14_1_6SP,,B14,6SP,1,Montipora capitata,MCAP,TANK13,T1,
B15_1_6SP,,B15,6SP,1,Montipora capitata,MCAP,TANK13,T1,
B16_1_6SP,,B16,6SP,1,Montipora capitata,MCAP,TANK13,T1,
C13_1_6SP,,C13,6SP,1,Pocillopora meandrina,PMEA,TANK13,T1,
C14_1_6SP,,C14,6SP,1,Pocillopora meandrina,PMEA,TANK13,T1,
C15_1_6SP,,C15,6SP,1,Pocillopora meandrina,PMEA,TANK13,T1,
C16_1_6SP,,C16,6SP,1,Pocillopora meandrina,PMEA,TANK13,T1,
D13_1_6SP,,D13,6SP,1,Pavona varians,PVAR,TANK13,T1,
D14_1_6SP,,D14,6SP,1,Pavona varians,PVAR,TANK13,T1,
D15_1_6SP,,D15,6SP,1,Pavona varians,PVAR,TANK13,T1,
D16_1_6SP,,D16,6SP,1,Pavona varians,PVAR,TANK13,T1,
E13_1_6SP,,E13,6SP,1,Leptastrea purpurea,LPUR,TANK13,T1,
E14_1_6SP,,E14,6SP,1,Leptastrea purpurea,LPUR,TANK13,T1,
E15_1_6SP,,E15,6SP,1,Leptastrea purpurea,LPUR,TANK13,T1,
E16_1_6SP,,E16,6SP,1,Leptastrea purpurea,LPUR,TANK13,T1,
F13_1_6SP,,F13,6SP,1,Porites evermanni,PEVE,TANK13,T1,
F14_1_6SP,,F14,6SP,1,Porites evermanni,PEVE,TANK13,T1,
F15_1_6SP,,F15,6SP,1,Porites evermanni,PEVE,TANK13,T1,
F16_1_6SP,,F16,6SP,1,Porites evermanni,PEVE,TANK13,T1,
B13_1_MONO,,B13,MONO,1,Montipora capitata,MCAP,TANK14,T1,
B14_1_MONO,,B14,MONO,1,Montipora capitata,MCAP,TANK14,T1,
B15_1_MONO,,B15,MONO,1,Montipora capitata,MCAP,TANK14,T1,
B16_1_MONO,,B16,MONO,1,Montipora capitata,MCAP,TANK14,T1,
B13_3_MONO,EXTRA,,,,,,TANK14,T1,B08_1_6SP TUBE
B14_4_MONO,EXTRA,,,,,,TANK14,T1,B07_1_6SP TUBE
B15_3_MONO,EXTRA,,,,,,TANK14,T1,B06_1_6SP TUBE
B16_3_MONO,EXTRA,,,,,,TANK14,T1,B05_1_6SP TUBE
B09_1_FAKE,,B09,FAKE,1,Montipora capitata,MCAP,TANK15,T1,
B10_1_FAKE,,B10,FAKE,1,Montipora capitata,MCAP,TANK15,T1,
B11_1_FAKE,,B11,FAKE,1,Montipora capitata,MCAP,TANK15,T1,
B12_1_FAKE,,B12,FAKE,1,Montipora capitata,MCAP,TANK15,T1,
B01_1_FAKE,,B01,FAKE,1,Montipora capitata,MCAP,TANK17,T1,
B02_1_FAKE,,B02,FAKE,1,Montipora capitata,MCAP,TANK17,T1,
B03_1_FAKE,,B03,FAKE,1,Montipora capitata,MCAP,TANK17,T1,
B04_1_FAKE,,B04,FAKE,1,Montipora capitata,MCAP,TANK17,T1,
A13_1_MONO,,A13,MONO,1,Porites compressa,PCOM,TANK18,T1,
A14_1_MONO,,A14,MONO,1,Porites compressa,PCOM,TANK18,T1,
A15_1_MONO,,A15,MONO,1,Porites compressa,PCOM,TANK18,T1,
A16_1_MONO,,A16,MONO,1,Porites compressa,PCOM,TANK18,T1,
A17_1_3SP,RELABLE,A13,3SP,1,Porites compressa,PCOM,TANK19,T1,A13_1_3SP TUBE
A18_1_3SP,RELABLE,A14,3SP,1,Porites compressa,PCOM,TANK19,T1,A14_1_3SP TUBE
A19_1_3SP,RELABLE,A15,3SP,1,Porites compressa,PCOM,TANK19,T1,A15_1_3SP TUBE
A20_1_3SP,RELABLE,A16,3SP,1,Porites compressa,PCOM,TANK19,T1,A16_1_3SP TUBE
B17_1_3SP,RELABLE,B13,3SP,1,Montipora capitata,MCAP,TANK19,T1,B13_1_3SP TUBE
B18_1_3SP,RELABLE,B14,3SP,1,Montipora capitata,MCAP,TANK19,T1,B14_1_3SP TUBE
B19_1_3SP,RELABLE,B15,3SP,1,Montipora capitata,MCAP,TANK19,T1,B15_1_3SP TUBE
B20_1_3SP,RELABLE,B16,3SP,1,Montipora capitata,MCAP,TANK19,T1,B16_1_3SP TUBE
C17_1_3SP,RELABLE,C13,3SP,1,Pocillopora meandrina,PMEA,TANK19,T1,
C18_1_3SP,RELABLE,C14,3SP,1,Pocillopora meandrina,PMEA,TANK19,T1,
C19_1_3SP,RELABLE,C15,3SP,1,Pocillopora meandrina,PMEA,TANK19,T1,
C20_1_3SP,RELABLE,C16,3SP,1,Pocillopora meandrina,PMEA,TANK19,T1,
A01_1_MONO,,A01,MONO,1,Porites compressa,PCOM,TANK20,T1,
A02_1_MONO,,A02,MONO,1,Porites compressa,PCOM,TANK20,T1,
A03_1_MONO,,A03,MONO,1,Porites compressa,PCOM,TANK20,T1,
A04_1_MONO,,A04,MONO,1,Porites compressa,PCOM,TANK20,T1,
B05_1_MONO,,B05,MONO,1,Montipora capitata,MCAP,TANK21,T1,
B06_1_MONO,,B06,MONO,1,Montipora capitata,MCAP,TANK21,T1,
B07_1_MONO,,B07,MONO,1,Montipora capitata,MCAP,TANK21,T1,
B08_1_MONO,,B08,MONO,1,Montipora capitata,MCAP,TANK21,T1,
A21_1_FAKE,RELABLE,A09,FAKE,1,Porites compressa,PCOM,TANK22,T1,A09_1_FAKE TUBE
A22_1_FAKE,RELABLE,A10,FAKE,1,Porites compressa,PCOM,TANK22,T1,A10_1_FAKE TUBE
A23_1_FAKE,RELABLE,A11,FAKE,1,Porites compressa,PCOM,TANK22,T1,A11_1_FAKE TUBE
A24_1_FAKE,RELABLE,A12,FAKE,1,Porites compressa,PCOM,TANK22,T1,A12_1_FAKE TUBE
A05_1_3SP,,A05,3SP,1,Porites compressa,PCOM,TANK23,T1,
A06_1_3SP,,A06,3SP,1,Porites compressa,PCOM,TANK23,T1,
A07_1_3SP,,A07,3SP,1,Porites compressa,PCOM,TANK23,T1,
A08_1_3SP,,A08,3SP,1,Porites compressa,PCOM,TANK23,T1,
B05_1_3SP,,B05,3SP,1,Montipora capitata,MCAP,TANK23,T1,
B06_1_3SP,,B06,3SP,1,Montipora capitata,MCAP,TANK23,T1,
B07_1_3SP,,B07,3SP,1,Montipora capitata,MCAP,TANK23,T1,
B08_1_3SP,,B08,3SP,1,Montipora capitata,MCAP,TANK23,T1,
C05_1_3SP,,C05,3SP,1,Pocillopora meandrina,PMEA,TANK23,T1,
C06_1_3SP,,C06,3SP,1,Pocillopora meandrina,PMEA,TANK23,T1,
C07_1_3SP,,C07,3SP,1,Pocillopora meandrina,PMEA,TANK23,T1,
C08_1_3SP,,C08,3SP,1,Pocillopora meandrina,PMEA,TANK23,T1,
A09_1_6SP,,A09,6SP,1,Porites compressa,PCOM,TANK24,T1,
A10_1_6SP,,A10,6SP,1,Porites compressa,PCOM,TANK24,T1,
A11_1_6SP,,A11,6SP,1,Porites compressa,PCOM,TANK24,T1,
A12_1_6SP,,A12,6SP,1,Porites compressa,PCOM,TANK24,T1,
B09_1_6SP,,B09,6SP,1,Montipora capitata,MCAP,TANK24,T1,
B10_1_6SP,,B10,6SP,1,Montipora capitata,MCAP,TANK24,T1,
B11_1_6SP,,B11,6SP,1,Montipora capitata,MCAP,TANK24,T1,
B12_1_6SP,,B12,6SP,1,Montipora capitata,MCAP,TANK24,T1,
C09_1_6SP,,C09,6SP,1,Pocillopora meandrina,PMEA,TANK24,T1,
C10_1_6SP,,C10,6SP,1,Pocillopora meandrina,PMEA,TANK24,T1,
C11_1_6SP,,C11,6SP,1,Pocillopora meandrina,PMEA,TANK24,T1,
C12_1_6SP,,C12,6SP,1,Pocillopora meandrina,PMEA,TANK24,T1,
D09_1_6SP,,D09,6SP,1,Pavona varians,PVAR,TANK24,T1,
D10_1_6SP,,D10,6SP,1,Pavona varians,PVAR,TANK24,T1,
D11_1_6SP,,D11,6SP,1,Pavona varians,PVAR,TANK24,T1,
D12_1_6SP,,D12,6SP,1,Pavona varians,PVAR,TANK24,T1,
E09_1_6SP,,E09,6SP,1,Leptastrea purpurea,LPUR,TANK24,T1,
E10_1_6SP,,E10,6SP,1,Leptastrea purpurea,LPUR,TANK24,T1,
E11_1_6SP,,E11,6SP,1,Leptastrea purpurea,LPUR,TANK24,T1,
E12_1_6SP,,E12,6SP,1,Leptastrea purpurea,LPUR,TANK24,T1,
F09_1_6SP,,F09,6SP,1,Porites evermanni,PEVE,TANK24,T1,
F10_1_6SP,,F10,6SP,1,Porites evermanni,PEVE,TANK24,T1,
F11_1_6SP,,F11,6SP,1,Porites evermanni,PEVE,TANK24,T1,
F12_1_6SP,,F12,6SP,1,Porites evermanni,PEVE,TANK24,T1,
,,,,,,,,,
A05_1_6SP,DEAD,A05,6SP,1,Porites compressa,PCOM,TANK16,T1,
A06_1_6SP,DEAD,A06,6SP,1,Porites compressa,PCOM,TANK16,T1,
A07_1_6SP,DEAD,A07,6SP,1,Porites compressa,PCOM,TANK16,T1,
A08_1_6SP,DEAD,A08,6SP,1,Porites compressa,PCOM,TANK16,T1,
B05_1_6SP,DEAD,B05,6SP,1,Montipora capitata,MCAP,TANK16,T1,
B06_1_6SP,DEAD,B06,6SP,1,Montipora capitata,MCAP,TANK16,T1,
B07_1_6SP,DEAD,B07,6SP,1,Montipora capitata,MCAP,TANK16,T1,
B08_1_6SP,DEAD,B08,6SP,1,Montipora capitata,MCAP,TANK16,T1,
C05_1_6SP,DEAD,C05,6SP,1,Pocillopora meandrina,PMEA,TANK16,T1,
C06_1_6SP,DEAD,C06,6SP,1,Pocillopora meandrina,PMEA,TANK16,T1,
C07_1_6SP,DEAD,C07,6SP,1,Pocillopora meandrina,PMEA,TANK16,T1,
C08_1_6SP,DEAD,C08,6SP,1,Pocillopora meandrina,PMEA,TANK16,T1,
D05_1_6SP,DEAD,D05,6SP,1,Pavona varians,PVAR,TANK16,T1,
D06_1_6SP,DEAD,D06,6SP,1,Pavona varians,PVAR,TANK16,T1,
D07_1_6SP,DEAD,D07,6SP,1,Pavona varians,PVAR,TANK16,T1,
D08_1_6SP,DEAD,D08,6SP,1,Pavona varians,PVAR,TANK16,T1,
E05_1_6SP,DEAD,E05,6SP,1,Leptastrea purpurea,LPUR,TANK16,T1,
E06_1_6SP,DEAD,E06,6SP,1,Leptastrea purpurea,LPUR,TANK16,T1,
E07_1_6SP,DEAD,E07,6SP,1,Leptastrea purpurea,LPUR,TANK16,T1,
E08_1_6SP,DEAD,E08,6SP,1,Leptastrea purpurea,LPUR,TANK16,T1,
F05_1_6SP,DEAD,F05,6SP,1,Porites evermanni,PEVE,TANK16,T1,
F06_1_6SP,DEAD,F06,6SP,1,Porites evermanni,PEVE,TANK16,T1,
F07_1_6SP,DEAD,F07,6SP,1,Porites evermanni,PEVE,TANK16,T1,
F08_1_6SP,DEAD,F08,6SP,1,Porites evermanni,PEVE,TANK16,T1,