sample_ID,genotype,treatment,rep_number_tank,coral_species,sp,tank
A01_1_6SP,A01,6SP,1,Porites compressa,PCOM,TANK2
A02_1_6SP,A02,6SP,1,Porites compressa,PCOM,TANK2
A03_1_6SP,A03,6SP,1,Porites compressa,PCOM,TANK2
A04_1_6SP,A04,6SP,1,Porites compressa,PCOM,TANK2
A05_1_6SP,A05,6SP,1,Porites compressa,PCOM,TANK16
A06_1_6SP,A06,6SP,1,Porites compressa,PCOM,TANK16
A07_1_6SP,A07,6SP,1,Porites compressa,PCOM,TANK16
A08_1_6SP,A08,6SP,1,Porites compressa,PCOM,TANK16
A09_1_6SP,A09,6SP,1,Porites compressa,PCOM,TANK24
A10_1_6SP,A10,6SP,1,Porites compressa,PCOM,TANK24
A11_1_6SP,A11,6SP,1,Porites compressa,PCOM,TANK24
A12_1_6SP,A12,6SP,1,Porites compressa,PCOM,TANK24
A13_1_6SP,A13,6SP,1,Porites compressa,PCOM,TANK13
A14_1_6SP,A14,6SP,1,Porites compressa,PCOM,TANK13
A15_1_6SP,A15,6SP,1,Porites compressa,PCOM,TANK13
A16_1_6SP,A16,6SP,1,Porites compressa,PCOM,TANK13
B01_1_6SP,B01,6SP,1,Montipora capitata,MCAP,TANK2
B02_1_6SP,B02,6SP,1,Montipora capitata,MCAP,TANK2
B03_1_6SP,B03,6SP,1,Montipora capitata,MCAP,TANK2
B04_1_6SP,B04,6SP,1,Montipora capitata,MCAP,TANK2
B05_1_6SP,B05,6SP,1,Montipora capitata,MCAP,TANK16
B06_1_6SP,B06,6SP,1,Montipora capitata,MCAP,TANK16
B07_1_6SP,B07,6SP,1,Montipora capitata,MCAP,TANK16
B08_1_6SP,B08,6SP,1,Montipora capitata,MCAP,TANK16
B09_1_6SP,B09,6SP,1,Montipora capitata,MCAP,TANK24
B10_1_6SP,B10,6SP,1,Montipora capitata,MCAP,TANK24
B11_1_6SP,B11,6SP,1,Montipora capitata,MCAP,TANK24
B12_1_6SP,B12,6SP,1,Montipora capitata,MCAP,TANK24
B13_1_6SP,B13,6SP,1,Montipora capitata,MCAP,TANK13
B14_1_6SP,B14,6SP,1,Montipora capitata,MCAP,TANK13
B15_1_6SP,B15,6SP,1,Montipora capitata,MCAP,TANK13
B16_1_6SP,B16,6SP,1,Montipora capitata,MCAP,TANK13
C01_1_6SP,C01,6SP,1,Pocillopora meandrina,PMEA,TANK2
C02_1_6SP,C02,6SP,1,Pocillopora meandrina,PMEA,TANK2
C03_1_6SP,C03,6SP,1,Pocillopora meandrina,PMEA,TANK2
C04_1_6SP,C04,6SP,1,Pocillopora meandrina,PMEA,TANK2
C05_1_6SP,C05,6SP,1,Pocillopora meandrina,PMEA,TANK16
C06_1_6SP,C06,6SP,1,Pocillopora meandrina,PMEA,TANK16
C07_1_6SP,C07,6SP,1,Pocillopora meandrina,PMEA,TANK16
C08_1_6SP,C08,6SP,1,Pocillopora meandrina,PMEA,TANK16
C09_1_6SP,C09,6SP,1,Pocillopora meandrina,PMEA,TANK24
C10_1_6SP,C10,6SP,1,Pocillopora meandrina,PMEA,TANK24
C11_1_6SP,C11,6SP,1,Pocillopora meandrina,PMEA,TANK24
C12_1_6SP,C12,6SP,1,Pocillopora meandrina,PMEA,TANK24
C13_1_6SP,C13,6SP,1,Pocillopora meandrina,PMEA,TANK13
C14_1_6SP,C14,6SP,1,Pocillopora meandrina,PMEA,TANK13
C15_1_6SP,C15,6SP,1,Pocillopora meandrina,PMEA,TANK13
C16_1_6SP,C16,6SP,1,Pocillopora meandrina,PMEA,TANK13
D01_1_6SP,D01,6SP,1,Pavona varians,PVAR,TANK2
D02_1_6SP,D02,6SP,1,Pavona varians,PVAR,TANK2
D03_1_6SP,D03,6SP,1,Pavona varians,PVAR,TANK2
D04_1_6SP,D04,6SP,1,Pavona varians,PVAR,TANK2
D05_1_6SP,D05,6SP,1,Pavona varians,PVAR,TANK16
D06_1_6SP,D06,6SP,1,Pavona varians,PVAR,TANK16
D07_1_6SP,D07,6SP,1,Pavona varians,PVAR,TANK16
D08_1_6SP,D08,6SP,1,Pavona varians,PVAR,TANK16
D09_1_6SP,D09,6SP,1,Pavona varians,PVAR,TANK24
D10_1_6SP,D10,6SP,1,Pavona varians,PVAR,TANK24
D11_1_6SP,D11,6SP,1,Pavona varians,PVAR,TANK24
D12_1_6SP,D12,6SP,1,Pavona varians,PVAR,TANK24
D13_1_6SP,D13,6SP,1,Pavona varians,PVAR,TANK13
D14_1_6SP,D14,6SP,1,Pavona varians,PVAR,TANK13
D15_1_6SP,D15,6SP,1,Pavona varians,PVAR,TANK13
D16_1_6SP,D16,6SP,1,Pavona varians,PVAR,TANK13
E01_1_6SP,E01,6SP,1,Leptastrea purpurea,LPUR,TANK2
E02_1_6SP,E02,6SP,1,Leptastrea purpurea,LPUR,TANK2
E03_1_6SP,E03,6SP,1,Leptastrea purpurea,LPUR,TANK2
E04_1_6SP,E04,6SP,1,Leptastrea purpurea,LPUR,TANK2
E05_1_6SP,E05,6SP,1,Leptastrea purpurea,LPUR,TANK16
E06_1_6SP,E06,6SP,1,Leptastrea purpurea,LPUR,TANK16
E07_1_6SP,E07,6SP,1,Leptastrea purpurea,LPUR,TANK16
E08_1_6SP,E08,6SP,1,Leptastrea purpurea,LPUR,TANK16
E09_1_6SP,E09,6SP,1,Leptastrea purpurea,LPUR,TANK24
E10_1_6SP,E10,6SP,1,Leptastrea purpurea,LPUR,TANK24
E11_1_6SP,E11,6SP,1,Leptastrea purpurea,LPUR,TANK24
E12_1_6SP,E12,6SP,1,Leptastrea purpurea,LPUR,TANK24
E13_1_6SP,E13,6SP,1,Leptastrea purpurea,LPUR,TANK13
E14_1_6SP,E14,6SP,1,Leptastrea purpurea,LPUR,TANK13
E15_1_6SP,E15,6SP,1,Leptastrea purpurea,LPUR,TANK13
E16_1_6SP,E16,6SP,1,Leptastrea purpurea,LPUR,TANK13
F01_1_6SP,F01,6SP,1,Porites evermanni,PEVE,TANK2
F02_1_6SP,F02,6SP,1,Porites evermanni,PEVE,TANK2
F03_1_6SP,F03,6SP,1,Porites evermanni,PEVE,TANK2
F04_1_6SP,F04,6SP,1,Porites evermanni,PEVE,TANK2
F05_1_6SP,F05,6SP,1,Porites evermanni,PEVE,TANK16
F06_1_6SP,F06,6SP,1,Porites evermanni,PEVE,TANK16
F07_1_6SP,F07,6SP,1,Porites evermanni,PEVE,TANK16
F08_1_6SP,F08,6SP,1,Porites evermanni,PEVE,TANK16
F09_1_6SP,F09,6SP,1,Porites evermanni,PEVE,TANK24
F10_1_6SP,F10,6SP,1,Porites evermanni,PEVE,TANK24
F11_1_6SP,F11,6SP,1,Porites evermanni,PEVE,TANK24
F12_1_6SP,F12,6SP,1,Porites evermanni,PEVE,TANK24
F13_1_6SP,F13,6SP,1,Porites evermanni,PEVE,TANK13
F14_1_6SP,F14,6SP,1,Porites evermanni,PEVE,TANK13
F15_1_6SP,F15,6SP,1,Porites evermanni,PEVE,TANK13
F16_1_6SP,F16,6SP,1,Porites evermanni,PEVE,TANK13
A01_1_3SP,A01,3SP,1,Porites compressa,PCOM,TANK9
A02_1_3SP,A02,3SP,1,Porites compressa,PCOM,TANK9
A03_1_3SP,A03,3SP,1,Porites compressa,PCOM,TANK9
A04_1_3SP,A04,3SP,1,Porites compressa,PCOM,TANK9
A05_1_3SP,A05,3SP,1,Porites compressa,PCOM,TANK22
A06_1_3SP,A06,3SP,1,Porites compressa,PCOM,TANK22
A07_1_3SP,A07,3SP,1,Porites compressa,PCOM,TANK22
A08_1_3SP,A08,3SP,1,Porites compressa,PCOM,TANK22
A09_1_3SP,A09,3SP,1,Porites compressa,PCOM,TANK5
A10_1_3SP,A10,3SP,1,Porites compressa,PCOM,TANK5
A11_1_3SP,A11,3SP,1,Porites compressa,PCOM,TANK5
A12_1_3SP,A12,3SP,1,Porites compressa,PCOM,TANK5
A13_1_3SP,A13,3SP,1,Porites compressa,PCOM,TANK19
A14_1_3SP,A14,3SP,1,Porites compressa,PCOM,TANK19
A15_1_3SP,A15,3SP,1,Porites compressa,PCOM,TANK19
A16_1_3SP,A16,3SP,1,Porites compressa,PCOM,TANK19
B01_1_3SP,B01,3SP,1,Montipora capitata,MCAP,TANK9
B02_1_3SP,B02,3SP,1,Montipora capitata,MCAP,TANK9
B03_1_3SP,B03,3SP,1,Montipora capitata,MCAP,TANK9
B04_1_3SP,B04,3SP,1,Montipora capitata,MCAP,TANK9
B05_1_3SP,B05,3SP,1,Montipora capitata,MCAP,TANK22
B06_1_3SP,B06,3SP,1,Montipora capitata,MCAP,TANK22
B07_1_3SP,B07,3SP,1,Montipora capitata,MCAP,TANK22
B08_1_3SP,B08,3SP,1,Montipora capitata,MCAP,TANK22
B09_1_3SP,B09,3SP,1,Montipora capitata,MCAP,TANK5
B10_1_3SP,B10,3SP,1,Montipora capitata,MCAP,TANK5
B11_1_3SP,B11,3SP,1,Montipora capitata,MCAP,TANK5
B12_1_3SP,B12,3SP,1,Montipora capitata,MCAP,TANK5
B13_1_3SP,B13,3SP,1,Montipora capitata,MCAP,TANK19
B14_1_3SP,B14,3SP,1,Montipora capitata,MCAP,TANK19
B15_1_3SP,B15,3SP,1,Montipora capitata,MCAP,TANK19
B16_1_3SP,B16,3SP,1,Montipora capitata,MCAP,TANK19
C01_1_3SP,C01,3SP,1,Pocillopora meandrina,PMEA,TANK9
C02_1_3SP,C02,3SP,1,Pocillopora meandrina,PMEA,TANK9
C03_1_3SP,C03,3SP,1,Pocillopora meandrina,PMEA,TANK9
C04_1_3SP,C04,3SP,1,Pocillopora meandrina,PMEA,TANK9
C05_1_3SP,C05,3SP,1,Pocillopora meandrina,PMEA,TANK22
C06_1_3SP,C06,3SP,1,Pocillopora meandrina,PMEA,TANK22
C07_1_3SP,C07,3SP,1,Pocillopora meandrina,PMEA,TANK22
C08_1_3SP,C08,3SP,1,Pocillopora meandrina,PMEA,TANK22
C09_1_3SP,C09,3SP,1,Pocillopora meandrina,PMEA,TANK5
C10_1_3SP,C10,3SP,1,Pocillopora meandrina,PMEA,TANK5
C11_1_3SP,C11,3SP,1,Pocillopora meandrina,PMEA,TANK5
C12_1_3SP,C12,3SP,1,Pocillopora meandrina,PMEA,TANK5
C13_1_3SP,C13,3SP,1,Pocillopora meandrina,PMEA,TANK19
C14_1_3SP,C14,3SP,1,Pocillopora meandrina,PMEA,TANK19
C15_1_3SP,C15,3SP,1,Pocillopora meandrina,PMEA,TANK19
C16_1_3SP,C16,3SP,1,Pocillopora meandrina,PMEA,TANK19
A01_2_3SP,A01,3SP,2,Porites compressa,PCOM,TANK9
A02_2_3SP,A02,3SP,2,Porites compressa,PCOM,TANK9
A03_2_3SP,A03,3SP,2,Porites compressa,PCOM,TANK9
A04_2_3SP,A04,3SP,2,Porites compressa,PCOM,TANK9
A05_2_3SP,A05,3SP,2,Porites compressa,PCOM,TANK22
A06_2_3SP,A06,3SP,2,Porites compressa,PCOM,TANK22
A07_2_3SP,A07,3SP,2,Porites compressa,PCOM,TANK22
A08_2_3SP,A08,3SP,2,Porites compressa,PCOM,TANK22
A09_2_3SP,A09,3SP,2,Porites compressa,PCOM,TANK5
A10_2_3SP,A10,3SP,2,Porites compressa,PCOM,TANK5
A11_2_3SP,A11,3SP,2,Porites compressa,PCOM,TANK5
A12_2_3SP,A12,3SP,2,Porites compressa,PCOM,TANK5
A13_2_3SP,A13,3SP,2,Porites compressa,PCOM,TANK19
A14_2_3SP,A14,3SP,2,Porites compressa,PCOM,TANK19
A15_2_3SP,A15,3SP,2,Porites compressa,PCOM,TANK19
A16_2_3SP,A16,3SP,2,Porites compressa,PCOM,TANK19
B01_2_3SP,B01,3SP,2,Montipora capitata,MCAP,TANK9
B02_2_3SP,B02,3SP,2,Montipora capitata,MCAP,TANK9
B03_2_3SP,B03,3SP,2,Montipora capitata,MCAP,TANK9
B04_2_3SP,B04,3SP,2,Montipora capitata,MCAP,TANK9
B05_2_3SP,B05,3SP,2,Montipora capitata,MCAP,TANK22
B06_2_3SP,B06,3SP,2,Montipora capitata,MCAP,TANK22
B07_2_3SP,B07,3SP,2,Montipora capitata,MCAP,TANK22
B08_2_3SP,B08,3SP,2,Montipora capitata,MCAP,TANK22
B09_2_3SP,B09,3SP,2,Montipora capitata,MCAP,TANK5
B10_2_3SP,B10,3SP,2,Montipora capitata,MCAP,TANK5
B11_2_3SP,B11,3SP,2,Montipora capitata,MCAP,TANK5
B12_2_3SP,B12,3SP,2,Montipora capitata,MCAP,TANK5
B13_2_3SP,B13,3SP,2,Montipora capitata,MCAP,TANK19
B14_2_3SP,B14,3SP,2,Montipora capitata,MCAP,TANK19
B15_2_3SP,B15,3SP,2,Montipora capitata,MCAP,TANK19
B16_2_3SP,B16,3SP,2,Montipora capitata,MCAP,TANK19
C01_2_3SP,C01,3SP,2,Pocillopora meandrina,PMEA,TANK9
C02_2_3SP,C02,3SP,2,Pocillopora meandrina,PMEA,TANK9
C03_2_3SP,C03,3SP,2,Pocillopora meandrina,PMEA,TANK9
C04_2_3SP,C04,3SP,2,Pocillopora meandrina,PMEA,TANK9
C05_2_3SP,C05,3SP,2,Pocillopora meandrina,PMEA,TANK22
C06_2_3SP,C06,3SP,2,Pocillopora meandrina,PMEA,TANK22
C07_2_3SP,C07,3SP,2,Pocillopora meandrina,PMEA,TANK22
C08_2_3SP,C08,3SP,2,Pocillopora meandrina,PMEA,TANK22
C09_2_3SP,C09,3SP,2,Pocillopora meandrina,PMEA,TANK5
C10_2_3SP,C10,3SP,2,Pocillopora meandrina,PMEA,TANK5
C11_2_3SP,C11,3SP,2,Pocillopora meandrina,PMEA,TANK5
C12_2_3SP,C12,3SP,2,Pocillopora meandrina,PMEA,TANK5
C13_2_3SP,C13,3SP,2,Pocillopora meandrina,PMEA,TANK19
C14_2_3SP,C14,3SP,2,Pocillopora meandrina,PMEA,TANK19
C15_2_3SP,C15,3SP,2,Pocillopora meandrina,PMEA,TANK19
C16_2_3SP,C16,3SP,2,Pocillopora meandrina,PMEA,TANK19
A01_1_MONO,A01,MONO,1,Porites compressa,PCOM,TANK20
A02_1_MONO,A02,MONO,1,Porites compressa,PCOM,TANK20
A03_1_MONO,A03,MONO,1,Porites compressa,PCOM,TANK20
A04_1_MONO,A04,MONO,1,Porites compressa,PCOM,TANK20
A05_1_MONO,A05,MONO,1,Porites compressa,PCOM,TANK1
A06_1_MONO,A06,MONO,1,Porites compressa,PCOM,TANK1
A07_1_MONO,A07,MONO,1,Porites compressa,PCOM,TANK1
A08_1_MONO,A08,MONO,1,Porites compressa,PCOM,TANK1
A09_1_MONO,A09,MONO,1,Porites compressa,PCOM,TANK3
A10_1_MONO,A10,MONO,1,Porites compressa,PCOM,TANK3
A11_1_MONO,A11,MONO,1,Porites compressa,PCOM,TANK3
A12_1_MONO,A12,MONO,1,Porites compressa,PCOM,TANK3
A13_1_MONO,A13,MONO,1,Porites compressa,PCOM,TANK18
A14_1_MONO,A14,MONO,1,Porites compressa,PCOM,TANK18
A15_1_MONO,A15,MONO,1,Porites compressa,PCOM,TANK18
A16_1_MONO,A16,MONO,1,Porites compressa,PCOM,TANK18
A01_2_MONO,A01,MONO,2,Porites compressa,PCOM,TANK20
A02_2_MONO,A02,MONO,2,Porites compressa,PCOM,TANK20
A03_2_MONO,A03,MONO,2,Porites compressa,PCOM,TANK20
A04_2_MONO,A04,MONO,2,Porites compressa,PCOM,TANK20
A05_2_MONO,A05,MONO,2,Porites compressa,PCOM,TANK1
A06_2_MONO,A06,MONO,2,Porites compressa,PCOM,TANK1
A07_2_MONO,A07,MONO,2,Porites compressa,PCOM,TANK1
A08_2_MONO,A08,MONO,2,Porites compressa,PCOM,TANK1
A09_2_MONO,A09,MONO,2,Porites compressa,PCOM,TANK3
A10_2_MONO,A10,MONO,2,Porites compressa,PCOM,TANK3
A11_2_MONO,A11,MONO,2,Porites compressa,PCOM,TANK3
A12_2_MONO,A12,MONO,2,Porites compressa,PCOM,TANK3
A13_2_MONO,A13,MONO,2,Porites compressa,PCOM,TANK18
A14_2_MONO,A14,MONO,2,Porites compressa,PCOM,TANK18
A15_2_MONO,A15,MONO,2,Porites compressa,PCOM,TANK18
A16_2_MONO,A16,MONO,2,Porites compressa,PCOM,TANK18
A01_3_MONO,A01,MONO,3,Porites compressa,PCOM,TANK20
A02_3_MONO,A02,MONO,3,Porites compressa,PCOM,TANK20
A03_3_MONO,A03,MONO,3,Porites compressa,PCOM,TANK20
A04_3_MONO,A04,MONO,3,Porites compressa,PCOM,TANK20
A05_3_MONO,A05,MONO,3,Porites compressa,PCOM,TANK1
A06_3_MONO,A06,MONO,3,Porites compressa,PCOM,TANK1
A07_3_MONO,A07,MONO,3,Porites compressa,PCOM,TANK1
A08_3_MONO,A08,MONO,3,Porites compressa,PCOM,TANK1
A09_3_MONO,A09,MONO,3,Porites compressa,PCOM,TANK3
A10_3_MONO,A10,MONO,3,Porites compressa,PCOM,TANK3
A11_3_MONO,A11,MONO,3,Porites compressa,PCOM,TANK3
A12_3_MONO,A12,MONO,3,Porites compressa,PCOM,TANK3
A13_3_MONO,A13,MONO,3,Porites compressa,PCOM,TANK18
A14_3_MONO,A14,MONO,3,Porites compressa,PCOM,TANK18
A15_3_MONO,A15,MONO,3,Porites compressa,PCOM,TANK18
A16_3_MONO,A16,MONO,3,Porites compressa,PCOM,TANK18
A01_4_MONO,A01,MONO,4,Porites compressa,PCOM,TANK20
A02_4_MONO,A02,MONO,4,Porites compressa,PCOM,TANK20
A03_4_MONO,A03,MONO,4,Porites compressa,PCOM,TANK20
A04_4_MONO,A04,MONO,4,Porites compressa,PCOM,TANK20
A05_4_MONO,A05,MONO,4,Porites compressa,PCOM,TANK1
A06_4_MONO,A06,MONO,4,Porites compressa,PCOM,TANK1
A07_4_MONO,A07,MONO,4,Porites compressa,PCOM,TANK1
A08_4_MONO,A08,MONO,4,Porites compressa,PCOM,TANK1
A09_4_MONO,A09,MONO,4,Porites compressa,PCOM,TANK3
A10_4_MONO,A10,MONO,4,Porites compressa,PCOM,TANK3
A11_4_MONO,A11,MONO,4,Porites compressa,PCOM,TANK3
A12_4_MONO,A12,MONO,4,Porites compressa,PCOM,TANK3
A13_4_MONO,A13,MONO,4,Porites compressa,PCOM,TANK18
A14_4_MONO,A14,MONO,4,Porites compressa,PCOM,TANK18
A15_4_MONO,A15,MONO,4,Porites compressa,PCOM,TANK18
A16_4_MONO,A16,MONO,4,Porites compressa,PCOM,TANK18
A01_5_MONO,A01,MONO,5,Porites compressa,PCOM,TANK20
A02_5_MONO,A02,MONO,5,Porites compressa,PCOM,TANK20
A03_5_MONO,A03,MONO,5,Porites compressa,PCOM,TANK20
A04_5_MONO,A04,MONO,5,Porites compressa,PCOM,TANK20
A05_5_MONO,A05,MONO,5,Porites compressa,PCOM,TANK1
A06_5_MONO,A06,MONO,5,Porites compressa,PCOM,TANK1
A07_5_MONO,A07,MONO,5,Porites compressa,PCOM,TANK1
A08_5_MONO,A08,MONO,5,Porites compressa,PCOM,TANK1
A09_5_MONO,A09,MONO,5,Porites compressa,PCOM,TANK3
A10_5_MONO,A10,MONO,5,Porites compressa,PCOM,TANK3
A11_5_MONO,A11,MONO,5,Porites compressa,PCOM,TANK3
A12_5_MONO,A12,MONO,5,Porites compressa,PCOM,TANK3
A13_5_MONO,A13,MONO,5,Porites compressa,PCOM,TANK18
A14_5_MONO,A14,MONO,5,Porites compressa,PCOM,TANK18
A15_5_MONO,A15,MONO,5,Porites compressa,PCOM,TANK18
A16_5_MONO,A16,MONO,5,Porites compressa,PCOM,TANK18
A01_6_MONO,A01,MONO,6,Porites compressa,PCOM,TANK20
A02_6_MONO,A02,MONO,6,Porites compressa,PCOM,TANK20
A03_6_MONO,A03,MONO,6,Porites compressa,PCOM,TANK20
A04_6_MONO,A04,MONO,6,Porites compressa,PCOM,TANK20
A05_6_MONO,A05,MONO,6,Porites compressa,PCOM,TANK1
A06_6_MONO,A06,MONO,6,Porites compressa,PCOM,TANK1
A07_6_MONO,A07,MONO,6,Porites compressa,PCOM,TANK1
A08_6_MONO,A08,MONO,6,Porites compressa,PCOM,TANK1
A09_6_MONO,A09,MONO,6,Porites compressa,PCOM,TANK3
A10_6_MONO,A10,MONO,6,Porites compressa,PCOM,TANK3
A11_6_MONO,A11,MONO,6,Porites compressa,PCOM,TANK3
A12_6_MONO,A12,MONO,6,Porites compressa,PCOM,TANK3
A13_6_MONO,A13,MONO,6,Porites compressa,PCOM,TANK18
A14_6_MONO,A14,MONO,6,Porites compressa,PCOM,TANK18
A15_6_MONO,A15,MONO,6,Porites compressa,PCOM,TANK18
A16_6_MONO,A16,MONO,6,Porites compressa,PCOM,TANK18
B01_1_MONO,B01,MONO,1,Montipora capitata,MCAP,TANK10
B02_1_MONO,B02,MONO,1,Montipora capitata,MCAP,TANK10
B03_1_MONO,B03,MONO,1,Montipora capitata,MCAP,TANK10
B04_1_MONO,B04,MONO,1,Montipora capitata,MCAP,TANK10
B05_1_MONO,B05,MONO,1,Montipora capitata,MCAP,TANK21
B06_1_MONO,B06,MONO,1,Montipora capitata,MCAP,TANK21
B07_1_MONO,B07,MONO,1,Montipora capitata,MCAP,TANK21
B08_1_MONO,B08,MONO,1,Montipora capitata,MCAP,TANK21
B09_1_MONO,B09,MONO,1,Montipora capitata,MCAP,TANK6
B10_1_MONO,B10,MONO,1,Montipora capitata,MCAP,TANK6
B11_1_MONO,B11,MONO,1,Montipora capitata,MCAP,TANK6
B12_1_MONO,B12,MONO,1,Montipora capitata,MCAP,TANK6
B13_1_MONO,B13,MONO,1,Montipora capitata,MCAP,TANK11
B14_1_MONO,B14,MONO,1,Montipora capitata,MCAP,TANK11
B15_1_MONO,B15,MONO,1,Montipora capitata,MCAP,TANK11
B16_1_MONO,B16,MONO,1,Montipora capitata,MCAP,TANK11
B01_2_MONO,B01,MONO,2,Montipora capitata,MCAP,TANK10
B02_2_MONO,B02,MONO,2,Montipora capitata,MCAP,TANK10
B03_2_MONO,B03,MONO,2,Montipora capitata,MCAP,TANK10
B04_2_MONO,B04,MONO,2,Montipora capitata,MCAP,TANK10
B05_2_MONO,B05,MONO,2,Montipora capitata,MCAP,TANK21
B06_2_MONO,B06,MONO,2,Montipora capitata,MCAP,TANK21
B07_2_MONO,B07,MONO,2,Montipora capitata,MCAP,TANK21
B08_2_MONO,B08,MONO,2,Montipora capitata,MCAP,TANK21
B09_2_MONO,B09,MONO,2,Montipora capitata,MCAP,TANK6
B10_2_MONO,B10,MONO,2,Montipora capitata,MCAP,TANK6
B11_2_MONO,B11,MONO,2,Montipora capitata,MCAP,TANK6
B12_2_MONO,B12,MONO,2,Montipora capitata,MCAP,TANK6
B13_2_MONO,B13,MONO,2,Montipora capitata,MCAP,TANK11
B14_2_MONO,B14,MONO,2,Montipora capitata,MCAP,TANK11
B15_2_MONO,B15,MONO,2,Montipora capitata,MCAP,TANK11
B16_2_MONO,B16,MONO,2,Montipora capitata,MCAP,TANK11
B01_3_MONO,B01,MONO,3,Montipora capitata,MCAP,TANK10
B02_3_MONO,B02,MONO,3,Montipora capitata,MCAP,TANK10
B03_3_MONO,B03,MONO,3,Montipora capitata,MCAP,TANK10
B04_3_MONO,B04,MONO,3,Montipora capitata,MCAP,TANK10
B05_3_MONO,B05,MONO,3,Montipora capitata,MCAP,TANK21
B06_3_MONO,B06,MONO,3,Montipora capitata,MCAP,TANK21
B07_3_MONO,B07,MONO,3,Montipora capitata,MCAP,TANK21
B08_3_MONO,B08,MONO,3,Montipora capitata,MCAP,TANK21
B09_3_MONO,B09,MONO,3,Montipora capitata,MCAP,TANK6
B10_3_MONO,B10,MONO,3,Montipora capitata,MCAP,TANK6
B11_3_MONO,B11,MONO,3,Montipora capitata,MCAP,TANK6
B12_3_MONO,B12,MONO,3,Montipora capitata,MCAP,TANK6
B13_3_MONO,B13,MONO,3,Montipora capitata,MCAP,TANK11
B14_3_MONO,B14,MONO,3,Montipora capitata,MCAP,TANK11
B15_3_MONO,B15,MONO,3,Montipora capitata,MCAP,TANK11
B16_3_MONO,B16,MONO,3,Montipora capitata,MCAP,TANK11
B01_4_MONO,B01,MONO,4,Montipora capitata,MCAP,TANK10
B02_4_MONO,B02,MONO,4,Montipora capitata,MCAP,TANK10
B03_4_MONO,B03,MONO,4,Montipora capitata,MCAP,TANK10
B04_4_MONO,B04,MONO,4,Montipora capitata,MCAP,TANK10
B05_4_MONO,B05,MONO,4,Montipora capitata,MCAP,TANK21
B06_4_MONO,B06,MONO,4,Montipora capitata,MCAP,TANK21
B07_4_MONO,B07,MONO,4,Montipora capitata,MCAP,TANK21
B08_4_MONO,B08,MONO,4,Montipora capitata,MCAP,TANK21
B09_4_MONO,B09,MONO,4,Montipora capitata,MCAP,TANK6
B10_4_MONO,B10,MONO,4,Montipora capitata,MCAP,TANK6
B11_4_MONO,B11,MONO,4,Montipora capitata,MCAP,TANK6
B12_4_MONO,B12,MONO,4,Montipora capitata,MCAP,TANK6
B13_4_MONO,B13,MONO,4,Montipora capitata,MCAP,TANK11
B14_4_MONO,B14,MONO,4,Montipora capitata,MCAP,TANK11
B15_4_MONO,B15,MONO,4,Montipora capitata,MCAP,TANK11
B16_4_MONO,B16,MONO,4,Montipora capitata,MCAP,TANK11
B01_5_MONO,B01,MONO,5,Montipora capitata,MCAP,TANK10
B02_5_MONO,B02,MONO,5,Montipora capitata,MCAP,TANK10
B03_5_MONO,B03,MONO,5,Montipora capitata,MCAP,TANK10
B04_5_MONO,B04,MONO,5,Montipora capitata,MCAP,TANK10
B05_5_MONO,B05,MONO,5,Montipora capitata,MCAP,TANK21
B06_5_MONO,B06,MONO,5,Montipora capitata,MCAP,TANK21
B07_5_MONO,B07,MONO,5,Montipora capitata,MCAP,TANK21
B08_5_MONO,B08,MONO,5,Montipora capitata,MCAP,TANK21
B09_5_MONO,B09,MONO,5,Montipora capitata,MCAP,TANK6
B10_5_MONO,B10,MONO,5,Montipora capitata,MCAP,TANK6
B11_5_MONO,B11,MONO,5,Montipora capitata,MCAP,TANK6
B12_5_MONO,B12,MONO,5,Montipora capitata,MCAP,TANK6
B13_5_MONO,B13,MONO,5,Montipora capitata,MCAP,TANK11
B14_5_MONO,B14,MONO,5,Montipora capitata,MCAP,TANK11
B15_5_MONO,B15,MONO,5,Montipora capitata,MCAP,TANK11
B16_5_MONO,B16,MONO,5,Montipora capitata,MCAP,TANK11
B01_6_MONO,B01,MONO,6,Montipora capitata,MCAP,TANK10
B02_6_MONO,B02,MONO,6,Montipora capitata,MCAP,TANK10
B03_6_MONO,B03,MONO,6,Montipora capitata,MCAP,TANK10
B04_6_MONO,B04,MONO,6,Montipora capitata,MCAP,TANK10
B05_6_MONO,B05,MONO,6,Montipora capitata,MCAP,TANK21
B06_6_MONO,B06,MONO,6,Montipora capitata,MCAP,TANK21
B07_6_MONO,B07,MONO,6,Montipora capitata,MCAP,TANK21
B08_6_MONO,B08,MONO,6,Montipora capitata,MCAP,TANK21
B09_6_MONO,B09,MONO,6,Montipora capitata,MCAP,TANK6
B10_6_MONO,B10,MONO,6,Montipora capitata,MCAP,TANK6
B11_6_MONO,B11,MONO,6,Montipora capitata,MCAP,TANK6
B12_6_MONO,B12,MONO,6,Montipora capitata,MCAP,TANK6
B13_6_MONO,B13,MONO,6,Montipora capitata,MCAP,TANK11
B14_6_MONO,B14,MONO,6,Montipora capitata,MCAP,TANK11
B15_6_MONO,B15,MONO,6,Montipora capitata,MCAP,TANK11
B16_6_MONO,B16,MONO,6,Montipora capitata,MCAP,TANK11
A01_1_FAKE,A01,FAKE,1,Porites compressa,PCOM,TANK12
A02_1_FAKE,A02,FAKE,1,Porites compressa,PCOM,TANK12
A03_1_FAKE,A03,FAKE,1,Porites compressa,PCOM,TANK12
A04_1_FAKE,A04,FAKE,1,Porites compressa,PCOM,TANK12
A05_1_FAKE,A05,FAKE,1,Porites compressa,PCOM,TANK7
A06_1_FAKE,A06,FAKE,1,Porites compressa,PCOM,TANK7
A07_1_FAKE,A07,FAKE,1,Porites compressa,PCOM,TANK7
A08_1_FAKE,A08,FAKE,1,Porites compressa,PCOM,TANK7
A09_1_FAKE,A09,FAKE,1,Porites compressa,PCOM,TANK15
A10_1_FAKE,A10,FAKE,1,Porites compressa,PCOM,TANK15
A11_1_FAKE,A11,FAKE,1,Porites compressa,PCOM,TANK15
A12_1_FAKE,A12,FAKE,1,Porites compressa,PCOM,TANK15
A13_1_FAKE,A13,FAKE,1,Porites compressa,PCOM,TANK14
A14_1_FAKE,A14,FAKE,1,Porites compressa,PCOM,TANK14
A15_1_FAKE,A15,FAKE,1,Porites compressa,PCOM,TANK14
A16_1_FAKE,A16,FAKE,1,Porites compressa,PCOM,TANK14
XB01_1_FAKE,XB01,FAKE,1,FAKE_Montipora capitata,FAKE,TANK12
XB02_1_FAKE,XB02,FAKE,1,FAKE_Montipora capitata,FAKE,TANK12
XB03_1_FAKE,XB03,FAKE,1,FAKE_Montipora capitata,FAKE,TANK12
XB04_1_FAKE,XB04,FAKE,1,FAKE_Montipora capitata,FAKE,TANK12
XB05_1_FAKE,XB05,FAKE,1,FAKE_Montipora capitata,FAKE,TANK7
XB06_1_FAKE,XB06,FAKE,1,FAKE_Montipora capitata,FAKE,TANK7
XB07_1_FAKE,XB07,FAKE,1,FAKE_Montipora capitata,FAKE,TANK7
XB08_1_FAKE,XB08,FAKE,1,FAKE_Montipora capitata,FAKE,TANK7
XB09_1_FAKE,XB09,FAKE,1,FAKE_Montipora capitata,FAKE,TANK15
XB10_1_FAKE,XB10,FAKE,1,FAKE_Montipora capitata,FAKE,TANK15
XB11_1_FAKE,XB11,FAKE,1,FAKE_Montipora capitata,FAKE,TANK15
XB12_1_FAKE,XB12,FAKE,1,FAKE_Montipora capitata,FAKE,TANK15
XB13_1_FAKE,XB13,FAKE,1,FAKE_Montipora capitata,FAKE,TANK14
XB14_1_FAKE,XB14,FAKE,1,FAKE_Montipora capitata,FAKE,TANK14
XB15_1_FAKE,XB15,FAKE,1,FAKE_Montipora capitata,FAKE,TANK14
XB16_1_FAKE,XB16,FAKE,1,FAKE_Montipora capitata,FAKE,TANK14
XC01_2_FAKE,XC01,FAKE,2,FAKE_Pocillopora meandrina,FAKE,TANK12
XC02_2_FAKE,XC02,FAKE,2,FAKE_Pocillopora meandrina,FAKE,TANK12
XC03_2_FAKE,XC03,FAKE,2,FAKE_Pocillopora meandrina,FAKE,TANK12
XC04_2_FAKE,XC04,FAKE,2,FAKE_Pocillopora meandrina,FAKE,TANK12
XC05_2_FAKE,XC05,FAKE,2,FAKE_Pocillopora meandrina,FAKE,TANK7
XC06_2_FAKE,XC06,FAKE,2,FAKE_Pocillopora meandrina,FAKE,TANK7
XC07_2_FAKE,XC07,FAKE,2,FAKE_Pocillopora meandrina,FAKE,TANK7
XC08_2_FAKE,XC08,FAKE,2,FAKE_Pocillopora meandrina,FAKE,TANK7
XC09_2_FAKE,XC09,FAKE,2,FAKE_Pocillopora meandrina,FAKE,TANK15
XC10_2_FAKE,XC10,FAKE,2,FAKE_Pocillopora meandrina,FAKE,TANK15
XC11_2_FAKE,XC11,FAKE,2,FAKE_Pocillopora meandrina,FAKE,TANK15
XC12_2_FAKE,XC12,FAKE,2,FAKE_Pocillopora meandrina,FAKE,TANK15
XC13_2_FAKE,XC13,FAKE,2,FAKE_Pocillopora meandrina,FAKE,TANK14
XC14_2_FAKE,XC14,FAKE,2,FAKE_Pocillopora meandrina,FAKE,TANK14
XC15_2_FAKE,XC15,FAKE,2,FAKE_Pocillopora meandrina,FAKE,TANK14
XC16_2_FAKE,XC16,FAKE,2,FAKE_Pocillopora meandrina,FAKE,TANK14
XD01_3_FAKE,XD01,FAKE,3,FAKE_Pavona varians,FAKE,TANK12
XD02_3_FAKE,XD02,FAKE,3,FAKE_Pavona varians,FAKE,TANK12
XD03_3_FAKE,XD03,FAKE,3,FAKE_Pavona varians,FAKE,TANK12
XD04_3_FAKE,XD04,FAKE,3,FAKE_Pavona varians,FAKE,TANK12
XD05_3_FAKE,XD05,FAKE,3,FAKE_Pavona varians,FAKE,TANK7
XD06_3_FAKE,XD06,FAKE,3,FAKE_Pavona varians,FAKE,TANK7
XD07_3_FAKE,XD07,FAKE,3,FAKE_Pavona varians,FAKE,TANK7
XD08_3_FAKE,XD08,FAKE,3,FAKE_Pavona varians,FAKE,TANK7
XD09_3_FAKE,XD09,FAKE,3,FAKE_Pavona varians,FAKE,TANK15
XD10_3_FAKE,XD10,FAKE,3,FAKE_Pavona varians,FAKE,TANK15
XD11_3_FAKE,XD11,FAKE,3,FAKE_Pavona varians,FAKE,TANK15
XD12_3_FAKE,XD12,FAKE,3,FAKE_Pavona varians,FAKE,TANK15
XD13_3_FAKE,XD13,FAKE,3,FAKE_Pavona varians,FAKE,TANK14
XD14_3_FAKE,XD14,FAKE,3,FAKE_Pavona varians,FAKE,TANK14
XD15_3_FAKE,XD15,FAKE,3,FAKE_Pavona varians,FAKE,TANK14
XD16_3_FAKE,XD16,FAKE,3,FAKE_Pavona varians,FAKE,TANK14
XE01_4_FAKE,XE01,FAKE,4,FAKE_Leptastrea purpurea,FAKE,TANK12
XE02_4_FAKE,XE02,FAKE,4,FAKE_Leptastrea purpurea,FAKE,TANK12
XE03_4_FAKE,XE03,FAKE,4,FAKE_Leptastrea purpurea,FAKE,TANK12
XE04_4_FAKE,XE04,FAKE,4,FAKE_Leptastrea purpurea,FAKE,TANK12
XE05_4_FAKE,XE05,FAKE,4,FAKE_Leptastrea purpurea,FAKE,TANK7
XE06_4_FAKE,XE06,FAKE,4,FAKE_Leptastrea purpurea,FAKE,TANK7
XE07_4_FAKE,XE07,FAKE,4,FAKE_Leptastrea purpurea,FAKE,TANK7
XE08_4_FAKE,XE08,FAKE,4,FAKE_Leptastrea purpurea,FAKE,TANK7
XE09_4_FAKE,XE09,FAKE,4,FAKE_Leptastrea purpurea,FAKE,TANK15
XE10_4_FAKE,XE10,FAKE,4,FAKE_Leptastrea purpurea,FAKE,TANK15
XE11_4_FAKE,XE11,FAKE,4,FAKE_Leptastrea purpurea,FAKE,TANK15
XE12_4_FAKE,XE12,FAKE,4,FAKE_Leptastrea purpurea,FAKE,TANK15
XE13_4_FAKE,XE13,FAKE,4,FAKE_Leptastrea purpurea,FAKE,TANK14
XE14_4_FAKE,XE14,FAKE,4,FAKE_Leptastrea purpurea,FAKE,TANK14
XE15_4_FAKE,XE15,FAKE,4,FAKE_Leptastrea purpurea,FAKE,TANK14
XE16_4_FAKE,XE16,FAKE,4,FAKE_Leptastrea purpurea,FAKE,TANK14
XF01_5_FAKE,XF01,FAKE,5,FAKE_Porites evermanni,FAKE,TANK12
XF02_5_FAKE,XF02,FAKE,5,FAKE_Porites evermanni,FAKE,TANK12
XF03_5_FAKE,XF03,FAKE,5,FAKE_Porites evermanni,FAKE,TANK12
XF04_5_FAKE,XF04,FAKE,5,FAKE_Porites evermanni,FAKE,TANK12
XF05_5_FAKE,XF05,FAKE,5,FAKE_Porites evermanni,FAKE,TANK7
XF06_5_FAKE,XF06,FAKE,5,FAKE_Porites evermanni,FAKE,TANK7
XF07_5_FAKE,XF07,FAKE,5,FAKE_Porites evermanni,FAKE,TANK7
XF08_5_FAKE,XF08,FAKE,5,FAKE_Porites evermanni,FAKE,TANK7
XF09_5_FAKE,XF09,FAKE,5,FAKE_Porites evermanni,FAKE,TANK15
XF10_5_FAKE,XF10,FAKE,5,FAKE_Porites evermanni,FAKE,TANK15
XF11_5_FAKE,XF11,FAKE,5,FAKE_Porites evermanni,FAKE,TANK15
XF12_5_FAKE,XF12,FAKE,5,FAKE_Porites evermanni,FAKE,TANK15
XF13_5_FAKE,XF13,FAKE,5,FAKE_Porites evermanni,FAKE,TANK14
XF14_5_FAKE,XF14,FAKE,5,FAKE_Porites evermanni,FAKE,TANK14
XF15_5_FAKE,XF15,FAKE,5,FAKE_Porites evermanni,FAKE,TANK14
XF16_5_FAKE,XF16,FAKE,5,FAKE_Porites evermanni,FAKE,TANK14
B01_1_FAKE,B01,FAKE,1,Montipora capitata,MCAP,TANK17
B02_1_FAKE,B02,FAKE,1,Montipora capitata,MCAP,TANK17
B03_1_FAKE,B03,FAKE,1,Montipora capitata,MCAP,TANK17
B04_1_FAKE,B04,FAKE,1,Montipora capitata,MCAP,TANK17
B05_1_FAKE,B05,FAKE,1,Montipora capitata,MCAP,TANK8
B06_1_FAKE,B06,FAKE,1,Montipora capitata,MCAP,TANK8
B07_1_FAKE,B07,FAKE,1,Montipora capitata,MCAP,TANK8
B08_1_FAKE,B08,FAKE,1,Montipora capitata,MCAP,TANK8
B09_1_FAKE,B09,FAKE,1,Montipora capitata,MCAP,TANK23
B10_1_FAKE,B10,FAKE,1,Montipora capitata,MCAP,TANK23
B11_1_FAKE,B11,FAKE,1,Montipora capitata,MCAP,TANK23
B12_1_FAKE,B12,FAKE,1,Montipora capitata,MCAP,TANK23
B13_1_FAKE,B13,FAKE,1,Montipora capitata,MCAP,TANK4
B14_1_FAKE,B14,FAKE,1,Montipora capitata,MCAP,TANK4
B15_1_FAKE,B15,FAKE,1,Montipora capitata,MCAP,TANK4
B16_1_FAKE,B16,FAKE,1,Montipora capitata,MCAP,TANK4
XA01_1_FAKE,XA01,FAKE,1,FAKE_Porites compressa,FAKE,TANK17
XA02_1_FAKE,XA02,FAKE,1,FAKE_Porites compressa,FAKE,TANK17
XA03_1_FAKE,XA03,FAKE,1,FAKE_Porites compressa,FAKE,TANK17
XA04_1_FAKE,XA04,FAKE,1,FAKE_Porites compressa,FAKE,TANK17
XA05_1_FAKE,XA05,FAKE,1,FAKE_Porites compressa,FAKE,TANK8
XA06_1_FAKE,XA06,FAKE,1,FAKE_Porites compressa,FAKE,TANK8
XA07_1_FAKE,XA07,FAKE,1,FAKE_Porites compressa,FAKE,TANK8
XA08_1_FAKE,XA08,FAKE,1,FAKE_Porites compressa,FAKE,TANK8
XA09_1_FAKE,XA09,FAKE,1,FAKE_Porites compressa,FAKE,TANK23
XA10_1_FAKE,XA10,FAKE,1,FAKE_Porites compressa,FAKE,TANK23
XA11_1_FAKE,XA11,FAKE,1,FAKE_Porites compressa,FAKE,TANK23
XA12_1_FAKE,XA12,FAKE,1,FAKE_Porites compressa,FAKE,TANK23
XA13_1_FAKE,XA13,FAKE,1,FAKE_Porites compressa,FAKE,TANK4
XA14_1_FAKE,XA14,FAKE,1,FAKE_Porites compressa,FAKE,TANK4
XA15_1_FAKE,XA15,FAKE,1,FAKE_Porites compressa,FAKE,TANK4
XA16_1_FAKE,XA16,FAKE,1,FAKE_Porites compressa,FAKE,TANK4
XC01_2_FAKE,XC01,FAKE,2,FAKE_Pocillopora meandrina,FAKE,TANK17
XC02_2_FAKE,XC02,FAKE,2,FAKE_Pocillopora meandrina,FAKE,TANK17
XC03_2_FAKE,XC03,FAKE,2,FAKE_Pocillopora meandrina,FAKE,TANK17
XC04_2_FAKE,XC04,FAKE,2,FAKE_Pocillopora meandrina,FAKE,TANK17
XC05_2_FAKE,XC05,FAKE,2,FAKE_Pocillopora meandrina,FAKE,TANK8
XC06_2_FAKE,XC06,FAKE,2,FAKE_Pocillopora meandrina,FAKE,TANK8
XC07_2_FAKE,XC07,FAKE,2,FAKE_Pocillopora meandrina,FAKE,TANK8
XC08_2_FAKE,XC08,FAKE,2,FAKE_Pocillopora meandrina,FAKE,TANK8
XC09_2_FAKE,XC09,FAKE,2,FAKE_Pocillopora meandrina,FAKE,TANK23
XC10_2_FAKE,XC10,FAKE,2,FAKE_Pocillopora meandrina,FAKE,TANK23
XC11_2_FAKE,XC11,FAKE,2,FAKE_Pocillopora meandrina,FAKE,TANK23
XC12_2_FAKE,XC12,FAKE,2,FAKE_Pocillopora meandrina,FAKE,TANK23
XC13_2_FAKE,XC13,FAKE,2,FAKE_Pocillopora meandrina,FAKE,TANK4
XC14_2_FAKE,XC14,FAKE,2,FAKE_Pocillopora meandrina,FAKE,TANK4
XC15_2_FAKE,XC15,FAKE,2,FAKE_Pocillopora meandrina,FAKE,TANK4
XC16_2_FAKE,XC16,FAKE,2,FAKE_Pocillopora meandrina,FAKE,TANK4
XD01_3_FAKE,XD01,FAKE,3,FAKE_Pavona varians,FAKE,TANK17
XD02_3_FAKE,XD02,FAKE,3,FAKE_Pavona varians,FAKE,TANK17
XD03_3_FAKE,XD03,FAKE,3,FAKE_Pavona varians,FAKE,TANK17
XD04_3_FAKE,XD04,FAKE,3,FAKE_Pavona varians,FAKE,TANK17
XD05_3_FAKE,XD05,FAKE,3,FAKE_Pavona varians,FAKE,TANK8
XD06_3_FAKE,XD06,FAKE,3,FAKE_Pavona varians,FAKE,TANK8
XD07_3_FAKE,XD07,FAKE,3,FAKE_Pavona varians,FAKE,TANK8
XD08_3_FAKE,XD08,FAKE,3,FAKE_Pavona varians,FAKE,TANK8
XD09_3_FAKE,XD09,FAKE,3,FAKE_Pavona varians,FAKE,TANK23
XD10_3_FAKE,XD10,FAKE,3,FAKE_Pavona varians,FAKE,TANK23
XD11_3_FAKE,XD11,FAKE,3,FAKE_Pavona varians,FAKE,TANK23
XD12_3_FAKE,XD12,FAKE,3,FAKE_Pavona varians,FAKE,TANK23
XD13_3_FAKE,XD13,FAKE,3,FAKE_Pavona varians,FAKE,TANK4
XD14_3_FAKE,XD14,FAKE,3,FAKE_Pavona varians,FAKE,TANK4
XD15_3_FAKE,XD15,FAKE,3,FAKE_Pavona varians,FAKE,TANK4
XD16_3_FAKE,XD16,FAKE,3,FAKE_Pavona varians,FAKE,TANK4
XE01_4_FAKE,XE01,FAKE,4,FAKE_Leptastrea purpurea,FAKE,TANK17
XE02_4_FAKE,XE02,FAKE,4,FAKE_Leptastrea purpurea,FAKE,TANK17
XE03_4_FAKE,XE03,FAKE,4,FAKE_Leptastrea purpurea,FAKE,TANK17
XE04_4_FAKE,XE04,FAKE,4,FAKE_Leptastrea purpurea,FAKE,TANK17
XE05_4_FAKE,XE05,FAKE,4,FAKE_Leptastrea purpurea,FAKE,TANK8
XE06_4_FAKE,XE06,FAKE,4,FAKE_Leptastrea purpurea,FAKE,TANK8
XE07_4_FAKE,XE07,FAKE,4,FAKE_Leptastrea purpurea,FAKE,TANK8
XE08_4_FAKE,XE08,FAKE,4,FAKE_Leptastrea purpurea,FAKE,TANK8
XE09_4_FAKE,XE09,FAKE,4,FAKE_Leptastrea purpurea,FAKE,TANK23
XE10_4_FAKE,XE10,FAKE,4,FAKE_Leptastrea purpurea,FAKE,TANK23
XE11_4_FAKE,XE11,FAKE,4,FAKE_Leptastrea purpurea,FAKE,TANK23
XE12_4_FAKE,XE12,FAKE,4,FAKE_Leptastrea purpurea,FAKE,TANK23
XE13_4_FAKE,XE13,FAKE,4,FAKE_Leptastrea purpurea,FAKE,TANK4
XE14_4_FAKE,XE14,FAKE,4,FAKE_Leptastrea purpurea,FAKE,TANK4
XE15_4_FAKE,XE15,FAKE,4,FAKE_Leptastrea purpurea,FAKE,TANK4
XE16_4_FAKE,XE16,FAKE,4,FAKE_Leptastrea purpurea,FAKE,TANK4
XF01_5_FAKE,XF01,FAKE,5,FAKE_Porites evermanni,FAKE,TANK17
XF02_5_FAKE,XF02,FAKE,5,FAKE_Porites evermanni,FAKE,TANK17
XF03_5_FAKE,XF03,FAKE,5,FAKE_Porites evermanni,FAKE,TANK17
XF04_5_FAKE,XF04,FAKE,5,FAKE_Porites evermanni,FAKE,TANK17
XF05_5_FAKE,XF05,FAKE,5,FAKE_Porites evermanni,FAKE,TANK8
XF06_5_FAKE,XF06,FAKE,5,FAKE_Porites evermanni,FAKE,TANK8
XF07_5_FAKE,XF07,FAKE,5,FAKE_Porites evermanni,FAKE,TANK8
XF08_5_FAKE,XF08,FAKE,5,FAKE_Porites evermanni,FAKE,TANK8
XF09_5_FAKE,XF09,FAKE,5,FAKE_Porites evermanni,FAKE,TANK23
XF10_5_FAKE,XF10,FAKE,5,FAKE_Porites evermanni,FAKE,TANK23
XF11_5_FAKE,XF11,FAKE,5,FAKE_Porites evermanni,FAKE,TANK23
XF12_5_FAKE,XF12,FAKE,5,FAKE_Porites evermanni,FAKE,TANK23
XF13_5_FAKE,XF13,FAKE,5,FAKE_Porites evermanni,FAKE,TANK4
XF14_5_FAKE,XF14,FAKE,5,FAKE_Porites evermanni,FAKE,TANK4
XF15_5_FAKE,XF15,FAKE,5,FAKE_Porites evermanni,FAKE,TANK4
XF16_5_FAKE,XF16,FAKE,5,FAKE_Porites evermanni,FAKE,TANK4