"","500","495","490","485","480","475","470","465","460","455","450","445","440","435","430","425","420","415","410","405","400","395","390","385","380","375","370","365","360","355","350","345","340","335","330","325","320","315","310","305","300","295","290","285","280","275","270","265","260","255","250","245","240"
"248.336",NA,NA,NA,NA,NA,NA,NA,NA,NA,NA,NA,NA,NA,NA,NA,NA,NA,NA,NA,NA,NA,NA,NA,NA,NA,NA,NA,NA,NA,NA,NA,NA,NA,NA,NA,NA,NA,NA,NA,NA,NA,NA,NA,NA,NA,NA,NA,NA,NA,NA,NA,NA,NA
"252.814",NA,NA,NA,NA,NA,NA,NA,NA,NA,NA,NA,NA,NA,NA,NA,NA,NA,NA,NA,NA,NA,NA,NA,NA,NA,NA,NA,NA,NA,NA,NA,NA,NA,NA,NA,NA,NA,NA,NA,NA,NA,NA,NA,NA,NA,NA,NA,NA,NA,NA,NA,NA,NA
"257.296",NA,NA,NA,NA,NA,NA,NA,NA,NA,NA,NA,NA,NA,NA,NA,NA,NA,NA,NA,NA,NA,NA,NA,NA,NA,NA,NA,NA,NA,NA,NA,NA,NA,NA,NA,NA,NA,NA,NA,NA,NA,NA,NA,NA,NA,NA,NA,NA,NA,NA,NA,NA,0
"261.781",NA,NA,NA,NA,NA,NA,NA,NA,NA,NA,NA,NA,NA,NA,NA,NA,NA,NA,NA,NA,NA,NA,NA,NA,NA,NA,NA,NA,NA,NA,NA,NA,NA,NA,NA,NA,NA,NA,NA,NA,NA,NA,NA,NA,NA,NA,NA,NA,NA,NA,NA,0.00639980779580822,0
"266.271",NA,NA,NA,NA,NA,NA,NA,NA,NA,NA,NA,NA,NA,NA,NA,NA,NA,NA,NA,NA,NA,NA,NA,NA,NA,NA,NA,NA,NA,NA,NA,NA,NA,NA,NA,NA,NA,NA,NA,NA,NA,NA,NA,NA,NA,NA,NA,NA,NA,NA,0.00234311613153278,0.00275957494176271,0
"270.764",NA,NA,NA,NA,NA,NA,NA,NA,NA,NA,NA,NA,NA,NA,NA,NA,NA,NA,NA,NA,NA,NA,NA,NA,NA,NA,NA,NA,NA,NA,NA,NA,NA,NA,NA,NA,NA,NA,NA,NA,NA,NA,NA,NA,NA,NA,NA,NA,NA,0.00734774033140304,0.0115481688209602,0.0197615417274167,0
"275.26",NA,NA,NA,NA,NA,NA,NA,NA,NA,NA,NA,NA,NA,NA,NA,NA,NA,NA,NA,NA,NA,NA,NA,NA,NA,NA,NA,NA,NA,NA,NA,NA,NA,NA,NA,NA,NA,NA,NA,NA,NA,NA,NA,NA,NA,NA,NA,NA,0.00186983136387036,0.00150358144667995,0.0017868610044966,0.00758681830989405,0.0161143365285553
"279.76",NA,NA,NA,NA,NA,NA,NA,NA,NA,NA,NA,NA,NA,NA,NA,NA,NA,NA,NA,NA,NA,NA,NA,NA,NA,NA,NA,NA,NA,NA,NA,NA,NA,NA,NA,NA,NA,NA,NA,NA,NA,NA,NA,NA,NA,NA,NA,0.0110542100465237,0.0133464201350761,0.00429097434451775,0.00794137518898824,0.00457535754665891,0.0295436046226602
"284.264",NA,NA,NA,NA,NA,NA,NA,NA,NA,NA,NA,NA,NA,NA,NA,NA,NA,NA,NA,NA,NA,NA,NA,NA,NA,NA,NA,NA,NA,NA,NA,NA,NA,NA,NA,NA,NA,NA,NA,NA,NA,NA,NA,NA,NA,NA,NA,0.0179827672419856,0.0154285996062785,0.0209814790869859,0.0114830716533519,0.00579652330524452,0.0365080947736853
"288.772",NA,NA,NA,NA,NA,NA,NA,NA,NA,NA,NA,NA,NA,NA,NA,NA,NA,NA,NA,NA,NA,NA,NA,NA,NA,NA,NA,NA,NA,NA,NA,NA,NA,NA,NA,NA,NA,NA,NA,NA,NA,NA,NA,NA,NA,NA,0.0194310384751678,0.0206331719270353,0.0194790290301231,0.0162637667010722,0.00894377048808301,0.00969660998813065,0.00362950244940703
"293.283",NA,NA,NA,NA,NA,NA,NA,NA,NA,NA,NA,NA,NA,NA,NA,NA,NA,NA,NA,NA,NA,NA,NA,NA,NA,NA,NA,NA,NA,NA,NA,NA,NA,NA,NA,NA,NA,NA,NA,NA,NA,NA,NA,NA,NA,0.0193373687833737,0.0222599262893254,0.0224818337041148,0.0213705025193742,0.0176767126242407,0.0139831096704139,0.0212376877714461,0.0111246746075561
"297.797",NA,NA,NA,NA,NA,NA,NA,NA,NA,NA,NA,NA,NA,NA,NA,NA,NA,NA,NA,NA,NA,NA,NA,NA,NA,NA,NA,NA,NA,NA,NA,NA,NA,NA,NA,NA,NA,NA,NA,NA,NA,NA,NA,NA,0.00993430181979621,0.0166333413314574,0.0190708087233,0.0249575519207071,0.0197052238536609,0.0157604077956825,0.00951300823595159,0.0110150739118056,0.011345206607119
"302.315",NA,NA,NA,NA,NA,NA,NA,NA,NA,NA,NA,NA,NA,NA,NA,NA,NA,NA,NA,NA,NA,NA,NA,NA,NA,NA,NA,NA,NA,NA,NA,NA,NA,NA,NA,NA,NA,NA,NA,NA,NA,NA,NA,0.00548918382663441,0.00980591781285464,0.0148785998928683,0.0202884098507282,0.0190262642647938,0.0135722459370715,0.00940187830690526,0.0159535509613918,0.00642564341768491,0.0150350098397244
"306.837",NA,NA,NA,NA,NA,NA,NA,NA,NA,NA,NA,NA,NA,NA,NA,NA,NA,NA,NA,NA,NA,NA,NA,NA,NA,NA,NA,NA,NA,NA,NA,NA,NA,NA,NA,NA,NA,NA,NA,NA,NA,NA,0.00256164553030045,0.00644204407099465,0.00879335012900188,0.0194579363158373,0.0199210284935717,0.0158430349106771,0.0124222336261768,0.0110299373404491,0.00807122331115738,0.012924617547811,0.00275791766066617
"311.362",NA,NA,NA,NA,NA,NA,NA,NA,NA,NA,NA,NA,NA,NA,NA,NA,NA,NA,NA,NA,NA,NA,NA,NA,NA,NA,NA,NA,NA,NA,NA,NA,NA,NA,NA,NA,NA,NA,NA,NA,NA,0.0021782980196489,0.00336049807443374,0.00403826218627869,0.0110536247025757,0.0156868779739783,0.0163101346073292,0.0164027593553311,0.0153309731222587,0.0110532846541395,0.0108219046200752,0.015364406605971,0.0167145090865177
"315.89",NA,NA,NA,NA,NA,NA,NA,NA,NA,NA,NA,NA,NA,NA,NA,NA,NA,NA,NA,NA,NA,NA,NA,NA,NA,NA,NA,NA,NA,NA,NA,NA,NA,NA,NA,NA,NA,NA,NA,NA,0.00141683250251929,0.0019754134097083,0.00290246201715897,0.00741465594156629,0.0103743825163186,0.0131148638911402,0.0134423367652262,0.0146624170592919,0.013848794937438,0.00701647129177534,0.00758003105937201,0.0103254254039002,0.0101433541717364
"320.422",NA,NA,NA,NA,NA,NA,NA,NA,NA,NA,NA,NA,NA,NA,NA,NA,NA,NA,NA,NA,NA,NA,NA,NA,NA,NA,NA,NA,NA,NA,NA,NA,NA,NA,NA,NA,NA,NA,NA,0.00157012197974533,0.00153208515070878,0.00153556139260123,0.00438427427868167,0.0100298055588893,0.00946458321402055,0.0105683133131034,0.0114526578570089,0.0144858325334773,0.0103634454847257,0.00966509617297165,0.007368920085848,0.00700497339076909,0.00353060130348114
"324.958",NA,NA,NA,NA,NA,NA,NA,NA,NA,NA,NA,NA,NA,NA,NA,NA,NA,NA,NA,NA,NA,NA,NA,NA,NA,NA,NA,NA,NA,NA,NA,NA,NA,NA,NA,NA,NA,NA,0.000732591704079638,0.00172552696939087,0.00183493137753061,0.00361734692162335,0.00660814282797115,0.00654233658357366,0.00871066067232409,0.0101383861156465,0.0115732720393412,0.00922843613912898,0.01254677940517,0.0058966917991156,0.00902143794024349,0.00418830437484132,0.00498678600459994
"329.496",NA,NA,NA,NA,NA,NA,NA,NA,NA,NA,NA,NA,NA,NA,NA,NA,NA,NA,NA,NA,NA,NA,NA,NA,NA,NA,NA,NA,NA,NA,NA,NA,NA,NA,NA,NA,NA,0.00155490936678018,0.00216884195188385,0.00258415016877613,0.00261892541077009,0.0044277969731969,0.00664716403721326,0.00711474968703179,0.00873815593876017,0.0118727345567665,0.0121749230703633,0.0124054671704921,0.0116321265856848,0.0108864845163845,0.00765282213411505,0.0237995593063052,0
"334.038",NA,NA,NA,NA,NA,NA,NA,NA,NA,NA,NA,NA,NA,NA,NA,NA,NA,NA,NA,NA,NA,NA,NA,NA,NA,NA,NA,NA,NA,NA,NA,NA,NA,NA,NA,NA,NA,0.00166844778986628,0.0021541164506813,0.00133388955749626,0.0043457371908467,0.00622670554088881,0.00548422945783971,0.00751467499648397,0.00907740904874007,0.0100896338915925,0.0111205265770844,0.00764922852793653,0.00667116672025356,0.0106386432950871,0.0100367489625176,0,0.0182522356671965
"338.584",NA,NA,NA,NA,NA,NA,NA,NA,NA,NA,NA,NA,NA,NA,NA,NA,NA,NA,NA,NA,NA,NA,NA,NA,NA,NA,NA,NA,NA,NA,NA,NA,NA,NA,NA,NA,0.00197828337453876,0.0018265010385007,0.00218993652777789,0.00378695796049039,0.00592083350466457,0.00524428327852948,0.00654472197942287,0.00815370169955993,0.00936419173634337,0.0110308256629563,0.0111549628684781,0.0117924468136226,0.0102274182348049,0.00803709554969866,0.01214020862647,0.00617010770363934,0.0213437022993118
"343.133",NA,NA,NA,NA,NA,NA,NA,NA,NA,NA,NA,NA,NA,NA,NA,NA,NA,NA,NA,NA,NA,NA,NA,NA,NA,NA,NA,NA,NA,NA,NA,NA,NA,NA,NA,0.0014819236056402,0.00193236972057309,0.00198729104678086,0.00207254070086215,0.00591017834997901,0.00569204252091661,0.00563891187015106,0.00781998665494169,0.00816845795821791,0.00844179047154101,0.0110231058651999,0.00981029683012948,0.00940703298673407,0.00856430864284637,0.00755381154925087,0.0075284821548189,0.000989541035062561,0.00131296016541069
"347.685",NA,NA,NA,NA,NA,NA,NA,NA,NA,NA,NA,NA,NA,NA,NA,NA,NA,NA,NA,NA,NA,NA,NA,NA,NA,NA,NA,NA,NA,NA,NA,NA,NA,NA,0.0012006133462373,0.00169453832318367,0.00190966158167546,0.00299515381843703,0.00470593092479221,0.00588251235725601,0.00480553264391446,0.00508464461003855,0.00712991993417581,0.00670129685144112,0.00835179135568351,0.0089574696579149,0.00899813976944049,0.00946843833859408,0.00685218770490019,0.00638025908549686,0.006031516070922,0.000422634721571866,0
"352.24",NA,NA,NA,NA,NA,NA,NA,NA,NA,NA,NA,NA,NA,NA,NA,NA,NA,NA,NA,NA,NA,NA,NA,NA,NA,NA,NA,NA,NA,NA,NA,NA,NA,0.00115408348994915,0.00240123271183973,0.00212480588444047,0.00270862208020824,0.00455276622039275,0.00487132142014288,0.00547021846627743,0.00504779841378637,0.00614262749316267,0.007745926148587,0.00840218431381961,0.00816771080956924,0.0105441669772856,0.0100056433125905,0.00909658572545509,0.00852931185477297,0.00759992571960772,0.00836891748033607,0.00907240908821937,0.00599703186722196
"356.799",NA,NA,NA,NA,NA,NA,NA,NA,NA,NA,NA,NA,NA,NA,NA,NA,NA,NA,NA,NA,NA,NA,NA,NA,NA,NA,NA,NA,NA,NA,NA,NA,0.000989931984536589,0.00121501132635991,0.00211672110564546,0.00264584727555411,0.00337588539961838,0.00413695892156453,0.00619782601700845,0.00466456335559519,0.0056905412928726,0.00645234930773004,0.00766388249889838,0.0084499527233991,0.00786175628534927,0.00782064993124652,0.00894555930311918,0.00848299167808018,0.0099209900160248,0.0064656630420529,0.00254554428214434,0.00659821471156502,0
"361.361",NA,NA,NA,NA,NA,NA,NA,NA,NA,NA,NA,NA,NA,NA,NA,NA,NA,NA,NA,NA,NA,NA,NA,NA,NA,NA,NA,NA,NA,NA,NA,0.00143095090970179,0.00167990846250184,0.00267255556286184,0.00362243839949829,0.00371410095392118,0.00613898404660236,0.00551981251032222,0.00560024026433478,0.00660563193721483,0.00644162826819548,0.007197444929024,0.0079165365570033,0.00853584796517864,0.0104480822129345,0.0088396656082424,0.00909696376950227,0.010427747818691,0.0100937188986744,0.00804358414084728,0.0136915300526868,0.0126881569719288,0.0238845517937867
"365.926",NA,NA,NA,NA,NA,NA,NA,NA,NA,NA,NA,NA,NA,NA,NA,NA,NA,NA,NA,NA,NA,NA,NA,NA,NA,NA,NA,NA,NA,NA,0.00109003959855325,0.00145092791267354,0.00196337287304221,0.00248694633768834,0.00258987741839398,0.00430232091259521,0.00565582856537514,0.00531748645627136,0.00578603042453286,0.00645469342659513,0.00719451144218217,0.00648745415103904,0.00780720890875946,0.00814450189894627,0.00782080396000266,0.00835086649825069,0.00959219451040464,0.00730686073253146,0.00739287974132142,0.00652226206119453,0.0048869347788221,0,0
"370.495",NA,NA,NA,NA,NA,NA,NA,NA,NA,NA,NA,NA,NA,NA,NA,NA,NA,NA,NA,NA,NA,NA,NA,NA,NA,NA,NA,NA,NA,0.00173152911271649,0.00201066335448069,0.00194537804884314,0.00279860822948009,0.00302730134275789,0.00413523015223025,0.00718131767616047,0.00574394393987396,0.00647687563621962,0.00646967672866294,0.00703022509202838,0.00713014280027734,0.00815926502834609,0.00854352459644058,0.00880489713663116,0.00834006085239956,0.0101429174584678,0.00875107817209932,0.00723744066011574,0.00639107892075228,0.00730570689497591,0.00482623685266211,0.00286553786274612,0.00524137727257924
"375.067",NA,NA,NA,NA,NA,NA,NA,NA,NA,NA,NA,NA,NA,NA,NA,NA,NA,NA,NA,NA,NA,NA,NA,NA,NA,NA,NA,NA,0.00109590237243829,0.00218976533389418,0.0019888302529254,0.00243537701217813,0.00273988646384527,0.00369596964978176,0.00667406400049653,0.0060970760876772,0.00604435385476099,0.00676682823474484,0.00738120997904309,0.00704275241814313,0.0073518223220178,0.00804781292805491,0.00861539087750853,0.00810505855990447,0.00811590565132891,0.00972828435474817,0.010311928557776,0.00698262974459191,0.00902312822563503,0.00277900732844897,0.00214141390728407,0,0
"379.641",NA,NA,NA,NA,NA,NA,NA,NA,NA,NA,NA,NA,NA,NA,NA,NA,NA,NA,NA,NA,NA,NA,NA,NA,NA,NA,NA,0.000809683188631215,0.00218624676540384,0.00258658493758092,0.0032382907504116,0.00379926021667203,0.00421730866770927,0.00586652013077923,0.00666206066492524,0.00654447532955251,0.00764056979512606,0.00738869337918724,0.00896317058279181,0.0090272726218847,0.00915477099291575,0.00945383546524929,0.00939672031577694,0.00870171971868531,0.00954841075178019,0.0111905650980314,0.00907049066993913,0.00831842753100062,0.00915723698384805,0.00812336399507091,0.013885376932994,0.0137442080108173,0
"384.219",NA,NA,NA,NA,NA,NA,NA,NA,NA,NA,NA,NA,NA,NA,NA,NA,NA,NA,NA,NA,NA,NA,NA,NA,NA,NA,NA,0.00125878580447967,0.00206888639977496,0.0033153198896403,0.0038738607552369,0.00384485590714094,0.0060208578313098,0.00718601638217874,0.00704626863882743,0.0074900783666266,0.00818398544722719,0.00843603749068319,0.008764119785627,0.00937065117517666,0.00938450306449404,0.0105812779819865,0.0099347068908188,0.00932908757010669,0.00996134051514122,0.00950884549899623,0.0104287727226454,0.00869087212616705,0.0121718536590806,0.0143156266179263,0.0123960961891984,0.0135563327335063,0.0123027895780231
"388.801",NA,NA,NA,NA,NA,NA,NA,NA,NA,NA,NA,NA,NA,NA,NA,NA,NA,NA,NA,NA,NA,NA,NA,NA,NA,NA,0.0006626679495102,0.00126269582331355,0.00204154055504978,0.00336555174874114,0.0032452832690832,0.0044450750993511,0.00564900921258539,0.006409593936586,0.0071752191682678,0.00727285245417635,0.007537339607036,0.00851627207403723,0.00840091099606395,0.0088488109329936,0.00793181903623804,0.00836639109544862,0.00846620557774403,0.00873198825805357,0.00854851771095553,0.00905407874454074,0.00897493373296844,0.00820275744871908,0.00914904747893117,0.00839478095067582,0.00553878530864627,0.0054677376982668,0
"393.385",NA,NA,NA,NA,NA,NA,NA,NA,NA,NA,NA,NA,NA,NA,NA,NA,NA,NA,NA,NA,NA,NA,NA,NA,NA,0.000253952465153747,0.00194944278496987,0.00232705660015362,0.00290751347519854,0.00418057427012915,0.00459240393906168,0.00634418848325691,0.00704646667726893,0.00715958712595968,0.00777499072432294,0.00858353102968258,0.00852339884661996,0.00977091825456248,0.00934989471730228,0.00968241858185812,0.0100226063015406,0.00879623128219833,0.0100738289503387,0.00938338394260333,0.0106523959342143,0.00988425368647125,0.0105365543481497,0.00985566466360673,0.0123296953446114,0.0110288061268456,0.0141552656634957,0.0192351102448602,0.0209594364606014
"397.972",NA,NA,NA,NA,NA,NA,NA,NA,NA,NA,NA,NA,NA,NA,NA,NA,NA,NA,NA,NA,NA,NA,NA,NA,0.000870259628229088,0.000579566666922931,0.00205762052355812,0.00321969642807114,0.00350321043730003,0.00487916166549225,0.00507551577324607,0.00678298877940626,0.0067385396428223,0.00742467119483453,0.0083019296540867,0.00873921798766463,0.00866930676673848,0.0092259713447431,0.0093245100898661,0.00917542202086025,0.0102249218996173,0.00994315754996428,0.0104082006837561,0.0100602630461637,0.0103198083773935,0.0108431353498066,0.0112449425825519,0.00964017412060152,0.0140697272724357,0.0155939255999813,0.012888299457174,0.0150708041190661,0.0158104626648264
"402.562",NA,NA,NA,NA,NA,NA,NA,NA,NA,NA,NA,NA,NA,NA,NA,NA,NA,NA,NA,NA,NA,NA,NA,0.00112476566517438,0.00134479455699565,0.000591272163405838,0.0027172445956985,0.00316418225443254,0.00388808380140558,0.0050459358508123,0.0064815009452622,0.00701433336246901,0.00684974080619725,0.00775846259916138,0.00807710994684654,0.00867028741827075,0.00896879940912162,0.00857002757374081,0.00930877836981751,0.00936093748552164,0.00917492881974748,0.00912668750046193,0.0086469838321692,0.0093910639679082,0.00985584231274305,0.0104023670575079,0.00930636843872434,0.00947841245318754,0.0111707077394826,0.0107613433970074,0.0115700815093154,0.018822689725382,0.0242186868307826
"407.156",NA,NA,NA,NA,NA,NA,NA,NA,NA,NA,NA,NA,NA,NA,NA,NA,NA,NA,NA,NA,NA,NA,0.00109927686696914,0.00157431229184009,0.00160811158418097,0.0011848418767458,0.00295532351633674,0.00302611867398612,0.00478997123757133,0.00607633649396748,0.00617844037347323,0.00689047308308822,0.00766623005834407,0.0079233975279074,0.00833693282050056,0.00862413442798482,0.0088910721339871,0.00914437369372861,0.00977925694164336,0.0095397619478038,0.00973267052282204,0.0101518545798348,0.00911697777855652,0.00981649536489338,0.00935083640799659,0.0102253657321665,0.0111123419740688,0.0100115561681637,0.0113493769339935,0.0106729176268485,0.018097446472162,0.0174597790342585,0
"411.752",NA,NA,NA,NA,NA,NA,NA,NA,NA,NA,NA,NA,NA,NA,NA,NA,NA,NA,NA,NA,NA,0.000622847539754464,0.00105201231419096,0.00131426700449955,0.00257550395509898,0.00206703669952329,0.00348478395623662,0.00386120497862853,0.00527794106299054,0.00667287532311351,0.00684898151932316,0.00716384868564556,0.00805697106223082,0.00774746940406851,0.00898353049319411,0.00894555799126768,0.00909405590286598,0.009059831303057,0.00928485550543848,0.00941544892309821,0.00952794501139409,0.00935907495180043,0.00952223581319613,0.00933830839120276,0.00827954509189738,0.0104562818654753,0.0111287486539176,0.0112690070851635,0.0118244851042195,0.0152759617792512,0.0172699924645397,0.0160685429330245,0
"416.352",NA,NA,NA,NA,NA,NA,NA,NA,NA,NA,NA,NA,NA,NA,NA,NA,NA,NA,NA,NA,0.00141368415739778,0.00126655994738359,0.00163914371972254,0.00208648759800901,0.00240407523187035,0.00261660847154623,0.0036579659464093,0.00473501328253115,0.00656327536218231,0.00698767618966271,0.00729623022570289,0.0074301429339862,0.00805301810034451,0.00826076778161892,0.00891943118963398,0.00872752933350947,0.00946807743245637,0.00974677359105611,0.00906486075325838,0.00979407113987507,0.00968307480180396,0.0097178478855271,0.00958690507105383,0.00913146936254264,0.00936324781499331,0.0116962290691074,0.0111638662141791,0.0123882375190248,0.0145685572791452,0.0100753492333867,0.0209933719580648,0.0130689563785186,0.0153173210855841
"420.954",NA,NA,NA,NA,NA,NA,NA,NA,NA,NA,NA,NA,NA,NA,NA,NA,NA,NA,NA,0.000807564680641639,0.00103949532543684,0.00086863623195385,0.00191698535326663,0.00203849238091615,0.00273800073085545,0.00324000824714568,0.00384026200528729,0.00556724659950912,0.00646186404130341,0.00718033164516497,0.0073352619091155,0.00804715359053912,0.00822920853603654,0.00870292999807817,0.00825877831499203,0.00868398527971925,0.00847713229265648,0.00891762970469172,0.00940672626417733,0.00925535571282807,0.00919432213417701,0.00964186671999169,0.00967125643821205,0.00914406943273478,0.00967219430047861,0.00916261252936519,0.00913658573287503,0.0119169546927081,0.0116237890044599,0.0131631407415517,0.0134660250242483,0.0121061878309128,0
"425.56",NA,NA,NA,NA,NA,NA,NA,NA,NA,NA,NA,NA,NA,NA,NA,NA,NA,NA,0.000437507520624538,0.000824850111198259,0.000765340791534765,0.00139697055013063,0.00169313671876574,0.00260324122260955,0.00336081481616513,0.0032081269704187,0.00522431614070436,0.00619682800841321,0.00651304930950174,0.007569087997869,0.00764387980844141,0.00759368758299128,0.00771839955460951,0.00853108750888673,0.0082535893262896,0.00824756683554528,0.0087497847110515,0.00923335169329319,0.00934286916417335,0.00851478702343884,0.00933777307693449,0.00860530231230096,0.00919814989319693,0.00973649202366405,0.00980866686184092,0.00991200796115488,0.0111925457312567,0.0145376412033962,0.0146234988526498,0.0140274604367628,0.0110530145982935,0.0128346516488786,0
"430.168",NA,NA,NA,NA,NA,NA,NA,NA,NA,NA,NA,NA,NA,NA,NA,NA,NA,0.000779458731573788,0.000935176666875809,0.00170095031849145,0.00194103565625776,0.00251816256604242,0.0029744126814877,0.00330530217332993,0.00414750137909706,0.0050555760475722,0.0059899565932969,0.0062175027781801,0.00688853651254599,0.00778457734324076,0.00781364935335612,0.00832856259771724,0.0086593975261739,0.00856359102520243,0.00878963705521956,0.00881501609946111,0.00877424912691041,0.00890229984851747,0.00958376184503175,0.0100194170912543,0.00972520763273582,0.00945600449491716,0.00983006464836631,0.0102917972746651,0.0109267478168932,0.0116890153640625,0.0126806484647535,0.0135294092950295,0.0147817949502151,0.0180012917600331,0.0187795002413065,0.014884225186258,0.0296412664844824
"434.779",NA,NA,NA,NA,NA,NA,NA,NA,NA,NA,NA,NA,NA,NA,NA,NA,0.000949893493121723,0.00102338031488242,0.000936335898379131,0.00138311079279944,0.00199369417307936,0.00245898055984463,0.00311788854618401,0.00364968052661852,0.00479143702940648,0.00523088768024731,0.00652133776113773,0.00628726855064297,0.0075592777998363,0.00808307672491414,0.00784942588357291,0.00850419005694215,0.00811918128174165,0.00863787932102582,0.00894058736693389,0.008415632164503,0.00871678374041871,0.00879709394262333,0.00896920332590117,0.00897348662509747,0.00897198794238388,0.00932099287442677,0.00918098265835392,0.0101605174613442,0.0107486663863383,0.0112426842824923,0.0132516414313966,0.0136491312021864,0.0144111403200931,0.0135750933486967,0.0165367443589033,0.0221349403829114,0.0133930897736231
"439.393",NA,NA,NA,NA,NA,NA,NA,NA,NA,NA,NA,NA,NA,NA,NA,NA,0.000899288179336092,0.00129917636359113,0.00142768534371989,0.00166853860489971,0.00238509999243557,0.00289564313066055,0.00384767868797732,0.0038623629941945,0.00478311073568491,0.00611816033015386,0.00669279520517496,0.00696442262565858,0.0076293454048334,0.00838215893982956,0.00804948596915832,0.00819537557867379,0.00833362369883052,0.00838419661100204,0.00856971736978538,0.00841101366900027,0.00886451364376162,0.00869084857530331,0.00876982938469171,0.00941967567204069,0.00910617166561552,0.00870626013284629,0.00950678327319293,0.0103422176967213,0.0109541949651438,0.0123358762020813,0.0131083948267509,0.0135993092595537,0.0164421397956009,0.0148510073660239,0.0158243531388769,0.0267988983428751,0.0365288490764839
"444.01",NA,NA,NA,NA,NA,NA,NA,NA,NA,NA,NA,NA,NA,NA,NA,0.000712057676810195,0.000877099597396675,0.00126926531862903,0.00138116564809234,0.00242855387707751,0.00277112292253351,0.0033338659707611,0.00350691166820668,0.00448575157623274,0.00540110729542148,0.00541118330875476,0.00633696649260588,0.00683253232023222,0.00758027684025044,0.00883226283460718,0.00781315795249675,0.00869669880944149,0.00822719751526874,0.00856000819946732,0.00874122949959086,0.0084588069173107,0.00821782307511133,0.00851032570332456,0.00873220940352593,0.00885898811928427,0.00903038422149719,0.00898557873350271,0.009558868877617,0.0101151191986433,0.0107834241369341,0.0116639698477999,0.0136893693146542,0.0153563966855053,0.0150561727175149,0.0142166674321903,0.0171559117244416,0.0177588262411693,0.0223155002076109
"448.63",NA,NA,NA,NA,NA,NA,NA,NA,NA,NA,NA,NA,NA,NA,0.000876239930664338,0.000974895650300956,0.00126758420312787,0.00160747397060004,0.00204890665585152,0.00247923096868183,0.00290675685814698,0.00342105761404849,0.00398785390754584,0.00550431505743955,0.00562176773968771,0.00583741846962426,0.00664341751912053,0.00751232358490418,0.00817185192871018,0.00880079832411443,0.00813543795484691,0.00832704471580571,0.008940779378694,0.00878602415353038,0.00832461737353796,0.00789083099568656,0.008771563712891,0.00814655380144976,0.00846882312932832,0.00858163496859066,0.00883247294747147,0.00908783266617422,0.00912910214373221,0.00969704069607071,0.0109718873479583,0.0114254130832147,0.0148343619374528,0.0146495842692717,0.0166428547970561,0.0188032720387486,0.0154338160407712,0.0197532213405425,NA
"453.253",NA,NA,NA,NA,NA,NA,NA,NA,NA,NA,NA,NA,NA,0.000759481872616728,0.00131261358240167,0.00141478680186583,0.00158390706056227,0.00193366329597931,0.00206156568946138,0.00290841103088992,0.00316853684162359,0.00375339050891856,0.00481969199405404,0.00495971507931354,0.00565571780878118,0.00580911517764384,0.00653813306451841,0.00705194427071539,0.00767004104740511,0.00832089542352483,0.0082426042602166,0.00800362793233007,0.00811811328323587,0.00800892332887745,0.0084891026240907,0.00791211436624271,0.007572285898323,0.00734299374771391,0.00830754657484019,0.00822657953117671,0.00835167511694642,0.00843262594238113,0.00922963024820547,0.0100684528285788,0.0106981917000872,0.0113717194328718,0.013202630505966,0.0145343744085235,0.0160625895164593,0.0182333589290814,0.0149053126430895,0.0222543806845499,NA
"457.878",NA,NA,NA,NA,NA,NA,NA,NA,NA,NA,NA,NA,0.000626627934112953,0.000563124449859025,0.00106314701993008,0.00148377780730614,0.00170669108028726,0.00194509299874033,0.00251373468258625,0.00268874696520871,0.00334753722454484,0.00419106966139824,0.0048676933185595,0.00547631923029297,0.0057231936622965,0.00642201918575369,0.00680695019311557,0.0075471780516232,0.00775720187575597,0.00840244080877111,0.00785297259118578,0.00767604191895927,0.00777743172975479,0.00773161912991681,0.00757291001121152,0.0076526367462247,0.00735207630356981,0.00748331730301682,0.00793822932531933,0.00803163878186653,0.00788355549264055,0.00812476306317552,0.0093719798024155,0.00938443583682342,0.0103997909152448,0.0114745799428749,0.0120725446883814,0.0144568442255803,0.0147008283409608,0.0149812816574728,0.0174412716223113,NA,NA
"462.506",NA,NA,NA,NA,NA,NA,NA,NA,NA,NA,NA,0.000301324396526739,0.000699053836100949,0.000838229479796732,0.00147433743167371,0.00154486282212482,0.00194531525382037,0.00280775326041654,0.00256031971797975,0.00300946213835656,0.00411419800778767,0.00441601344953998,0.00505677610238529,0.00529486717746231,0.00577498734452874,0.00607396733084583,0.00693390571003368,0.0073845180522261,0.00732241333701638,0.00824888168516048,0.00778626402933045,0.0073968399853301,0.00733312744194521,0.00731084788691946,0.00769340369954761,0.00693422431083874,0.00734583271620387,0.00693946808274548,0.00716832558373826,0.0076360285054921,0.00781519346967283,0.00809873872497009,0.00826733042188108,0.00913170923898977,0.0107616054297372,0.0117427974225462,0.0136458696679449,0.0134246170784659,0.014781995577621,0.0180292842879253,0.0179981997964807,NA,NA
"467.137",NA,NA,NA,NA,NA,NA,NA,NA,NA,NA,0.000355519936004465,0.000494033543637863,0.000915312518962271,0.0015194528196146,0.00153900441694177,0.00178871239637873,0.00192258956556601,0.0026562819775102,0.00326001436258169,0.00341483525719209,0.00442824958871541,0.00450950596661948,0.00477120275423361,0.00524992102562242,0.00537068235621269,0.00603312759863929,0.00641552740433793,0.00696746640728878,0.00715359400545391,0.00832680011745379,0.00708553811858699,0.00697185481280129,0.00737486030247928,0.0072065725920821,0.00717396555592226,0.0068393922348779,0.00693230978166676,0.0068071092968643,0.0073477328791748,0.00724602067027327,0.0075882915263222,0.00788846545129663,0.00791905863026717,0.00900048341334547,0.0103581489427894,0.0117444494617665,0.0123117477734715,0.0133613533916642,0.0126937170993063,0.0159121113209903,NA,NA,NA
"471.771",NA,NA,NA,NA,NA,NA,NA,NA,NA,0.000378122000895304,0.000519810402378706,0.00102487885307729,0.00146846724912818,0.00170240940644383,0.0018172861170236,0.00230979097030131,0.0024661869327144,0.00292574479298265,0.00283355781649765,0.00366486222789363,0.0047684280729728,0.00492952372416778,0.00512948935118016,0.00553937715263005,0.00601132497100124,0.00604420334761642,0.00710987371925769,0.0069487083189057,0.00659982937281815,0.0078599599142519,0.00684280107670376,0.00734838830527369,0.00681727921339351,0.0069726547079068,0.0067908034529116,0.00648903712280865,0.0060782781105444,0.00681054592569206,0.00673949795825608,0.00693073846474967,0.00685275418064711,0.00753142970528651,0.00802003183169942,0.00912144678833552,0.00983712098645525,0.011979781330308,0.0129148642442911,0.013828476214926,0.0146909543870668,0.013874175003662,NA,NA,NA
"476.407",NA,NA,NA,NA,NA,NA,NA,NA,0.000399548212534258,0.000602849883951314,0.000760493334158983,0.000854331721131046,0.00137792590122424,0.00159677601039753,0.00211855000289786,0.00232005565830276,0.00297804458678743,0.00317080420573043,0.00354666432873028,0.00445617487347326,0.00451466311276159,0.00460105259571996,0.00547163929326004,0.00558246371405734,0.00596724642987375,0.00588849428091995,0.00650351718746542,0.00703503974409074,0.00708384228897665,0.00747307214646886,0.00720808033594532,0.00693561314496068,0.00672940718442616,0.00651609452820725,0.00679318104613995,0.0065118795014469,0.00664968144289858,0.00654992103297979,0.0066514550540213,0.00673877547966892,0.00709546827785279,0.00818608215586309,0.00816182603831864,0.00878482964266759,0.0106779439723381,0.0115301894281084,0.0134165044176886,0.0142040873355454,0.0165202953712125,NA,NA,NA,NA
"481.047",NA,NA,NA,NA,NA,NA,NA,9.77511357649001e-05,0.000282548709706571,0.000351701175260629,0.000528510694459398,0.000677231566448173,0.00107914750635085,0.00106986282284225,0.00167793909474994,0.00222783672340873,0.00271125287450257,0.00269142580036327,0.00340789966613689,0.00376438440857257,0.00383044551657686,0.00397409929039475,0.00469941099607768,0.00500241154090378,0.00519320045736119,0.00575460641207467,0.00569566218932194,0.00611949152773039,0.0064008901445571,0.00688235527534564,0.00623893450727317,0.00619742226464755,0.00598399236917516,0.00589109783193061,0.00617471856617349,0.00584339379032597,0.00527782334945372,0.00556048053199763,0.00616737429427047,0.00592730718774723,0.00677367341211234,0.00673506278814808,0.00767602795911014,0.0086249799367318,0.00904761733536184,0.00976640335734802,0.0118014379326683,0.0121458927164484,0.0118055156417703,NA,NA,NA,NA
"485.688",NA,NA,NA,NA,NA,NA,8.96743687552038e-05,0.000352783889154355,0.000582561928213344,0.000709066671489526,0.000971758346631848,0.00134844304158239,0.00144988250055122,0.00175319384183792,0.00231018911284301,0.00265502018926953,0.00262266927036975,0.00350423698999594,0.00297266436560152,0.00376481809457262,0.00445917554485347,0.00491263823172246,0.00500147391086659,0.00531469943820301,0.0055876363284033,0.00555989330595648,0.00608315571856859,0.00629748799833736,0.00631210168005142,0.00690871730926752,0.00603915391079075,0.00628860179006478,0.00551182320829236,0.00570510452608392,0.00607939408952485,0.00576541628389053,0.00602556417008232,0.00617675125000923,0.00632998377090457,0.00600854907442392,0.00627459588086422,0.00753993190996164,0.00723017617663289,0.00844175485755315,0.010026266833915,0.011073388787859,0.0115305321760595,0.0137281804433601,0.0139607668401599,NA,NA,NA,NA
"490.333",NA,NA,NA,NA,NA,NA,0.000293173666223419,0.000505958498898779,0.000586652183688614,0.00068793007546103,0.000946612516368024,0.00134242111552824,0.00164970571032685,0.00193016518952266,0.00214087330920724,0.00251584631711594,0.00265614295828071,0.00354868918904224,0.00372340968736696,0.00403894894134498,0.00435725696796766,0.00438194177590836,0.00462465830134461,0.00511733298036942,0.0052639601631897,0.00536467441583828,0.0061195244252678,0.00616025129657277,0.00582347124575615,0.00665385016323319,0.00600627820536441,0.00549177024824516,0.00556829697384918,0.00541295577011277,0.00541134746858735,0.0108838509300305,0.00529619776872444,0.00580519236765792,0.00575814954281233,0.00615906717242186,0.0063821548693285,0.00693295531551329,0.00712649195063858,0.00814940260928795,0.00877242142318116,0.0100767770395337,0.0114592287562392,0.0113364344908412,NA,NA,NA,NA,NA
"494.979",NA,NA,NA,NA,NA,0.00031369547507888,0.000338659856619145,0.000465762872559191,0.000566358620596217,0.000532920231852534,0.0010621473451604,0.00138849833655761,0.00172767942038738,0.00209856270830284,0.00218652322885396,0.00239762977016074,0.00282738778660061,0.0028732478977259,0.00378260796955046,0.00403974368793656,0.00409521747410273,0.00452907208318742,0.00454891661603158,0.00459210068776061,0.00539239987369406,0.00547018928292301,0.00567749711433828,0.00575970981255151,0.00578735324640927,0.00638530629989432,0.00571669950421924,0.00562196829578459,0.00534925594656652,0.00542276000551027,0.00522378056576089,0.0054331792004722,0.00544079976216599,0.00553576234333807,0.00530840615884515,0.0060554938465604,0.00558301474081604,0.00651492815640972,0.0070235917159552,0.00751977252656818,0.00911729360036086,0.0102199520848937,0.0102837288850678,0.0125268141175415,NA,NA,NA,NA,NA
"499.629",NA,NA,NA,NA,0.000291563693294684,0.000284910726745944,0.000367152415618984,0.000333585382231564,0.000675309325047387,0.000629574079465593,0.000876403524065097,0.00107736941142447,0.00145426832450876,0.00193232908771306,0.00211666721729651,0.00246087584490991,0.00248604351387881,0.00277543418094302,0.00293501318672397,0.00355681625187337,0.00378649318581074,0.00404766068903303,0.00412583083593528,0.00457125641191284,0.00494958601437452,0.00467773774120869,0.00484835072261748,0.00509510153616819,0.00522362424466515,0.00548175224496887,0.0050390596217778,0.00494186815452426,0.00492981078897103,0.00460028432513164,0.0044405405321873,0.00495042096132163,0.00485313418109764,0.00528313486471084,0.00517020944017174,0.00545766328133173,0.00514966144856753,0.00550053725374747,0.00612998774439674,0.00730858947645499,0.00718981928015397,0.00786424035180078,0.00937909274267824,NA,NA,NA,NA,NA,NA
"504.281",NA,NA,NA,6.79067534766092e-05,0.000445509045795509,0.000307823756240266,0.000541684562892641,0.000610113872098454,0.000787625995243295,0.000710563648699304,0.000901373974410795,0.00139846142138469,0.00153440256798712,0.00169422564881771,0.00249370143852593,0.00276354125287424,0.0027579400529078,0.00328219912600669,0.00338422330339991,0.00324820922360935,0.00328602105552249,0.00372974367915142,0.00359355942734667,0.0042846989886893,0.00461109972141922,0.00456295992247803,0.00439291875747984,0.00503575022034609,0.00535675980495897,0.00589565621380123,0.00514576430836761,0.00470778309730484,0.00491491425541106,0.00472020689589543,0.00480428567260125,0.00438431843605554,0.00416938250904008,0.00466492485569004,0.00459828024381889,0.0051609074592482,0.00512230884343833,0.00580721554031171,0.00620548650957504,0.00629829214101023,0.00813521107008483,0.00946483870313157,0.00981262489422029,NA,NA,NA,NA,NA,NA
"508.936",NA,NA,9.18298566304855e-05,0.000163181363337972,0.000358553034773687,0.00033521897371202,0.000382672520697956,0.000551056604954184,0.000908376277192918,0.000903053368415834,0.00113878846838468,0.00122187620115301,0.00130644482643821,0.00173417201629092,0.00205770921161528,0.00267054653740269,0.00255605235667846,0.00300009645781552,0.00281712546595896,0.00337146426183401,0.00354538616102328,0.00366201885317511,0.00406302730274797,0.00384680396614934,0.00404036058006196,0.00387765313404811,0.00483497437481116,0.00495298213892988,0.00446334479915132,0.00500901560178329,0.00476739109009522,0.00446954527161349,0.00404943279018554,0.00417883248777941,0.00399831635274761,0.00412170001267694,0.00428330831171557,0.00421784702594799,0.00454020438443256,0.00479229072166407,0.00451988709054573,0.00543925533945662,0.00579577898501018,0.00637891717567123,0.00793499838149344,0.00781316722948206,NA,NA,NA,NA,NA,NA,NA
"513.593",NA,0.000567948014203652,0.000534114610274755,0.00026278224791902,0.000573208641239939,0.000741316828572349,0.000584255139269737,0.000735135521445865,0.000886429599270379,0.00116279243961039,0.00100116585753162,0.00147469120907813,0.00175442990615353,0.00221329946196741,0.00246059295143713,0.00282122643923877,0.00283143783416045,0.00315338398641562,0.0033714208275874,0.00335448352458238,0.00343177922822618,0.0038206120937245,0.00405656981611466,0.00414397593132118,0.00427837610746939,0.00413076155356547,0.00440635652049179,0.00436146736072229,0.0043439111868684,0.00448316018565078,0.00407177542002265,0.00446361973890588,0.00451149615683866,0.00438634238257667,0.00384617069024528,0.00422277230192587,0.00441588827422379,0.00478541744842998,0.00478333010678368,0.00443111027526576,0.00538536808450187,0.00512548734977646,0.00616289151812483,0.00681054906388066,0.00715544980488453,0.00784998608262441,NA,NA,NA,NA,NA,NA,NA
"518.252",0,0.000104226400898618,2.68841530040218e-06,0,0.000333037796723882,0.000223455149935394,0.0005031401261085,0.000852135705837583,0.000790174942635025,0.000751384481765991,0.000891090630083742,0.0010218637386664,0.00137453593732613,0.00204248826464346,0.00190335920080178,0.00196383364218328,0.00247276190027219,0.0023102249179262,0.00274643711978683,0.00275641959855645,0.0025651064432445,0.00321260311976742,0.00352328039883193,0.00338515889179296,0.00388902832407257,0.00358122098935294,0.00363615638912285,0.00373235475507902,0.0041798942660536,0.00454827990653161,0.00376035636049626,0.00388482148740343,0.00352177056929507,0.00387688078551471,0.00368748011029145,0.00396129576410644,0.00333645017803501,0.00409504513942792,0.00389411344061695,0.00389225441617898,0.00399671327271402,0.00478914003053383,0.00505627657751435,0.00524302811930959,0.00622836461902069,NA,NA,NA,NA,NA,NA,NA,NA
"522.914",0.000691203876741219,0.000542473673226726,0.000593036514143271,0.000439474992322527,0.000645687876176112,0.000682907392469661,0.000475464686894252,0.000829819738403897,0.000916177630855017,0.00112309768047508,0.0010611471895421,0.0013421767056737,0.00180512504048578,0.00170160037650684,0.00221558923797526,0.00217620180243205,0.00231348495401125,0.00258457267182301,0.0026026412902633,0.00304489205303288,0.00319801031602401,0.00355004223751382,0.00290634709935004,0.00378823711575984,0.00372386928751325,0.00363650895209304,0.00395131160174439,0.00377510776504572,0.0038781986978453,0.00437144070092535,0.0038300349732943,0.00383556944231267,0.00351560661734539,0.003821607993481,0.00333205112420163,0.00375651956930907,0.00377957178019859,0.00402090792068248,0.00403399213863917,0.00457859542897667,0.00466196156606803,0.00473726773463991,0.00534739402130958,0.00602811284179048,0.00679932475667061,NA,NA,NA,NA,NA,NA,NA,NA
"527.579",0.000261735086627322,0.000158949189744231,0.000310878987940013,0.000157684038358008,0.000397768757486475,0.000397551226323121,0.000382891754790463,0.000685184095556066,0.000711816412281688,0.000642921549639575,0.00094543354440778,0.00154319246089474,0.00168202314788045,0.0016787447041633,0.00171879257841347,0.0019494295576496,0.00208093686615708,0.00231832506717759,0.00255026072164688,0.00274246355537247,0.00263401160385413,0.00269669458982597,0.00278099316979736,0.00274899607002125,0.00282234428996235,0.00322674725378188,0.00351072409428954,0.00367759734236497,0.00346747616403833,0.00353641414984065,0.0031742359267239,0.00317197331296647,0.00332287206753524,0.00314661830151669,0.00321613076875817,0.00326171409692311,0.00330162716959183,0.0033511474415529,0.00353106852700497,0.0035859667195459,0.00366221220746897,0.00384960650696957,0.00419530318503617,0.00451483072084429,NA,NA,NA,NA,NA,NA,NA,NA,NA
"532.245",0.000174451010354047,0.000263095517300083,0.000296296765671438,0.000447793932829437,0.000464759528500864,0.000656916120538835,0.000622769687209946,0.000754886576241213,0.000671487163828482,0.000933784309031701,0.00127259494338955,0.00112597654565995,0.00139368513962555,0.0014294309836437,0.00169228343602835,0.00200017012382196,0.0022140160469292,0.00238045787919174,0.00250311759107093,0.00244482965129144,0.00280021069252404,0.00258204649600975,0.00275874550586625,0.00315049818869894,0.00313510041663834,0.00293884118574096,0.00305086763042676,0.00338389975418856,0.00314756561752926,0.00359985601836293,0.00308353785948611,0.00305533191980824,0.0032696507550586,0.00295726089201643,0.00291954212090463,0.00320456838879539,0.00306005312776183,0.00320883989335183,0.00356962020373148,0.00367279167684146,0.00398743353178418,0.00436913186990904,0.00465570456463505,0.00510688812528922,NA,NA,NA,NA,NA,NA,NA,NA,NA
"536.915",0,0.000308022068892717,0.000266295343987293,0.000415582392312701,0.000358004276090312,0.00052299723418483,0.000686502231224566,0.000729223944746868,0.00067314078613644,0.000859468969146619,0.00138253858923947,0.00106366833287603,0.00121819973795415,0.00154036494867449,0.00182273054892933,0.00179369674798428,0.0019373443369943,0.00183852602660881,0.00197205115592376,0.00269481204328908,0.00223593256912073,0.00280443828079656,0.00253619966263253,0.00264551273453693,0.00308121912540428,0.00263633958280287,0.00279348432158491,0.00279258745515532,0.00313395249069647,0.00350919974657218,0.00284549380364359,0.00283524566225317,0.00302737300933509,0.00258110493635832,0.00264371875864159,0.00274723940709168,0.00287133204374854,0.0025701787092345,0.00295173272644594,0.00364966081117486,0.00318338917456366,0.00373455192209454,0.00412940914693274,0.0053414917730257,NA,NA,NA,NA,NA,NA,NA,NA,NA
"541.586",0.000237764966321282,0.000457536379341847,0.00031160049288824,0.000823515487143892,0.000187453479994757,0.000421424035149893,0.000535764044567177,0.000927582403190133,0.000561166981473927,0.00105280440997856,0.00104825670257645,0.0010998559162823,0.00104864138337989,0.0014422323053891,0.00135750353735533,0.00169728778485381,0.00179549642712839,0.00172669294283295,0.00201600929058603,0.00183051991901859,0.00235807737085672,0.00223573553359326,0.00224091160393943,0.00237278191050525,0.00249198712566389,0.00268472210542596,0.00298165314476949,0.00282102478672913,0.00263378047027575,0.00316923221681098,0.00265797875807564,0.00297917740004733,0.00251935542348292,0.00266108878436639,0.00248797724818835,0.0026497615313247,0.00268380658141199,0.00275767371183939,0.00304438944881414,0.00278048224424192,0.00282008230831278,0.00343597337827624,0.0039815568107265,NA,NA,NA,NA,NA,NA,NA,NA,NA,NA
"546.26",0.000608979213464178,0.000717173737278903,0.000641841812152051,0.000644155443460257,0.000704603329700432,0.000903995713531925,0.000870283098703582,0.000919312211473271,0.000866475756633106,0.00113007203351798,0.00140925026975041,0.00111719765269729,0.0014841943028479,0.00176366549303419,0.00176479079882498,0.00178470196245739,0.00183095300721457,0.00209009347462221,0.00200998840352621,0.00241230601125215,0.0028501177078521,0.00233798939273183,0.00254716831203844,0.00265965732040467,0.00246262867324328,0.00286197648081527,0.0028660049473965,0.00327553468545512,0.00293134107576814,0.00321816877325919,0.00281916002900544,0.00303460359103439,0.0026968098791395,0.0028595624718772,0.00283931904817935,0.0028481515650366,0.00295828325046361,0.00280133155581611,0.00381429635949745,0.00319812530886188,0.00375569605917866,0.00389946757116578,0.00435886015622503,NA,NA,NA,NA,NA,NA,NA,NA,NA,NA
"550.936",0.00014307786817033,0.000460471999500915,0.000142695679348028,0.000231651403579766,0.00067054068836471,0.000736057076523777,0.000564489955895575,0.000842984085580751,0.000736271295660766,0.000883485878127131,0.0011058786747952,0.00116229204375784,0.0012436320052619,0.00137957938374662,0.00154233827723504,0.00150727548018509,0.00171135213321532,0.00186505198032578,0.00200913764420619,0.00193850236649566,0.00203364287805942,0.00187902753643897,0.00211521620122778,0.00245322047169251,0.00235387803443958,0.00249593466673446,0.00215816590856458,0.00265669347205102,0.0022965190326118,0.00286000023481907,0.00246689439928199,0.00247694954734873,0.0023980224517031,0.00243140219600492,0.00233047343829686,0.00227991260188788,0.00264637056146059,0.00267997234309246,0.00295923460962946,0.00250483785208778,0.00328518681948902,0.00355598550030794,NA,NA,NA,NA,NA,NA,NA,NA,NA,NA,NA
"555.615",0,0,0.000203643365197055,0.00044385619061665,0.000271384352247751,0.000384774014086805,0.000429465674210478,0.000642497116362399,0.000632629373410596,0.000484258847366115,0.000761723473611871,0.000826558499652435,0.0011383945646113,0.00102624126288678,0.00119616833820754,0.00138026368344838,0.00169160075132509,0.00129923909719491,0.0013603274702409,0.00157178765113284,0.00187205985625268,0.00161644982174328,0.00179839222228478,0.00203016740750669,0.00191848856739392,0.00203746590016828,0.0020332708809022,0.00189447334136767,0.00211578437388168,0.00242998764438207,0.00242743518387366,0.00196839362967836,0.00174654576177214,0.001839938207328,0.00225079644152881,0.00203835154469451,0.00226727914182198,0.00250435270474592,0.00247397424958798,0.00266281227664464,0.00253316790521475,0.00226199656934631,NA,NA,NA,NA,NA,NA,NA,NA,NA,NA,NA
"560.296",0,0.000317561443314708,0.000522436865028627,0.000273298348151815,0.00031217626779141,0.000498602946545774,0.000699159872301486,0.000554285969831597,0.000798040428112985,0.000757079538466713,0.000771562018875507,0.000811608262325667,0.000821212141826632,0.00119154562361186,0.00131080105162909,0.00130593357650265,0.00149308005692974,0.00139963849132525,0.00134358822532689,0.0013311456071608,0.00185694314121384,0.00164179720452899,0.00174081275985865,0.00171525703842968,0.00172778255511977,0.00177250892530092,0.00212314753097268,0.00190475178374094,0.00211866898390757,0.00262295408856178,0.00157520182732301,0.0019762535138348,0.00206839888319706,0.00210636344420489,0.00193977315416837,0.00181701383890697,0.00190545459289755,0.00174093241566183,0.00211957191289709,0.0022642778367846,0.00237904669786035,NA,NA,NA,NA,NA,NA,NA,NA,NA,NA,NA,NA
"564.979",0.000485516338588158,0.000365038734920953,0.000215800358494381,0.000470283597447082,0.000665130925550455,0.000388511420708119,0.000684465082447844,0.0004531433329342,0.000577970610297001,0.000818805422655875,0.000843842014217338,0.000946436073590176,0.00107314989995366,0.000682840195496919,0.00132010885559622,0.00125772736193446,0.00124949483237625,0.00147655826478087,0.00175442181042287,0.00145379645726324,0.00140172472813627,0.00145390160889457,0.00174085801208208,0.00199951262390304,0.00180616121442412,0.00191340187446145,0.00189436762389793,0.00203674649983706,0.00190982279624166,0.00225000111548827,0.00189780424252252,0.00189146264883947,0.00183874096552282,0.00185226754716885,0.00190681373290565,0.00179554571813058,0.00182167352118766,0.00170099312378501,0.00211937619538904,0.00226713458004085,0.00246203550287388,NA,NA,NA,NA,NA,NA,NA,NA,NA,NA,NA,NA
"569.664",0.000169449712620757,0.000487807284942712,0.000127150793709146,0.000321627420839256,0.000714328961984654,0.000556335477287098,0.000586470701534896,0.000749107568444774,0.000640909041649142,0.000774141019107519,0.000825234371832732,0.000686429313272309,0.000898978970405489,0.00114024433853541,0.000793951737280986,0.000953583813413425,0.00108270592214571,0.00118816209022587,0.00145841182586539,0.00130792979568867,0.00144522367404963,0.00106171435469555,0.00152448345112439,0.00164874870126299,0.00158532509367921,0.00179210114187428,0.00173348411824381,0.00171968002114549,0.00168316432572818,0.00172542162641207,0.00153779178298488,0.00170187132197239,0.00189033256469152,0.00166407577972466,0.0018682920571917,0.00151326348829659,0.00159392949239311,0.00156431481406075,0.00172955944228109,0.00224067440720231,NA,NA,NA,NA,NA,NA,NA,NA,NA,NA,NA,NA,NA
"574.351",0.000757215235570862,0.000488485801329762,0.000412846280626029,0.000509969897401644,0.000757741606533584,0.000956216545986138,0.000676728718203933,0.000476410205144692,0.000635903132568823,0.000809182408078987,0.000623456111899259,0.000851066002868971,0.000903699740750091,0.00121870331231529,0.00118303730395314,0.0011580605305171,0.00122677863887465,0.00162671152458008,0.00164253010636448,0.00147985876397234,0.00164966234722041,0.00123546499840327,0.00155930839580264,0.00156133537084434,0.00190721392671904,0.00124665556862619,0.00175626834759171,0.00195156263097393,0.00164165032253147,0.00190222459907635,0.0014746738494707,0.00126299920556876,0.00159641597730559,0.00168068930825825,0.00158707763519333,0.00159089434928438,0.00155827141669012,0.00160868646628519,0.00155678396060863,0.00225996451888717,NA,NA,NA,NA,NA,NA,NA,NA,NA,NA,NA,NA,NA
"579.04",0.000822737504893737,0.000751666638376818,0.000485644509473705,0.0005145253659346,0.000708261958982156,0.000666784500831534,0.000654022733063344,0.000754652058883488,0.000696189191550296,0.000725995579764852,0.000713781071219112,0.00120642396462271,0.000945859538280648,0.00121587313631061,0.00153911628133609,0.00132644487721041,0.00133418492352807,0.00153091431035638,0.00135608934898418,0.00118885424887167,0.00133417097755588,0.0014351644340859,0.0016880815013949,0.00199344431804686,0.00153917781249867,0.00199440947948187,0.00187579626158189,0.0018338430630004,0.00204091917772192,0.00201361652782085,0.00166102743515727,0.00148611380093827,0.00177522532606751,0.00164158435013759,0.00187720391191662,0.00220201229904151,0.00183266036577502,0.00203986127037621,0.00234820543783843,NA,NA,NA,NA,NA,NA,NA,NA,NA,NA,NA,NA,NA,NA
"583.732",0.000165658143743568,0.000256573838149959,0.000102493959642272,0.000380062260917357,0.000373101948448825,0.000269095235032812,0.000291024296238205,0.000411885244274205,0.000445978581263169,0.000573359369791901,0.000266971837010642,0.000555339649977788,0.000633978529298777,0.000760005284336711,0.000620183443445543,0.00103558393391622,0.000800246847631408,0.00097654287663677,0.00084793497151783,0.000959534585125703,0.000657189292995256,0.000961408205178554,0.000853520834198898,0.00120175475647984,0.00113211607961701,0.00103544839028829,0.00137691710194711,0.00113819026695452,0.00136358841110865,0.00167083765363199,0.0010422553142992,0.00121802473707174,0.00103155436729839,0.00118458595919859,0.00110153630485407,0.000877828292280884,0.000955497379086793,0.00115902541943678,0.0014977321824204,NA,NA,NA,NA,NA,NA,NA,NA,NA,NA,NA,NA,NA,NA
"588.426",0.000233936608728396,0.000324634534288315,0.000172252420444496,0.000430401872001502,0.000124325208366121,0.000437642272640627,0.000501125941223696,0.000344849511151061,0.00043590608811117,0.000555712521006295,0.000476815452041459,0.000503181612328215,0.000395331605121963,0.000898701313939806,0.000702549870385523,0.000829792555455533,0.00100253455098287,0.000945336251360607,0.00105692219117849,0.000869765805421218,0.000849680521845706,0.000888599201472626,0.000857947808925984,0.00099471029894869,0.000757152139276082,0.000916263320828232,0.00134369691547914,0.00108933143465497,0.00140139200264357,0.00162852893495692,0.00118380942001557,0.00147749601224694,0.00116877799234712,0.00117304260967059,0.00136445799496678,0.00137517419035861,0.00141126817288113,0.00162532569595141,NA,NA,NA,NA,NA,NA,NA,NA,NA,NA,NA,NA,NA,NA,NA
"593.121",0.000405574148335068,0.000137116916437532,0.000427189695489292,0.000365873677080673,0.000351868716802061,0.000170847799038359,0.000425845513079503,0.000487299491932381,0.00027527376881653,0.000619053777693729,0.000562929355290748,0.000743054171065301,0.00057953027511447,0.000683044332181342,0.000831980682989899,0.000651386532009203,0.00115418717042953,0.00105601977371888,0.000666812391653819,0.000866930331848809,0.000670320762797233,0.00100026644922408,0.000952820415033331,0.00123269929792936,0.000638194048160505,0.000970058982160445,0.00145346962509177,0.00108886104376897,0.00130278103767325,0.00137684228842313,0.000988208798987268,0.00116833413973772,0.0011064735233068,0.00134932418783693,0.00165076087442665,0.000965270334656434,0.00152210823800571,0.00130202376698927,NA,NA,NA,NA,NA,NA,NA,NA,NA,NA,NA,NA,NA,NA,NA
"597.819",0.000130571587865397,8.39111561214958e-05,0.000573575792620419,0.000292124639816112,0.000204556194281524,0.000372334620730312,0.000330102665556754,0.000358152254166668,0.00047310644093987,0.000229148230119605,0.000376842334067528,0.000525328949537022,0.000498559220395959,0.000547991720610141,0.000748687714216312,0.00058151006663277,0.000580914575675292,0.000742197983299491,0.000744735527534252,0.000748220752019752,0.000834481886752923,0.00114017221452511,0.000975037174291343,0.000853549886198969,0.000894357035637538,0.000803167650727401,0.00115040896204454,0.000894104802867147,0.00125571461668681,0.00114875487049148,0.00115155063047082,0.000969443399726346,0.000451595717813114,0.000851061694890452,0.00127858380568443,0.0013385225296507,0.00101362352058076,0.000843969458814791,NA,NA,NA,NA,NA,NA,NA,NA,NA,NA,NA,NA,NA,NA,NA
"602.519",0,0.000355372076806665,0.00022696356733806,0.000159499946992456,7.37937137353897e-05,0.000477313825107186,0.000488331920633698,0.00045387443659891,0.000382473585440291,0.000375242138473903,0.000377259117283161,0.000711359234180383,0.000690136707505974,0.000775291163802145,0.000464938044980013,0.000602283185977594,0.000907203191748021,0.000637116798143524,0.000547826260846614,0.000785915763704773,0.000935411661691665,0.000594850539968317,0.000906646916073484,0.0010483065370526,0.000931350510822525,0.000714978475131806,0.00058686221675813,0.00101074843180853,0.000894571674200784,0.00115754316373858,0.001100370781418,0.00115854098739273,0.00102911777763347,0.00090357645268177,0.00112022622638769,0.00114568852080698,0.00112366223927331,NA,NA,NA,NA,NA,NA,NA,NA,NA,NA,NA,NA,NA,NA,NA,NA
"607.221",0.000160771058276324,0.000330575515944262,0.000124583487546555,2.49769482593348e-05,0.000101485940518439,0.000186937024185185,0.000194754216028459,0.000292958430295968,0.000270657649882223,0.00036131551789002,0.000399885306782072,0.000359010660428167,0.00035298131312046,0.000967141724913724,0.000494457483038666,0.000515890714823593,0.00035457176908319,0.000376164412633182,0.000385847180054008,0.000620497462296901,0.00078080345699385,0.00107584636534806,0.000735115508305172,0.000713105620327181,0.000918372404900204,0.0005103808400257,0.000729498672796195,0.00076249346842815,0.000557752215904964,0.00122250689622134,0.000752333948121433,0.000690152235629764,0.00101226397234889,0.00076685361965405,0.000853707895199248,0.000934385973236959,0.000975250446260628,NA,NA,NA,NA,NA,NA,NA,NA,NA,NA,NA,NA,NA,NA,NA,NA
"611.924",0,0,0,2.51124664351685e-05,0.000207330992936778,0.000310254733018814,0.000392930319210589,0,0.000227145018586446,0.000287251919472131,0.000427722470222492,0.000368199808959654,0.000308561438841356,0.000454922946197222,0.000312320224403027,0.000163815561699508,0.00033428208959342,0.000332642624764259,0.000361795814586884,0.000262974698887511,0.000716903617731582,0.000602549764126086,0.000242858595429581,0.00063865626270852,0.000652485325611051,0.000440081999261002,0.000609083137236527,0.000621901987210917,0.000359326451792067,0.000682554455940059,0.000640889589534681,0.000743001774755349,0.000451082727203832,0.000639549135476671,0.000429196575171057,0.000785763673593621,NA,NA,NA,NA,NA,NA,NA,NA,NA,NA,NA,NA,NA,NA,NA,NA,NA
"616.63",0.00019487458611902,0.0002115260382885,0,0,0,0.000303654165627737,0.000206280751617146,0.000213066054105899,0.0002911834957766,0.000283552078487439,0.000408061822347596,7.50408843250264e-05,0.00023907111149316,0.000150385741592577,0.000559052816675319,0.000290334152662391,0.000647805428833153,0.000510392772242,0.000764903094753536,0.000728496164194264,0.000515021972258546,0.000714150702907747,0.000696271756644048,0.000888801080486957,0.000675316933277195,0.000438330569672135,0.000789456538550798,0.000616642147015017,0.000685196997658192,0.0010437836152165,0.000539545340648644,0.000765351813205422,0.000775058685104592,0.000555975493461498,0.000540745021058552,0.000740945576673131,NA,NA,NA,NA,NA,NA,NA,NA,NA,NA,NA,NA,NA,NA,NA,NA,NA
"621.338",0,0,0.000209600403223044,0,2.78564600573306e-06,0.000215147351367629,0.000219460148075873,0.000179951408206319,0.000112909443776669,1.97556769731897e-05,0.000340269574045858,0.000456618305899961,6.57706004557974e-06,0.000344559029840627,0.000439475895108464,0.00021557661249171,0.000203839926448016,0.000374143631236229,8.19060642202663e-05,0.000353367328231679,0.000322398239249622,0.00037433680800536,0.000315748996304826,0.000286059326429303,0.000642745614904411,0.000646421151833305,0.000376229948770352,0.000507324116081316,0.000330086632872626,0.000617576649207375,0.000331734993055462,0.000105301462165717,0.000488867211636297,0.000511146113706362,0.000722272089588172,NA,NA,NA,NA,NA,NA,NA,NA,NA,NA,NA,NA,NA,NA,NA,NA,NA,NA
"626.047",5.10534655590978e-05,3.90185477399302e-06,1.36901987811581e-05,0,0,5.38661288864293e-05,0,0.000188581343140775,0.00018638705648461,7.58840919891389e-05,0.00020040232997794,6.77470520387285e-05,0.00022218199620331,0.000108378365499949,0.000338956416171356,0.000570590795505564,0.000200004089127512,0.000400470486308866,0.0003441266259098,0.000464820420169067,0.000420951905080272,0.000253372121301436,0.000101710420354044,0.000325473649724872,0.00033144413148298,0.000196200347474718,0.000330802349639591,0.000776191939541546,0.000232194391142476,0.000614464927314065,0.000489423956119817,0.000599931239297167,0.000420967311374918,0.000241911860632275,0.000146377548195659,NA,NA,NA,NA,NA,NA,NA,NA,NA,NA,NA,NA,NA,NA,NA,NA,NA,NA
"630.758",0,6.08414251518467e-05,0.000203670049178393,0.000272916719322226,0.000257764900232259,0.000291698281966728,0.000428043829262033,5.77765189709386e-05,0.000339608886297537,0.000233296652301154,0.000484655863910681,0.00044502159505572,0.000255421710347104,0.00057905103505972,0.000457179328686896,0.000319274510382491,0.000431118856301913,0.000450075225253622,0.000579865946261484,0.00073808344285117,0.000682214189481462,0.000776563151207077,0.000113197512268273,0.000687635052747314,0.000938192574531322,0.000781660949442742,0.000276256513841885,0.000836712874967856,0.000618825213049285,0.000439144364062144,0.000341681168971321,0.000591798359363478,0.000590002091359667,0.000614791431009211,NA,NA,NA,NA,NA,NA,NA,NA,NA,NA,NA,NA,NA,NA,NA,NA,NA,NA,NA
"635.471",3.84534375150415e-05,0.000442418075330808,0.000441651423175822,5.89385063651417e-05,0.00028223418018549,0.000156047476256964,0.000174566010317517,0.000119888037489875,8.70492218642014e-05,0.000203401830950975,0.000246527530353386,0.000352819742661202,0.000360634392848284,0.000397128334277662,0.000386428210259164,0.000398260251345945,0.000396934280094808,0.000673323148866954,0.000562283314690852,0.000632900968021965,0.000525924582632334,0.000451575302893451,0.000433311731814328,0.000573323130145464,0.000641074384824364,0.00062059129171182,0.00052926918987165,0.000573835887903233,0.000573361082429908,0.000637824461958027,0.00036507685247685,0.000741666689207186,0.000591069976858978,0.000541090965346198,NA,NA,NA,NA,NA,NA,NA,NA,NA,NA,NA,NA,NA,NA,NA,NA,NA,NA,NA
"640.186",0,2.29806338866592e-05,0.000118342729572137,0,0,0.000192908732175457,5.91798314706842e-05,3.43263654916966e-05,0,0,0.000178989101439699,0.000137859664858628,0.000223185297549574,1.22502492941319e-05,0,0,7.54782420044212e-05,0,0.000325341658169508,0.00010064919496952,0.000185396931420116,6.46013199331873e-05,0.0003004479645599,0.000376469357780891,0.000428718615144291,5.82075988971763e-05,0.000433529912995155,0.000122490367116082,0.000280408437921803,6.59372138502802e-05,0.000365439953615298,0.000481421495974721,0.000463226668740938,NA,NA,NA,NA,NA,NA,NA,NA,NA,NA,NA,NA,NA,NA,NA,NA,NA,NA,NA,NA
"644.903",0,0.000635750448718573,7.4141041897215e-05,0.0006269098810445,4.87363187504229e-05,0.000447913752834735,0.000129279426709904,0.000340325074124431,0.000354910082683246,0.00020904570402263,0.000293589244118114,0.000300118653378842,0.000276720214221668,0.000575838819717575,0.000385529499653257,0.000227510612306805,0.000557093139923489,0.000732157318940147,0.000504159941212371,0.00076075279832252,0.000585674756564558,0.000742857309310713,0.000663395782169691,0.000978000086362408,0.000708621747943026,0.000653929709350028,0.000724283487039338,0.000913081528515417,0.000546400904071512,0.000459955665290533,0.000605845824271365,0.000867380673393098,0.000772847332123961,NA,NA,NA,NA,NA,NA,NA,NA,NA,NA,NA,NA,NA,NA,NA,NA,NA,NA,NA,NA
"649.621",0.000172738101305319,0,0,0.000289358699914314,0.000275514517403746,0.000195123917687535,0.000296031633528196,0.000316755989589853,3.96709205148334e-05,0.00010709790911564,0.000176045513488827,0.000316374169496548,0.000203156684858973,0.000376637020233406,0.000427710696583017,0.000188113651202428,0.000160773605294364,0.000462357142959393,0.000710818998066171,0.000560174148581879,0.000543750142440554,0.000481830012468308,0.000321861883804668,0.00075336719105221,0.000545681838477234,0.000359429590167778,0.000438053193185753,0.000366679076231395,0.000322086891349262,0.000303152856141432,0.000580239683300343,0.000343825373559669,NA,NA,NA,NA,NA,NA,NA,NA,NA,NA,NA,NA,NA,NA,NA,NA,NA,NA,NA,NA,NA
"654.341",0.000575749200867336,0.000602386289555554,0.000631321379783484,0.000362023092437995,0.000368171856310535,0.000661953726967634,0.000280430999100809,0.000285917663387161,0.000351162719903106,0.000337593482078787,0.000496305300855261,0.000249448216825728,0.000500475030187824,0.000395290297035986,0.000592151311076878,0.000483141280702247,0.000658468272586897,0.000647709751722139,0.000774724859096164,0.000128862249287828,0.000924141004615086,0.000610933719769517,0.00073809824094742,0.000648267057359556,0.000685837701096938,0.000572142632191878,0.000464528685023735,0.000634354516140296,0.000579084529129133,0.000790059155717214,0.000437880156711169,0.000624903490486078,NA,NA,NA,NA,NA,NA,NA,NA,NA,NA,NA,NA,NA,NA,NA,NA,NA,NA,NA,NA,NA
"659.063",0.000680666862196065,0.00084649093323978,0.000428212460452107,0.000182585120818363,0.000350555044779659,0.000301075279807447,0.000507114879384188,0.000279312002631024,0.000344063984492505,0.000307081018423637,0.000524569068659883,0.00050344531380371,0.000603506800939249,0.000700847300376827,0.000294047248146572,0.000682586982434386,0.000627754480676603,0.000504703709094379,0.00084528262607995,0.000745743761549677,0.000848965109489115,0.000741680708570294,0.00080333163246945,0.000617557273118885,0.000827764542516208,0.000808313308202221,0.000944657175211931,0.000720398727405972,0.000795151956142159,0.00070954366817737,0.000546624256060372,0.000588892013860284,NA,NA,NA,NA,NA,NA,NA,NA,NA,NA,NA,NA,NA,NA,NA,NA,NA,NA,NA,NA,NA
"663.787",0.000184165425485003,0,7.08580079752945e-05,0,0.000135684017300536,2.24226394120688e-05,0.00017779533449233,0.000215683693971409,0.000349022050666992,0.000234327100599211,0.000161564386126083,0.00038300532311225,0.000612150784000113,1.98772404384617e-05,0.000117618021880778,0.000371404207492446,0.000280406033759439,0.00037525491976737,0.000357996664974571,0.000378479025989988,0.000356734101300511,0.000271215724502576,0.000338170439071503,0.000233341738516944,0.000121373634445009,0.000239023272579247,0.000219510862048521,0.000198931246789125,0.000271858544368189,0.000519921661330455,0.000359917502940987,NA,NA,NA,NA,NA,NA,NA,NA,NA,NA,NA,NA,NA,NA,NA,NA,NA,NA,NA,NA,NA,NA
"668.512",0.000398861316979618,0.000542208051041156,0.000302940592493224,0,3.33356476727038e-05,0.000201312755640511,4.23592248415531e-05,0.000149135375070188,0.000307920319904139,0.000274957433847904,0.00015695179338828,0.000305553102019518,0,0.000686558911016933,0.000316349976101277,0.000133332776848522,0.000419868586200266,0.000286080383776624,0.000518874956951036,0.000369216479068438,0.000806909054251089,0.000553069882950102,0.000767475941421462,0.000392671637101516,0.000435342204181568,0.000173145908222171,0.00038467009613975,0.000436821655145166,0.000243816816453919,0.000385628061328467,0.000359692823805069,NA,NA,NA,NA,NA,NA,NA,NA,NA,NA,NA,NA,NA,NA,NA,NA,NA,NA,NA,NA,NA,NA
"673.238",0.000648402892847645,0.000316622075960093,0.000127819565789016,0.000134547914275865,0.000158888354746174,0.000368503204716852,0,0.00045563629160767,0.000376773147147974,0.000205938095210074,0.000283332934550558,0.00025890031277266,0.000420556194535745,0.000442694191517189,0.000623460541710873,0.000341440796622266,0.00100012283212013,0.000334006044916691,0.000670208180286101,0.000968208469224842,0.000556233694596348,0.000670750580838862,0.000384537368892518,0.000738073000537981,0.000210532371507629,0.000432794593012377,0.000363308508141135,0.000479395296298085,0.00060312966764094,0.000365124969324159,NA,NA,NA,NA,NA,NA,NA,NA,NA,NA,NA,NA,NA,NA,NA,NA,NA,NA,NA,NA,NA,NA,NA
"677.967",0,0,0.000561166416585989,0,0.000162931454854871,0.000187004604620833,0.000258395835181157,0.000153012392752941,0.000141206268308987,0.000206993719532558,1.33486056379219e-05,0.00040720738532319,5.83314163698553e-05,0.000153060314814082,0.00048897126228593,0.000231468961785413,0.000238414324098639,0.000358050859172255,2.01661486604148e-05,0,0.000507302309673658,0.000499307065238587,0.000510025113490448,0.000379360480597601,0.000254363158697627,5.92962311351804e-05,0.0003357628774705,0.000671636388891722,0.000311038767302861,0.000117741860560205,NA,NA,NA,NA,NA,NA,NA,NA,NA,NA,NA,NA,NA,NA,NA,NA,NA,NA,NA,NA,NA,NA,NA
"682.696",0.000137878647920434,0,0,2.52828743377284e-05,2.18141835573475e-05,0,1.17452696322485e-07,3.40268292509584e-05,1.06444740211196e-05,0.000286759848181564,0,7.93163602359515e-05,0.000100321129176392,0,8.54268558300075e-05,0.000393158336022224,0.000364898781124961,0.000174081602177594,0.00017900813576545,0.000109683321135224,2.95312766050387e-05,0.000252607927612366,0.000399357373187033,0.000120540502341362,0.000207104205239246,0.000236368705232628,0.000561555355827787,0.000178190393581958,0.000321225078112159,NA,NA,NA,NA,NA,NA,NA,NA,NA,NA,NA,NA,NA,NA,NA,NA,NA,NA,NA,NA,NA,NA,NA,NA
"687.428",0,0,0,0,0,0,0,0,0,0,0,0,0,0,0,0,0,0,0,0,0,0,9.40633111366473e-05,0,0,0,0,0.000151470478505196,0,NA,NA,NA,NA,NA,NA,NA,NA,NA,NA,NA,NA,NA,NA,NA,NA,NA,NA,NA,NA,NA,NA,NA,NA
"692.16",0.000586972335747528,0.000171630604662924,0.000124061238463349,0.000229905533077518,0,9.86662640328432e-05,0.000104963389251125,0.00022332051622759,0.000137949714320954,0.000204611726611786,8.97200242394812e-05,2.31202433801958e-05,0.000290047337427443,0.000446252430179855,2.31787610058105e-05,0,0.000529336743872481,0.000190566492792594,0.000261388311459753,0.000548202759747632,0.000652437205735569,0.000664092141513103,0.00016100833094931,0.000220819230952552,0.000339333041898845,0,0.000478243469486841,0.000325090164367911,NA,NA,NA,NA,NA,NA,NA,NA,NA,NA,NA,NA,NA,NA,NA,NA,NA,NA,NA,NA,NA,NA,NA,NA,NA
"696.895",0.000440676053086843,0.000177308104505214,0.00043372421263034,4.41512297205697e-05,0.000126809984239672,0.000362117339345468,3.76337036655111e-05,9.81350337930071e-05,0.000271526554583255,5.09519182852293e-05,0,0.000443489449618826,0.000616030919568074,0.000319042666022846,0.000547367542987986,0.000317837758851872,0.000392916493760995,0.00024724126873638,0.000586475778488434,0.000714445889308656,0.000143744624741659,0.000502495981624613,0.000620000794585457,0.000930866083844832,0.00036748697522214,0.000428100529208287,0.000356042955829643,0,NA,NA,NA,NA,NA,NA,NA,NA,NA,NA,NA,NA,NA,NA,NA,NA,NA,NA,NA,NA,NA,NA,NA,NA,NA
"701.63",0,0,0.000126145162430629,0,0,0,0.000126765277000597,0.000172825403787215,0,6.18088751341447e-05,0,0,0.000121048816048202,2.7920903810678e-05,5.75969817941893e-05,3.71364799370619e-05,0.000163121722792652,0.000134423973382873,9.02028435625972e-06,0.000121600248493474,0.000115288735013974,0.000347715667621686,0,0,2.25673638521438e-05,0,0.000500145850388343,NA,NA,NA,NA,NA,NA,NA,NA,NA,NA,NA,NA,NA,NA,NA,NA,NA,NA,NA,NA,NA,NA,NA,NA,NA,NA
"706.367",1.51257050658358e-05,0.000547270599721106,0.000179510752598436,1.50481734671792e-05,0.000181415756985536,4.48290937201258e-05,3.16473592474157e-05,8.02019833218079e-06,0.000148832924070561,0.000332433874610774,0,0,3.61552881295857e-05,0.000150754170233792,6.84430196079775e-05,0.000270646645005964,0.000376027531040869,0.000124557617471991,0,0.000467321654566796,0.00052464389622131,0.000569447460044867,0.000290207571560838,0.000144908119226995,0.000104048553793296,0.00024560823127998,0.00029940387666685,NA,NA,NA,NA,NA,NA,NA,NA,NA,NA,NA,NA,NA,NA,NA,NA,NA,NA,NA,NA,NA,NA,NA,NA,NA,NA
"711.106",0,5.33110825904274e-05,0,0,9.48245088378088e-05,0,9.09249538069566e-05,8.50712154832108e-05,0,6.30003587555284e-05,0,0,0,0,0.000182609681543426,0,8.7081729808442e-05,0,0,0.000348882786849608,0.000117981432849929,0.000367541165041755,0,0,0,0,0,NA,NA,NA,NA,NA,NA,NA,NA,NA,NA,NA,NA,NA,NA,NA,NA,NA,NA,NA,NA,NA,NA,NA,NA,NA,NA
"715.845",0.000404241089871093,0.000130662813039731,5.69724654401037e-05,0,0.000188343289212617,0,0,0,0.000253921350029039,0.000188176232916249,0,3.12074065856049e-06,0,5.36421563879944e-05,0.000180933966195878,0,0.000541591221794458,0.000134544384217413,0.000345971543951701,0.000334824646725593,2.69636024002621e-05,0.000218464932470992,0,3.9471215820458e-06,0.000170667334717238,0,NA,NA,NA,NA,NA,NA,NA,NA,NA,NA,NA,NA,NA,NA,NA,NA,NA,NA,NA,NA,NA,NA,NA,NA,NA,NA,NA
"720.586",0.000724338914908887,0.000357322153821533,0.000347144008857664,0.000584312931026991,0.000159108245707393,0.000326757974352632,0.000285390979328346,6.62990066931059e-05,0.000172521334976,5.03829647124101e-05,0.000218960692601505,0.000505607625096872,0.000195062282733008,2.15550227888796e-05,0.000171133813698374,0.000270009853716318,4.79190505619405e-05,0.000501301787820557,0.000372265845336813,0.000630591664733935,0.000669490267333196,0.000103624433419723,7.86425343757344e-05,0.00022053174177924,0.000186526330133057,0.000451121023846012,NA,NA,NA,NA,NA,NA,NA,NA,NA,NA,NA,NA,NA,NA,NA,NA,NA,NA,NA,NA,NA,NA,NA,NA,NA,NA,NA
"725.329",0.000230808762320195,0.000956783967662819,0.000318571704378305,0.000447490875534709,0.000104212711290433,0.000392515318560992,0.000314387225573751,0.000236059559245886,0.000158640240356129,0.00019648206295452,0.000413403483688988,0.000106759502710898,0.000439735400955835,0.000508284750334992,0.000144826828285661,7.0373919723253e-05,0.000579284732256937,0,0.000376621688513339,0.000312420472859832,0.000378971009353549,0.000665700656436805,4.31632764255036e-06,0.000215232448047735,0.000161915585279532,NA,NA,NA,NA,NA,NA,NA,NA,NA,NA,NA,NA,NA,NA,NA,NA,NA,NA,NA,NA,NA,NA,NA,NA,NA,NA,NA,NA
"730.072",0.000557027894922309,0,0,0.00015272905853718,0,4.36022528892694e-05,1.89301754167144e-05,0.000141438678237441,6.27500745875184e-05,0,0,7.86244741178021e-05,0,0,0.000149285184883733,0,0.000134694436987117,0.000137603959269757,0.000167859480145524,0.000241626310883108,0.000493523468798808,0.000564507984498732,4.66089226288622e-05,2.8959075418708e-05,4.78013668044606e-07,NA,NA,NA,NA,NA,NA,NA,NA,NA,NA,NA,NA,NA,NA,NA,NA,NA,NA,NA,NA,NA,NA,NA,NA,NA,NA,NA,NA
"734.817",0,0,0,2.37518159864316e-05,1.35139849792196e-05,0.000206793368458757,0,4.23050556344522e-06,7.44429332086266e-05,4.62714044602567e-05,0,0,0.000173719588431127,0.000254074974253079,0.000336490839675963,7.18981168298775e-06,0.000556660158107429,0.000217649930990866,0,6.89232720586058e-05,4.51550015650297e-05,8.91934279939701e-05,5.96510496827208e-05,4.54024206565249e-05,NA,NA,NA,NA,NA,NA,NA,NA,NA,NA,NA,NA,NA,NA,NA,NA,NA,NA,NA,NA,NA,NA,NA,NA,NA,NA,NA,NA,NA
"739.563",0.000247007390530256,0,0,0,0,4.44802127613167e-05,0,2.92725818139768e-05,0,4.2592134982915e-07,0,0.000317118541551598,0,7.45867224386872e-05,7.60442333431084e-05,0,2.67757058568814e-05,0.000108127351076797,6.61644041614556e-05,0,0,0,0,0,NA,NA,NA,NA,NA,NA,NA,NA,NA,NA,NA,NA,NA,NA,NA,NA,NA,NA,NA,NA,NA,NA,NA,NA,NA,NA,NA,NA,NA
"744.31",8.51744858279279e-05,9.5126042945267e-05,0,0,0,0.000208245410871239,0,0.000116177415168246,0.000154882074170838,0,0.000152384804109493,0,0.000285817999798037,0,0,2.90017544713079e-05,2.69538455541065e-05,0.000222511789585914,0.000363522177686736,0.000408302237712305,0.00020312036347462,9.13260158401421e-05,3.4858521221145e-05,NA,NA,NA,NA,NA,NA,NA,NA,NA,NA,NA,NA,NA,NA,NA,NA,NA,NA,NA,NA,NA,NA,NA,NA,NA,NA,NA,NA,NA,NA
"749.058",6.42362815849716e-05,0,0,0.00025244187576093,0,0,0,0,0,0,0,0,0,4.55640065340236e-05,0,3.29194984350382e-05,0,0,0,0,0,0,0,NA,NA,NA,NA,NA,NA,NA,NA,NA,NA,NA,NA,NA,NA,NA,NA,NA,NA,NA,NA,NA,NA,NA,NA,NA,NA,NA,NA,NA,NA
"753.808",0,0,3.59110681260477e-07,0.000245030358735537,0,1.32470256821203e-05,0.000211325327631285,4.63407690257489e-06,0,0,0.000156864281199591,0.000466799280032656,0,0,0.000343137037696417,0.000373819389989675,0.000364565134776058,7.5274358406015e-05,0.000470422759549556,9.93021223068143e-06,0.000328145541335524,9.84184261634e-05,NA,NA,NA,NA,NA,NA,NA,NA,NA,NA,NA,NA,NA,NA,NA,NA,NA,NA,NA,NA,NA,NA,NA,NA,NA,NA,NA,NA,NA,NA,NA
"758.558",0,0,0,0,0,0,0,0,0,0,0,0,0.000149761664510689,0,0,0,0,0,0.000121076105747313,0,0,0,NA,NA,NA,NA,NA,NA,NA,NA,NA,NA,NA,NA,NA,NA,NA,NA,NA,NA,NA,NA,NA,NA,NA,NA,NA,NA,NA,NA,NA,NA,NA
"763.31",5.67661856400055e-05,0,0,0,0.00014503173526727,0,1.55593687253401e-05,0,0,0,0,0,0,0,0,0,3.6987145032452e-05,0,0,0,0,NA,NA,NA,NA,NA,NA,NA,NA,NA,NA,NA,NA,NA,NA,NA,NA,NA,NA,NA,NA,NA,NA,NA,NA,NA,NA,NA,NA,NA,NA,NA,NA
"768.062",0.00025833062199932,0.000383867782187589,3.71695580338281e-05,0.000578787103573129,0,0,1.04587159111207e-05,0.000254969718278063,0.000298662473627715,1.86063144256332e-07,0.000231496541629882,0.000270707362959935,0.000241776880699147,0.000398081035591813,0,0.000736909684369761,0.000464993125155629,0.000275201764768113,0.000205844171185324,0.00022791526395559,0.000259389901463788,NA,NA,NA,NA,NA,NA,NA,NA,NA,NA,NA,NA,NA,NA,NA,NA,NA,NA,NA,NA,NA,NA,NA,NA,NA,NA,NA,NA,NA,NA,NA,NA
"772.815",1.4578383279612e-07,0,0,0,0,0,0,0,0,0,0,0,0,0,0,0,0,0,0,0,0,NA,NA,NA,NA,NA,NA,NA,NA,NA,NA,NA,NA,NA,NA,NA,NA,NA,NA,NA,NA,NA,NA,NA,NA,NA,NA,NA,NA,NA,NA,NA,NA
"777.57",0.000280559862329718,0.00034431993800579,0.000259203795802059,0.000274995663386137,5.72182432410153e-05,0.000468649586833377,0.000318616235724423,0.000201881351768394,0.000149300689443798,0.000334441792296483,0.000283467322304223,0,0.000152926219817924,0.000513269314650703,0.000422951698193995,0.000203723818732781,0.000397765663220876,0.000449324738756301,0.000375719221106571,0.000222277218715846,NA,NA,NA,NA,NA,NA,NA,NA,NA,NA,NA,NA,NA,NA,NA,NA,NA,NA,NA,NA,NA,NA,NA,NA,NA,NA,NA,NA,NA,NA,NA,NA,NA
"782.325",0,0,0,0,0,0,0,0.000141654265693029,0,0,0,0,0,0,0,0,0,1.81861833957463e-05,0,0,NA,NA,NA,NA,NA,NA,NA,NA,NA,NA,NA,NA,NA,NA,NA,NA,NA,NA,NA,NA,NA,NA,NA,NA,NA,NA,NA,NA,NA,NA,NA,NA,NA
"787.081",0,0,0,0,0,0,0,0,0,0,3.90518925709878e-05,0,0,0,0,0,0,0,0,NA,NA,NA,NA,NA,NA,NA,NA,NA,NA,NA,NA,NA,NA,NA,NA,NA,NA,NA,NA,NA,NA,NA,NA,NA,NA,NA,NA,NA,NA,NA,NA,NA,NA
"791.838",0,0,0,0.000147620713729017,2.7365448281948e-05,0.000124794364440095,0.000102320077228226,0,0,0,0,2.93832888094857e-05,0,6.01014855281535e-05,0,0,0,0,0,NA,NA,NA,NA,NA,NA,NA,NA,NA,NA,NA,NA,NA,NA,NA,NA,NA,NA,NA,NA,NA,NA,NA,NA,NA,NA,NA,NA,NA,NA,NA,NA,NA,NA
"796.596",0,0,0,0.000216503883465382,0,3.65044637752554e-06,0,0.000182013699175653,0,0,0.000202772944359936,0,0,0,0,0.000271110048012389,0,0,NA,NA,NA,NA,NA,NA,NA,NA,NA,NA,NA,NA,NA,NA,NA,NA,NA,NA,NA,NA,NA,NA,NA,NA,NA,NA,NA,NA,NA,NA,NA,NA,NA,NA,NA
"801.355",0.000530483177491831,0.000884351929072348,0.000289418576421382,0.000243779813784289,0.000469729490937959,0.000313086868520191,0.000218919585721382,0.000250845413841873,0.00038689229750732,0.000475118250763193,0.000259680404217023,3.70289049500427e-05,0.000326599236216983,0.000527317062065929,0.000291230368318328,0.000449934657932247,0.000721056707717481,0.000281378331757457,NA,NA,NA,NA,NA,NA,NA,NA,NA,NA,NA,NA,NA,NA,NA,NA,NA,NA,NA,NA,NA,NA,NA,NA,NA,NA,NA,NA,NA,NA,NA,NA,NA,NA,NA
"806.114",0,3.81597838197446e-05,2.14256568448109e-07,0,3.28204802711463e-06,0,0,0.000104355817048765,0,0.00013518468157115,0,2.9768950314982e-05,0,0,0,0,0.000209563762337899,NA,NA,NA,NA,NA,NA,NA,NA,NA,NA,NA,NA,NA,NA,NA,NA,NA,NA,NA,NA,NA,NA,NA,NA,NA,NA,NA,NA,NA,NA,NA,NA,NA,NA,NA,NA
"810.875",0.00038533284287349,0.000196037342574211,0.000539975115975553,0.000256196910364988,0,0,6.32571809324225e-05,0,0.000182669101389515,6.71346656458885e-05,0.000150242913156212,9.65235200883577e-05,0,0,1.49292393043417e-05,0.000182976795126144,0.000403460188369264,NA,NA,NA,NA,NA,NA,NA,NA,NA,NA,NA,NA,NA,NA,NA,NA,NA,NA,NA,NA,NA,NA,NA,NA,NA,NA,NA,NA,NA,NA,NA,NA,NA,NA,NA,NA
"815.635",0.000214157511663959,0.000200756159694711,0,0,0,0,0,3.61213295857686e-05,9.48298377575837e-06,0,0,0.000155935799637292,0.000268490282555741,0,0,0.00019380362089816,NA,NA,NA,NA,NA,NA,NA,NA,NA,NA,NA,NA,NA,NA,NA,NA,NA,NA,NA,NA,NA,NA,NA,NA,NA,NA,NA,NA,NA,NA,NA,NA,NA,NA,NA,NA,NA
"820.397",0.00020888072918968,0.000100492854459525,0,0.000264220391698116,0.000560960328109633,0.000184091762777079,9.48386112457939e-05,7.6698658150291e-05,0,9.58968257275782e-05,0.000116023956258925,7.45349187538381e-05,0.000120869169932101,0.000288426436746172,0.000402318675471271,0.000256438641195792,NA,NA,NA,NA,NA,NA,NA,NA,NA,NA,NA,NA,NA,NA,NA,NA,NA,NA,NA,NA,NA,NA,NA,NA,NA,NA,NA,NA,NA,NA,NA,NA,NA,NA,NA,NA,NA
"825.159",0,0.000310755583487679,0,0,0.000101476603061847,0,9.73065936494532e-05,0.000112851069583794,0,0,0.000156445101334344,0,0,0,0,NA,NA,NA,NA,NA,NA,NA,NA,NA,NA,NA,NA,NA,NA,NA,NA,NA,NA,NA,NA,NA,NA,NA,NA,NA,NA,NA,NA,NA,NA,NA,NA,NA,NA,NA,NA,NA,NA
