sample_ID,species,weight_g,volume_mL,frag_ID,SA_cm2,run_block,timepoint,notes
A03_3SP_T0,PCOM,,474,A03_3SP,,RUN1,T0,
A06_MONO_T0,PCOM,,474,A06_MONO,,RUN1,T0,
A09_FAKE_T0,PCOM,,470,A09_FAKE,,RUN1,T0,
A10_6SP_T0,PCOM,,468,A10_6SP,,RUN1,T0,
A16_6SP_T0,PCOM,,464,A16_6SP,,RUN1,T0,
B04_MONO_T0,MCAP,,465,B04_MONO,,RUN1,T0,
B05_MONO_T0,MCAP,,469,B05_MONO,,RUN1,T0,
B07_3SP_T0,MCAP,,465,B07_3SP,,RUN1,T0,
B08_3SP_T0,MCAP,,465,B08_3SP,,RUN1,T0,
B11_FAKE_T0,MCAP,,470,B11_FAKE,,RUN1,T0,
BLANK1_RUN1_T0,BLANK,,485,BLANK1_RUN1,,RUN1,T0,
BLANK2_RUN1_T0,BLANK,,485,BLANK2_RUN1,,RUN1,T0,
A01_3SP_T0,PCOM,,463,A01_3SP,,RUN10,T0,
A02_6SP_T0,PCOM,,464,A02_6SP,,RUN10,T0,
A08_3SP_T0,PCOM,,470,A08_3SP,,RUN10,T0,
A11_MONO_T0,PCOM,,473,A11_MONO,,RUN10,T0,
A15_6SP_T0,PCOM,,472,A15_6SP,,RUN10,T0,
B01_6SP_T0,MCAP,,474,B01_6SP,,RUN10,T0,
B03_FAKE_T0,MCAP,,469,B03_FAKE,,RUN10,T0,
B06_6SP_T0,MCAP,,473,B06_6SP,,RUN10,T0,
B11_MONO_T0,MCAP,,475,B11_MONO,,RUN10,T0,
B14_3SP_T0,MCAP,,476,B14_3SP,,RUN10,T0,
BLANK1_RUN10_T0,BLANK,,485,BLANK1_RUN10,,RUN10,T0,
BLANK2_RUN10_T0,BLANK,,485,BLANK2_RUN10,,RUN10,T0,
A03_FAKE_T0,PCOM,,471,A03_FAKE,,RUN11,T0,
A05_FAKE_T0,PCOM,,470,A05_FAKE,,RUN11,T0,
A08_6SP_T0,PCOM,,470,A08_6SP,,RUN11,T0,
A14_MONO_T0,PCOM,,471,A14_MONO,,RUN11,T0,
B04_3SP_T0,MCAP,,473,B04_3SP,,RUN11,T0,
B05_6SP_T0,MCAP,,473,B05_6SP,,RUN11,T0,
B10_6SP_T0,MCAP,,470,B10_6SP,,RUN11,T0,
B12_FAKE_T0,MCAP,,472,B12_FAKE,,RUN11,T0,
B13_3SP_T0,MCAP,,468,B13_3SP,,RUN11,T0,
B15_MONO_T0,MCAP,,468,B15_MONO,,RUN11,T0,
BLANK1_RUN11_T0,BLANK,,485,BLANK1_RUN11,,RUN11,T0,
BLANK2_RUN11_T0,BLANK,,485,BLANK2_RUN11,,RUN11,T0,
A01_MONO_T0,PCOM,,467,A01_MONO,,RUN12,T0,
A02_3SP_T0,PCOM,,475,A02_3SP,,RUN12,T0,
A07_3SP_T0,PCOM,,475,A07_3SP,,RUN12,T0,
A08_FAKE_T0,PCOM,,470,A08_FAKE,,RUN12,T0,
A16_3SP_T0,PCOM,,467,A16_3SP,,RUN12,T0,
B01_MONO_T0,MCAP,,475,B01_MONO,,RUN12,T0,
B10_MONO_T0,MCAP,,461,B10_MONO,,RUN12,T0,
B12_MONO_T0,MCAP,,471,B12_MONO,,RUN12,T0,
B16_6SP_T0,MCAP,,469,B16_6SP,,RUN12,T0,
B16_MONO_T0,MCAP,,458,B16_MONO,,RUN12,T0,
BLANK1_RUN12_T0,BLANK,,485,BLANK1_RUN12,,RUN12,T0,
BLANK2_RUN12_T0,BLANK,,485,BLANK2_RUN12,,RUN12,T0,
A01_6SP_T0,PCOM,,474,A01_6SP,,RUN13,T0,
A03_6SP_T0,PCOM,,466,A03_6SP,,RUN13,T0,
A06_FAKE_T0,PCOM,,465,A06_FAKE,,RUN13,T0,
A10_MONO_T0,PCOM,,467,A10_MONO,,RUN13,T0,
A14_6SP_T0,PCOM,,469,A14_6SP,,RUN13,T0,
B03_MONO_T0,MCAP,,470,B03_MONO,,RUN13,T0,
B09_6SP_T0,MCAP,,471,B09_6SP,,RUN13,T0,
B15_6SP_T0,MCAP,,470,B15_6SP,,RUN13,T0,
BLANK1_RUN13_T0,BLANK,,485,BLANK1_RUN13,,RUN13,T0,
BLANK2_RUN13_T0,BLANK,,485,BLANK2_RUN13,,RUN13,T0,
A17_3SP_T0,PCOM,,478,A17_3SP,,RUN14,T0,
A18_3SP_T0,PCOM,,473,A18_3SP,,RUN14,T0,
A19_3SP_T0,PCOM,,480,A19_3SP,,RUN14,T0,
A20_3SP_T0,PCOM,,472,A20_3SP,,RUN14,T0,
B17_3SP_T0,MCAP,,474,B17_3SP,,RUN14,T0,
B18_3SP_T0,MCAP,,472,B18_3SP,,RUN14,T0,
B19_3SP_T0,MCAP,,480,B19_3SP,,RUN14,T0,
B20_3SP_T0,MCAP,,475,B20_3SP,,RUN14,T0,
BLANK1_RUN14_T0,BLANK,,483,BLANK1_RUN14,,RUN14,T0,
BLANK2_RUN14_T0,BLANK,,485,BLANK2_RUN14,,RUN14,T0,
A21_FAKE_T0,PCOM,,469,A21_FAKE,,RUN15,T0,
A22_FAKE_T0,PCOM,,470,A22_FAKE,,RUN15,T0,
A23_FAKE_T0,PCOM,,467,A23_FAKE,,RUN15,T0,
A24_FAKE_T0,PCOM,,468,A24_FAKE,,RUN15,T0,
BLANK1_RUN15_T0,BLANK,,485,BLANK1_RUN15,,RUN15,T0,
A03_3SP_T1,PCOM,,475,A03_3SP,,RUN16,T1,
A06_MONO_T1,PCOM,,473,A06_MONO,,RUN16,T1,
A10_6SP_T1,PCOM,,465,A10_6SP,,RUN16,T1,
A16_6SP_T1,PCOM,,465,A16_6SP,,RUN16,T1,
A21_FAKE_T1,PCOM,,455,A21_FAKE,,RUN16,T1,
B04_MONO_T1,MCAP,,464,B04_MONO,,RUN16,T1,
B05_MONO_T1,MCAP,,468,B05_MONO,,RUN16,T1,
B07_3SP_T1,MCAP,,463,B07_3SP,,RUN16,T1,
B08_3SP_T1,MCAP,,464,B08_3SP,,RUN16,T1,
B11_FAKE_T1,MCAP,,469,B11_FAKE,,RUN16,T1,
BLANK1_RUN16_T1,BLANK,,485,BLANK1_RUN16,,RUN16,T1,
BLANK2_RUN16_T1,BLANK,,485,BLANK2_RUN16,,RUN16,T1,
A04_3SP_T1,PCOM,,465,A04_3SP,,RUN17,T1,
A04_6SP_T1,PCOM,,464,A04_6SP,,RUN17,T1,
A04_FAKE_T1,PCOM,,464,A04_FAKE,,RUN17,T1,
A09_6SP_T1,PCOM,,461,A09_6SP,,RUN17,T1,
A15_MONO_T1,PCOM,,470,A15_MONO,,RUN17,T1,
B05_FAKE_T1,MCAP,,461,B05_FAKE,,RUN17,T1,
B06_MONO_T1,MCAP,,469,B06_MONO,,RUN17,T1,
B09_MONO_T1,MCAP,,475,B09_MONO,,RUN17,T1,
B12_3SP_T1,MCAP,,469,B12_3SP,,RUN17,T1,
B19_3SP_T1,MCAP,,475,B19_3SP,,RUN17,T1,
BLANK1_RUN17_T1,BLANK,,485,BLANK1_RUN17,,RUN17,T1,
BLANK2_RUN17_T1,BLANK,,485,BLANK2_RUN17,,RUN17,T1,
A10_3SP_T1,PCOM,,466,A10_3SP,,RUN18,T1,
A11_6SP_T1,PCOM,,460,A11_6SP,,RUN18,T1,
A12_6SP_T1,PCOM,,474,A12_6SP,,RUN18,T1,
A15_FAKE_T1,PCOM,,465,A15_FAKE,,RUN18,T1,
A19_3SP_T1,PCOM,,473,A19_3SP,,RUN18,T1,
A24_FAKE_T1,PCOM,,467,A24_FAKE,,RUN18,T1,
B03_6SP_T1,MCAP,,460,B03_6SP,,RUN18,T1,
B04_4_MONO_T1,MCAP,,467,B04_4_MONO,,RUN18,T1,
B04_FAKE_T1,MCAP,,470,B04_FAKE,,RUN18,T1,
B06_3SP_T1,MCAP,,475,B06_3SP,,RUN18,T1,
BLANK1_RUN18_T1,BLANK,,485,BLANK1_RUN18,,RUN18,T1,
BLANK2_RUN18_T1,BLANK,,485,BLANK2_RUN18,,RUN18,T1,
A05_3SP_T1,PCOM,,459,A05_3SP,,RUN19,T1,
A05_MONO_T1,PCOM,,468,A05_MONO,,RUN19,T1,
A08_MONO_T1,PCOM,,472,A08_MONO,,RUN19,T1,
A16_FAKE_T1,PCOM,,469,A16_FAKE,,RUN19,T1,
A17_3SP_T1,PCOM,,477,A17_3SP,,RUN19,T1,
B08_MONO_T1,MCAP,,460,B08_MONO,,RUN19,T1,
B10_3SP_T1,MCAP,,475,B10_3SP,,RUN19,T1,
B13_6SP_T1,MCAP,,470,B13_6SP,,RUN19,T1,
B14_4_MONO_T1,MCAP,,474,B14_4_MONO,,RUN19,T1,
B14_MONO_T1,MCAP,,470,B14_MONO,,RUN19,T1,
BLANK1_RUN19_T1,BLANK,,485,BLANK1_RUN19,,RUN19,T1,
BLANK2_RUN19_T1,BLANK,,484,BLANK2_RUN19,,RUN19,T1,
A04_3SP_T0,PCOM,,468,A04_3SP,,RUN2,T0,
A04_6SP_T0,PCOM,,468,A04_6SP,,RUN2,T0,
A04_FAKE_T0,PCOM,,469,A04_FAKE,,RUN2,T0,
A09_6SP_T0,PCOM,,465,A09_6SP,,RUN2,T0,
A15_MONO_T0,PCOM,,469,A15_MONO,,RUN2,T0,
B05_FAKE_T0,MCAP,,465,B05_FAKE,,RUN2,T0,
B06_MONO_T0,MCAP,,472,B06_MONO,,RUN2,T0,
B09_MONO_T0,MCAP,,476,B09_MONO,,RUN2,T0,
B12_3SP_T0,MCAP,,470,B12_3SP,,RUN2,T0,
B15_3SP_T0,MCAP,,471,B15_3SP,,RUN2,T0,
BLANK1_RUN2_T0,BLANK,,485,BLANK1_RUN2,,RUN2,T0,
BLANK2_RUN2_T0,BLANK,,485,BLANK2_RUN2,,RUN2,T0,
A01_FAKE_T1,PCOM,,474,A01_FAKE,,RUN20,T1,
A12_3SP_T1,PCOM,,471,A12_3SP,,RUN20,T1,
B03_3SP_T1,MCAP,,471,B03_3SP,,RUN20,T1,
B04_6SP_T1,MCAP,,465,B04_6SP,,RUN20,T1,
B10_FAKE_T1,MCAP,,470,B10_FAKE,,RUN20,T1,
B11_6SP_T1,MCAP,,480,B11_6SP,,RUN20,T1,
B12_6SP_T1,MCAP,,462,B12_6SP,,RUN20,T1,
B13_3_MONO_T1,MCAP,,477,B13_3_MONO,,RUN20,T1,
B13_FAKE_T1,MCAP,,470,B13_FAKE,,RUN20,T1,
B14_6SP_T1,MCAP,,464,B14_6SP,,RUN20,T1,
BLANK1_RUN20_T1,BLANK,,485,BLANK1_RUN20,,RUN20,T1,
BLANK2_RUN20_T1,BLANK,,485,BLANK2_RUN20,,RUN20,T1,
A04_MONO_T1,PCOM,,470,A04_MONO,,RUN21,T1,
A11_3SP_T1,PCOM,,470,A11_3SP,,RUN21,T1,
A23_FAKE_T1,PCOM,,470,A23_FAKE,,RUN21,T1,
B02_6SP_T1,MCAP,,465,B02_6SP,,RUN21,T1,
B02_MONO_T1,MCAP,,464,B02_MONO,,RUN21,T1,
B05_3SP_T1,MCAP,,467,B05_3SP,,RUN21,T1,
B07_FAKE_T1,MCAP,,470,B07_FAKE,,RUN21,T1,
B13_MONO_T1,MCAP,,471,B13_MONO,,RUN21,T1,
B15_FAKE_T1,MCAP,,470,B15_FAKE,,RUN21,T1,
B20_3SP_T1,MCAP,,479,B20_3SP,,RUN21,T1,
BLANK1_RUN21_T1,BLANK,,485,BLANK1_RUN21,,RUN21,T1,
BLANK2_RUN21_T1,BLANK,,485,BLANK2_RUN21,,RUN21,T1,
A02_MONO_T1,PCOM,,468,A02_MONO,,RUN22,T1,
A09_3SP_T1,PCOM,,470,A09_3SP,,RUN22,T1,
A13_6SP_T1,PCOM,,470,A13_6SP,,RUN22,T1,
A13_FAKE_T1,PCOM,,470,A13_FAKE,,RUN22,T1,
A16_MONO_T1,PCOM,,476,A16_MONO,,RUN22,T1,
A22_FAKE_T1,PCOM,,466,A22_FAKE,,RUN22,T1,
B01_3SP_T1,MCAP,,462,B01_3SP,,RUN22,T1,
B03_3_MONO_T1,MCAP,,453,B03_3_MONO,,RUN22,T1,
B06_FAKE_T1,MCAP,,460,B06_FAKE,,RUN22,T1,
B14_FAKE_T1,MCAP,,472,B14_FAKE,,RUN22,T1,
BLANK1_RUN22_T1,BLANK,,485,BLANK1_RUN22,,RUN22,T1,
BLANK2_RUN22_T1,BLANK,,487,BLANK2_RUN22,,RUN22,T1,
A03_MONO_T1,PCOM,,475,A03_MONO,,RUN23,T1,
A07_FAKE_T1,PCOM,,475,A07_FAKE,,RUN23,T1,
A07_MONO_T1,PCOM,,465,A07_MONO,,RUN23,T1,
A09_MONO_T1,PCOM,,467,A09_MONO,,RUN23,T1,
A12_MONO_T1,PCOM,,465,A12_MONO,,RUN23,T1,
A14_FAKE_T1,PCOM,,465,A14_FAKE,,RUN23,T1,
A18_3SP_T1,PCOM,,475,A18_3SP,,RUN23,T1,
B02_3SP_T1,MCAP,,461,B02_3SP,,RUN23,T1,
B07_MONO_T1,MCAP,,469,B07_MONO,,RUN23,T1,
B16_FAKE_T1,MCAP,,470,B16_FAKE,,RUN23,T1,
BLANK1_RUN23_T1,BLANK,,485,BLANK1_RUN23,,RUN23,T1,
BLANK2_RUN23_T1,BLANK,,485,BLANK2_RUN23,,RUN23,T1,
A02_FAKE_T1,PCOM,,470,A02_FAKE,,RUN24,T1,
A06_3SP_T1,PCOM,,469,A06_3SP,,RUN24,T1,
A13_MONO_T1,PCOM,,471,A13_MONO,,RUN24,T1,
B01_FAKE_T1,MCAP,,476,B01_FAKE,,RUN24,T1,
B02_6_MONO_T1,MCAP,,470,B02_6_MONO,,RUN24,T1,
B02_FAKE_T1,MCAP,,471,B02_FAKE,,RUN24,T1,
B08_FAKE_T1,MCAP,,465,B08_FAKE,,RUN24,T1,
B09_3SP_T1,MCAP,,467,B09_3SP,,RUN24,T1,
B09_FAKE_T1,MCAP,,475,B09_FAKE,,RUN24,T1,
B11_3SP_T1,MCAP,,474,B11_3SP,,RUN24,T1,
BLANK1_RUN24_T1,BLANK,,485,BLANK1_RUN24,,RUN24,T1,
BLANK2_RUN24_T1,BLANK,,485,BLANK2_RUN24,,RUN24,T1,
A01_3SP_T1,PCOM,,458,A01_3SP,,RUN25,T1,
A02_6SP_T1,PCOM,,463,A02_6SP,,RUN25,T1,
A08_3SP_T1,PCOM,,460,A08_3SP,,RUN25,T1,
A11_MONO_T1,PCOM,,470,A11_MONO,,RUN25,T1,
A15_6SP_T1,PCOM,,468,A15_6SP,,RUN25,T1,
B01_6SP_T1,MCAP,,475,B01_6SP,,RUN25,T1,
B03_FAKE_T1,MCAP,,469,B03_FAKE,,RUN25,T1,
B11_MONO_T1,MCAP,,475,B11_MONO,,RUN25,T1,
B15_3_MONO_T1,MCAP,,473,B15_3_MONO,,RUN25,T1,
B18_3SP_T1,MCAP,,469,B18_3SP,,RUN25,T1,
BLANK1_RUN25_T1,BLANK,,485,BLANK1_RUN25,,RUN25,T1,"MAYBE ONLY USE BLANK 1, BLANK 2 WEIRD?"
BLANK2_RUN25_T1,BLANK,,485,BLANK2_RUN25,,RUN25,T1,
A03_FAKE_T1,PCOM,,472,A03_FAKE,,RUN26,T1,
A05_FAKE_T1,PCOM,,463,A05_FAKE,,RUN26,T1,
A14_MONO_T1,PCOM,,470,A14_MONO,,RUN26,T1,
B01_4_MONO_T1,MCAP,,473,B01_4_MONO,,RUN26,T1,
B04_3SP_T1,MCAP,,474,B04_3SP,,RUN26,T1,
B10_6SP_T1,MCAP,,469,B10_6SP,,RUN26,T1,
B12_FAKE_T1,MCAP,,472,B12_FAKE,,RUN26,T1,
B15_MONO_T1,MCAP,,466,B15_MONO,,RUN26,T1,
B16_3_MONO_T1,MCAP,,460,B16_3_MONO,,RUN26,T1,
B17_3SP_T1,MCAP,,470,B17_3SP,,RUN26,T1,
BLANK1_RUN26_T1,BLANK,,485,BLANK1_RUN26,,RUN26,T1,
BLANK2_RUN26_T1,BLANK,,485,BLANK2_RUN26,,RUN26,T1,
A01_MONO_T1,PCOM,,469,A01_MONO,,RUN27,T1,
A02_3SP_T1,PCOM,,472,A02_3SP,,RUN27,T1,
A07_3SP_T1,PCOM,,474,A07_3SP,,RUN27,T1,
A08_FAKE_T1,PCOM,,477,A08_FAKE,,RUN27,T1,
A20_3SP_T1,PCOM,,469,A20_3SP,,RUN27,T1,
B01_MONO_T1,MCAP,,475,B01_MONO,,RUN27,T1,
B10_MONO_T1,MCAP,,465,B10_MONO,,RUN27,T1,
B12_MONO_T1,MCAP,,469,B12_MONO,,RUN27,T1,
B16_6SP_T1,MCAP,,474,B16_6SP,,RUN27,T1,
B16_MONO_T1,MCAP,,455,B16_MONO,,RUN27,T1,
BLANK1_RUN27_T1,BLANK,,485,BLANK1_RUN27,,RUN27,T1,
BLANK2_RUN27_T1,BLANK,,485,BLANK2_RUN27,,RUN27,T1,
A01_6SP_T1,PCOM,,470,A01_6SP,,RUN28,T1,
A03_6SP_T1,PCOM,,464,A03_6SP,,RUN28,T1,
A06_FAKE_T1,PCOM,,464,A06_FAKE,,RUN28,T1,
A10_MONO_T1,PCOM,,468,A10_MONO,,RUN28,T1,
A14_6SP_T1,PCOM,,468,A14_6SP,,RUN28,T1,
B03_MONO_T1,MCAP,,467,B03_MONO,,RUN28,T1,
B09_6SP_T1,MCAP,,473,B09_6SP,,RUN28,T1,
B15_6SP_T1,MCAP,,468,B15_6SP,,RUN28,T1,
BLANK1_RUN28_T1,BLANK,,485,BLANK1_RUN28,,RUN28,T1,
BLANK2_RUN28_T1,BLANK,,485,BLANK2_RUN28,,RUN28,T1,
A05_6SP_T0,PCOM,,469,A05_6SP,,RUN3,T0,
A10_3SP_T0,PCOM,,470,A10_3SP,,RUN3,T0,
A11_6SP_T0,PCOM,,465,A11_6SP,,RUN3,T0,
A12_6SP_T0,PCOM,,475,A12_6SP,,RUN3,T0,
A12_FAKE_T0,PCOM,,480,A12_FAKE,,RUN3,T0,
A15_3SP_T0,PCOM,,465,A15_3SP,,RUN3,T0,
A15_FAKE_T0,PCOM,,470,A15_FAKE,,RUN3,T0,
B03_6SP_T0,MCAP,,461,B03_6SP,,RUN3,T0,
B04_FAKE_T0,MCAP,,476,B04_FAKE,,RUN3,T0,
B06_3SP_T0,MCAP,,471,B06_3SP,,RUN3,T0,
BLANK1_RUN3_T0,BLANK,,485,BLANK1_RUN3,,RUN3,T0,
BLANK2_RUN3_T0,BLANK,,485,BLANK2_RUN3,,RUN3,T0,
A05_3SP_T0,PCOM,,462,A05_3SP,,RUN4,T0,
A05_MONO_T0,PCOM,,465,A05_MONO,,RUN4,T0,
A07_6SP_T0,PCOM,,465,A07_6SP,,RUN4,T0,
A08_MONO_T0,PCOM,,472,A08_MONO,,RUN4,T0,
A13_3SP_T0,PCOM,,470,A13_3SP,,RUN4,T0,
A16_FAKE_T0,PCOM,,469,A16_FAKE,,RUN4,T0,
B08_MONO_T0,MCAP,,464,B08_MONO,,RUN4,T0,
B10_3SP_T0,MCAP,,473,B10_3SP,,RUN4,T0,
B13_6SP_T0,MCAP,,470,B13_6SP,,RUN4,T0,
B14_MONO_T0,MCAP,,468,B14_MONO,,RUN4,T0,
BLANK1_RUN4_T0,BLANK,,485,BLANK1_RUN4,,RUN4,T0,
BLANK2_RUN4_T0,BLANK,,485,BLANK2_RUN4,,RUN4,T0,
A01_FAKE_T0,PCOM,,475,A01_FAKE,,RUN5,T0,
A12_3SP_T0,PCOM,,465,A12_3SP,,RUN5,T0,
B03_3SP_T0,MCAP,,467,B03_3SP,,RUN5,T0,
B04_6SP_T0,MCAP,,465,B04_6SP,,RUN5,T0,
B07_6SP_T0,MCAP,,470,B07_6SP,,RUN5,T0,
B10_FAKE_T0,MCAP,,473,B10_FAKE,,RUN5,T0,
B11_6SP_T0,MCAP,,470,B11_6SP,,RUN5,T0,
B12_6SP_T0,MCAP,,474,B12_6SP,,RUN5,T0,
B13_FAKE_T0,MCAP,,473,B13_FAKE,,RUN5,T0,
B14_6SP_T0,MCAP,,470,B14_6SP,,RUN5,T0,
BLANK1_RUN5_T0,BLANK,,485,BLANK1_RUN5,,RUN5,T0,
BLANK2_RUN5_T0,BLANK,,483,BLANK2_RUN5,,RUN5,T0,
A04_MONO_T0,PCOM,,470,A04_MONO,,RUN6,T0,
A11_3SP_T0,PCOM,,471,A11_3SP,,RUN6,T0,
A11_FAKE_T0,PCOM,,473,A11_FAKE,,RUN6,T0,
B02_6SP_T0,MCAP,,470,B02_6SP,,RUN6,T0,
B02_MONO_T0,MCAP,,469,B02_MONO,,RUN6,T0,
B05_3SP_T0,MCAP,,467,B05_3SP,,RUN6,T0,
B07_FAKE_T0,MCAP,,475,B07_FAKE,,RUN6,T0,
B13_MONO_T0,MCAP,,470,B13_MONO,,RUN6,T0,
B15_FAKE_T0,MCAP,,469,B15_FAKE,,RUN6,T0,
B16_3SP_T0,MCAP,,473,B16_3SP,,RUN6,T0,
BLANK1_RUN6_T0,BLANK,,485,BLANK1_RUN6,,RUN6,T0,
BLANK2_RUN6_T0,BLANK,,485,BLANK2_RUN6,,RUN6,T0,
A02_MONO_T0,PCOM,,467,A02_MONO,,RUN7,T0,
A09_3SP_T0,PCOM,,475,A09_3SP,,RUN7,T0,
A10_FAKE_T0,PCOM,,464,A10_FAKE,,RUN7,T0,
A13_6SP_T0,PCOM,,465,A13_6SP,,RUN7,T0,
A13_FAKE_T0,PCOM,,472,A13_FAKE,,RUN7,T0,
A16_MONO_T0,PCOM,,475,A16_MONO,,RUN7,T0,
B01_3SP_T0,MCAP,,460,B01_3SP,,RUN7,T0,
B06_FAKE_T0,MCAP,,462,B06_FAKE,,RUN7,T0,
B08_6SP_T0,MCAP,,472,B08_6SP,,RUN7,T0,
B14_FAKE_T0,MCAP,,472,B14_FAKE,,RUN7,T0,
BLANK1_RUN7_T0,BLANK,,485,BLANK1_RUN7,,RUN7,T0,
BLANK2_RUN7_T0,BLANK,,485,BLANK2_RUN7,,RUN7,T0,
A03_MONO_T0,PCOM,,473,A03_MONO,,RUN8,T0,
A07_FAKE_T0,PCOM,,476,A07_FAKE,,RUN8,T0,
A07_MONO_T0,PCOM,,468,A07_MONO,,RUN8,T0,
A09_MONO_T0,PCOM,,470,A09_MONO,,RUN8,T0,
A12_MONO_T0,PCOM,,468,A12_MONO,,RUN8,T0,
A14_3SP_T0,PCOM,,476,A14_3SP,,RUN8,T0,
A14_FAKE_T0,PCOM,,470,A14_FAKE,,RUN8,T0,
B02_3SP_T0,MCAP,,460,B02_3SP,,RUN8,T0,
B07_MONO_T0,MCAP,,470,B07_MONO,,RUN8,T0,
B16_FAKE_T0,MCAP,,469,B16_FAKE,,RUN8,T0,
BLANK1_RUN8_T0,BLANK,,485,BLANK1_RUN8,,RUN8,T0,
BLANK2_RUN8_T0,BLANK,,483,BLANK2_RUN8,,RUN8,T0,
A02_FAKE_T0,PCOM,,473,A02_FAKE,,RUN9,T0,
A06_3SP_T0,PCOM,,474,A06_3SP,,RUN9,T0,
A06_6SP_T0,PCOM,,465,A06_6SP,,RUN9,T0,
A13_MONO_T0,PCOM,,471,A13_MONO,,RUN9,T0,
B01_FAKE_T0,MCAP,,470,B01_FAKE,,RUN9,T0,
B02_FAKE_T0,MCAP,,474,B02_FAKE,,RUN9,T0,
B08_FAKE_T0,MCAP,,465,B08_FAKE,,RUN9,T0,
B09_3SP_T0,MCAP,,468,B09_3SP,,RUN9,T0,
B09_FAKE_T0,MCAP,,463,B09_FAKE,,RUN9,T0,
B11_3SP_T0,MCAP,,475,B11_3SP,,RUN9,T0,
BLANK1_RUN9_T0,BLANK,,485,BLANK1_RUN9,,RUN9,T0,
BLANK2_RUN9_T0,BLANK,,485,BLANK2_RUN9,,RUN9,T0,