date ,start_time,stop_time,frag_ID,timepoint,sample_ID,FileID_csv,light_dark,run_block,blank ,chamber_channel
3/5/26,7:23,7:45,A06_MONO,T0,A06_MONO_T0,A06_MONO_T0_O2.csv,DARK,RUN1,0,1
3/5/26,7:23,7:45,B11_FAKE,T0,B11_FAKE_T0,B11_FAKE_T0_O2.csv,DARK,RUN1,0,2
3/5/26,7:23,7:45,A03_3SP,T0,A03_3SP_T0,A03_3SP_T0_O2.csv,DARK,RUN1,0,3
3/5/26,7:23,7:45,A16_6SP,T0,A16_6SP_T0,A16_6SP_T0_O2.csv,DARK,RUN1,0,4
3/5/26,7:23,7:45,B05_MONO,T0,B05_MONO_T0,B05_MONO_T0_O2.csv,DARK,RUN1,0,5
3/5/26,7:23,7:45,BLANK2_RUN1,T0,BLANK2_RUN1_T0,BLANK2_RUN1_T0_O2.csv,DARK,RUN1,1,6
3/5/26,7:23,7:45,A10_6SP,T0,A10_6SP_T0,A10_6SP_T0_O2.csv,DARK,RUN1,0,7
3/5/26,7:23,7:45,B08_3SP,T0,B08_3SP_T0,B08_3SP_T0_O2.csv,DARK,RUN1,0,8
3/5/26,7:23,7:45,B04_MONO,T0,B04_MONO_T0,B04_MONO_T0_O2.csv,DARK,RUN1,0,9
3/5/26,7:23,7:45,A09_FAKE,T0,A09_FAKE_T0,A09_FAKE_T0_O2.csv,DARK,RUN1,0,10
3/5/26,7:23,7:45,B07_3SP,T0,B07_3SP_T0,B07_3SP_T0_O2.csv,DARK,RUN1,0,11
3/5/26,7:23,7:45,BLANK1_RUN1,T0,BLANK1_RUN1_T0,BLANK1_RUN1_T0_O2.csv,DARK,RUN1,1,12
3/5/26,8:24,9:27,A06_MONO,T0,A06_MONO_T0,A06_MONO_T0_O2.csv,LIGHT,RUN1,0,1
3/5/26,8:24,9:27,B11_FAKE,T0,B11_FAKE_T0,B11_FAKE_T0_O2.csv,LIGHT,RUN1,0,2
3/5/26,8:24,9:27,A03_3SP,T0,A03_3SP_T0,A03_3SP_T0_O2.csv,LIGHT,RUN1,0,3
3/5/26,8:24,9:27,A16_6SP,T0,A16_6SP_T0,A16_6SP_T0_O2.csv,LIGHT,RUN1,0,4
3/5/26,8:24,9:27,B05_MONO,T0,B05_MONO_T0,B05_MONO_T0_O2.csv,LIGHT,RUN1,0,5
3/5/26,8:24,9:27,BLANK2_RUN1,T0,BLANK2_RUN1_T0,BLANK2_RUN1_T0_O2.csv,LIGHT,RUN1,1,6
3/5/26,8:24,9:27,A10_6SP,T0,A10_6SP_T0,A10_6SP_T0_O2.csv,LIGHT,RUN1,0,7
3/5/26,8:24,9:27,B08_3SP,T0,B08_3SP_T0,B08_3SP_T0_O2.csv,LIGHT,RUN1,0,8
3/5/26,8:24,9:27,B04_MONO,T0,B04_MONO_T0,B04_MONO_T0_O2.csv,LIGHT,RUN1,0,9
3/5/26,8:24,9:27,A09_FAKE,T0,A09_FAKE_T0,A09_FAKE_T0_O2.csv,LIGHT,RUN1,0,10
3/5/26,8:24,9:27,B07_3SP,T0,B07_3SP_T0,B07_3SP_T0_O2.csv,LIGHT,RUN1,0,11
3/5/26,8:24,9:27,BLANK1_RUN1,T0,BLANK1_RUN1_T0,BLANK1_RUN1_T0_O2.csv,LIGHT,RUN1,1,12
3/5/26,10:33,10:53,A04_FAKE,T0,A04_FAKE_T0,A04_FAKE_T0_O2.csv,DARK,RUN2,0,1
3/5/26,10:33,10:53,A04_6SP,T0,A04_6SP_T0,A04_6SP_T0_O2.csv,DARK,RUN2,0,2
3/5/26,10:33,10:53,B09_MONO,T0,B09_MONO_T0,B09_MONO_T0_O2.csv,DARK,RUN2,0,3
3/5/26,10:33,10:53,BLANK1_RUN2,T0,BLANK1_RUN2_T0,BLANK1_RUN2_T0_O2.csv,DARK,RUN2,1,4
3/5/26,10:33,10:53,A15_MONO,T0,A15_MONO_T0,A15_MONO_T0_O2.csv,DARK,RUN2,0,5
3/5/26,10:33,10:53,B12_3SP,T0,B12_3SP_T0,B12_3SP_T0_O2.csv,DARK,RUN2,0,6
3/5/26,10:33,10:53,A09_6SP,T0,A09_6SP_T0,A09_6SP_T0_O2.csv,DARK,RUN2,0,7
3/5/26,10:33,10:53,B06_MONO,T0,B06_MONO_T0,B06_MONO_T0_O2.csv,DARK,RUN2,0,8
3/5/26,10:33,10:53,BLANK2_RUN2,T0,BLANK2_RUN2_T0,BLANK2_RUN2_T0_O2.csv,DARK,RUN2,1,9
3/5/26,10:33,10:53,B05_FAKE,T0,B05_FAKE_T0,B05_FAKE_T0_O2.csv,DARK,RUN2,0,10
3/5/26,10:33,10:53,B15_3SP,T0,B15_3SP_T0,B15_3SP_T0_O2.csv,DARK,RUN2,0,11
3/5/26,10:33,10:53,A04_3SP,T0,A04_3SP_T0,A04_3SP_T0_O2.csv,DARK,RUN2,0,12
3/5/26,11:15,12:15,A04_FAKE,T0,A04_FAKE_T0,A04_FAKE_T0_O2.csv,LIGHT,RUN2,0,1
3/5/26,11:15,12:15,A04_6SP,T0,A04_6SP_T0,A04_6SP_T0_O2.csv,LIGHT,RUN2,0,2
3/5/26,11:15,12:15,B09_MONO,T0,B09_MONO_T0,B09_MONO_T0_O2.csv,LIGHT,RUN2,0,3
3/5/26,11:15,12:15,BLANK1_RUN2,T0,BLANK1_RUN2_T0,BLANK1_RUN2_T0_O2.csv,LIGHT,RUN2,1,4
3/5/26,11:15,12:15,A15_MONO,T0,A15_MONO_T0,A15_MONO_T0_O2.csv,LIGHT,RUN2,0,5
3/5/26,11:15,12:15,B12_3SP,T0,B12_3SP_T0,B12_3SP_T0_O2.csv,LIGHT,RUN2,0,6
3/5/26,11:15,12:15,A09_6SP,T0,A09_6SP_T0,A09_6SP_T0_O2.csv,LIGHT,RUN2,0,7
3/5/26,11:15,12:15,B06_MONO,T0,B06_MONO_T0,B06_MONO_T0_O2.csv,LIGHT,RUN2,0,8
3/5/26,11:15,12:15,BLANK2_RUN2,T0,BLANK2_RUN2_T0,BLANK2_RUN2_T0_O2.csv,LIGHT,RUN2,1,9
3/5/26,11:15,12:15,B05_FAKE,T0,B05_FAKE_T0,B05_FAKE_T0_O2.csv,LIGHT,RUN2,0,10
3/5/26,11:15,12:15,B15_3SP,T0,B15_3SP_T0,B15_3SP_T0_O2.csv,LIGHT,RUN2,0,11
3/5/26,11:15,12:15,A04_3SP,T0,A04_3SP_T0,A04_3SP_T0_O2.csv,LIGHT,RUN2,0,12
3/5/26,13:16,13:39,A12_FAKE,T0,A12_FAKE_T0,A12_FAKE_T0_O2.csv,DARK,RUN3,0,1
3/5/26,13:16,13:39,A11_6SP,T0,A11_6SP_T0,A11_6SP_T0_O2.csv,DARK,RUN3,0,2
3/5/26,13:16,13:39,BLANK2_RUN3,T0,BLANK2_RUN3_T0,BLANK2_RUN3_T0_O2.csv,DARK,RUN3,1,3
3/5/26,13:16,13:39,A15_3SP,T0,A15_3SP_T0,A15_3SP_T0_O2.csv,DARK,RUN3,0,4
3/5/26,13:16,13:39,A12_6SP,T0,A12_6SP_T0,A12_6SP_T0_O2.csv,DARK,RUN3,0,5
3/5/26,13:16,13:39,B03_6SP,T0,B03_6SP_T0,B03_6SP_T0_O2.csv,DARK,RUN3,0,6
3/5/26,13:16,13:39,A15_FAKE,T0,A15_FAKE_T0,A15_FAKE_T0_O2.csv,DARK,RUN3,0,7
3/5/26,13:16,13:39,BLANK1_RUN3,T0,BLANK1_RUN3_T0,BLANK1_RUN3_T0_O2.csv,DARK,RUN3,1,8
3/5/26,13:16,13:39,A10_3SP,T0,A10_3SP_T0,A10_3SP_T0_O2.csv,DARK,RUN3,0,9
3/5/26,13:16,13:39,B04_FAKE,T0,B04_FAKE_T0,B04_FAKE_T0_O2.csv,DARK,RUN3,0,10
3/5/26,13:16,13:39,B06_3SP,T0,B06_3SP_T0,B06_3SP_T0_O2.csv,DARK,RUN3,0,11
3/5/26,13:16,13:39,A05_6SP,T0,A05_6SP_T0,A05_6SP_T0_O2.csv,DARK,RUN3,0,12
3/5/26,14:07,15:06,A12_FAKE,T0,A12_FAKE_T0,A12_FAKE_T0_O2.csv,LIGHT,RUN3,0,1
3/5/26,14:07,15:06,A11_6SP,T0,A11_6SP_T0,A11_6SP_T0_O2.csv,LIGHT,RUN3,0,2
3/5/26,14:07,15:06,BLANK2_RUN3,T0,BLANK2_RUN3_T0,BLANK2_RUN3_T0_O2.csv,LIGHT,RUN3,1,3
3/5/26,14:07,15:06,A15_3SP,T0,A15_3SP_T0,A15_3SP_T0_O2.csv,LIGHT,RUN3,0,4
3/5/26,14:07,15:06,A12_6SP,T0,A12_6SP_T0,A12_6SP_T0_O2.csv,LIGHT,RUN3,0,5
3/5/26,14:07,15:06,B03_6SP,T0,B03_6SP_T0,B03_6SP_T0_O2.csv,LIGHT,RUN3,0,6
3/5/26,14:07,15:06,A15_FAKE,T0,A15_FAKE_T0,A15_FAKE_T0_O2.csv,LIGHT,RUN3,0,7
3/5/26,14:07,15:06,BLANK1_RUN3,T0,BLANK1_RUN3_T0,BLANK1_RUN3_T0_O2.csv,LIGHT,RUN3,1,8
3/5/26,14:07,15:06,A10_3SP,T0,A10_3SP_T0,A10_3SP_T0_O2.csv,LIGHT,RUN3,0,9
3/5/26,14:07,15:06,B04_FAKE,T0,B04_FAKE_T0,B04_FAKE_T0_O2.csv,LIGHT,RUN3,0,10
3/5/26,14:07,15:06,B06_3SP,T0,B06_3SP_T0,B06_3SP_T0_O2.csv,LIGHT,RUN3,0,11
3/5/26,14:07,15:06,A05_6SP,T0,A05_6SP_T0,A05_6SP_T0_O2.csv,LIGHT,RUN3,0,12
3/5/26,15:56,16:19,B10_3SP,T0,B10_3SP_T0,B10_3SP_T0_O2.csv,DARK,RUN4,0,1
3/5/26,15:56,16:19,BLANK1_RUN4,T0,BLANK1_RUN4_T0,BLANK1_RUN4_T0_O2.csv,DARK,RUN4,1,2
3/5/26,15:56,16:19,A08_MONO,T0,A08_MONO_T0,A08_MONO_T0_O2.csv,DARK,RUN4,0,3
3/5/26,15:56,16:19,B08_MONO,T0,B08_MONO_T0,B08_MONO_T0_O2.csv,DARK,RUN4,0,4
3/5/26,15:56,16:19,A13_3SP,T0,A13_3SP_T0,A13_3SP_T0_O2.csv,DARK,RUN4,0,5
3/5/26,15:56,16:19,B14_MONO,T0,B14_MONO_T0,B14_MONO_T0_O2.csv,DARK,RUN4,0,6
3/5/26,15:56,16:19,BLANK2_RUN4,T0,BLANK2_RUN4_T0,BLANK2_RUN4_T0_O2.csv,DARK,RUN4,1,7
3/5/26,15:56,16:19,A05_MONO,T0,A05_MONO_T0,A05_MONO_T0_O2.csv,DARK,RUN4,0,8
3/5/26,15:56,16:19,A05_3SP,T0,A05_3SP_T0,A05_3SP_T0_O2.csv,DARK,RUN4,0,9
3/5/26,15:56,16:19,A16_FAKE,T0,A16_FAKE_T0,A16_FAKE_T0_O2.csv,DARK,RUN4,0,10
3/5/26,15:56,16:19,A07_6SP,T0,A07_6SP_T0,A07_6SP_T0_O2.csv,DARK,RUN4,0,11
3/5/26,15:56,16:19,B13_6SP,T0,B13_6SP_T0,B13_6SP_T0_O2.csv,DARK,RUN4,0,12
3/5/26,16:45,17:45,B10_3SP,T0,B10_3SP_T0,B10_3SP_T0_O2.csv,LIGHT,RUN4,0,1
3/5/26,16:45,17:45,BLANK1_RUN4,T0,BLANK1_RUN4_T0,BLANK1_RUN4_T0_O2.csv,LIGHT,RUN4,1,2
3/5/26,16:45,17:45,A08_MONO,T0,A08_MONO_T0,A08_MONO_T0_O2.csv,LIGHT,RUN4,0,3
3/5/26,16:45,17:45,B08_MONO,T0,B08_MONO_T0,B08_MONO_T0_O2.csv,LIGHT,RUN4,0,4
3/5/26,16:45,17:45,A13_3SP,T0,A13_3SP_T0,A13_3SP_T0_O2.csv,LIGHT,RUN4,0,5
3/5/26,16:45,17:45,B14_MONO,T0,B14_MONO_T0,B14_MONO_T0_O2.csv,LIGHT,RUN4,0,6
3/5/26,16:45,17:45,BLANK2_RUN4,T0,BLANK2_RUN4_T0,BLANK2_RUN4_T0_O2.csv,LIGHT,RUN4,1,7
3/5/26,16:45,17:45,A05_MONO,T0,A05_MONO_T0,A05_MONO_T0_O2.csv,LIGHT,RUN4,0,8
3/5/26,16:45,17:45,A05_3SP,T0,A05_3SP_T0,A05_3SP_T0_O2.csv,LIGHT,RUN4,0,9
3/5/26,16:45,17:45,A16_FAKE,T0,A16_FAKE_T0,A16_FAKE_T0_O2.csv,LIGHT,RUN4,0,10
3/5/26,16:45,17:45,A07_6SP,T0,A07_6SP_T0,A07_6SP_T0_O2.csv,LIGHT,RUN4,0,11
3/5/26,16:45,17:45,B13_6SP,T0,B13_6SP_T0,B13_6SP_T0_O2.csv,LIGHT,RUN4,0,12
3/5/26,18:28,18:49,B14_6SP,T0,B14_6SP_T0,B14_6SP_T0_O2.csv,DARK,RUN5,0,1
3/5/26,18:28,18:49,BLANK1_RUN5,T0,BLANK1_RUN5_T0,BLANK1_RUN5_T0_O2.csv,DARK,RUN5,1,2
3/5/26,18:28,18:49,A01_FAKE,T0,A01_FAKE_T0,A01_FAKE_T0_O2.csv,DARK,RUN5,0,3
3/5/26,18:28,18:49,B11_6SP,T0,B11_6SP_T0,B11_6SP_T0_O2.csv,DARK,RUN5,0,4
3/5/26,18:28,18:49,B13_FAKE,T0,B13_FAKE_T0,B13_FAKE_T0_O2.csv,DARK,RUN5,0,5
3/5/26,18:28,18:49,B03_3SP,T0,B03_3SP_T0,B03_3SP_T0_O2.csv,DARK,RUN5,0,6
3/5/26,18:28,18:49,B12_6SP,T0,B12_6SP_T0,B12_6SP_T0_O2.csv,DARK,RUN5,0,7
3/5/26,18:28,18:49,B07_6SP,T0,B07_6SP_T0,B07_6SP_T0_O2.csv,DARK,RUN5,0,8
3/5/26,18:28,18:49,B10_FAKE,T0,B10_FAKE_T0,B10_FAKE_T0_O2.csv,DARK,RUN5,0,9
3/5/26,18:28,18:49,BLANK2_RUN5,T0,BLANK2_RUN5_T0,BLANK2_RUN5_T0_O2.csv,DARK,RUN5,1,10
3/5/26,18:28,18:49,B04_6SP,T0,B04_6SP_T0,B04_6SP_T0_O2.csv,DARK,RUN5,0,11
3/5/26,18:28,18:49,A12_3SP,T0,A12_3SP_T0,A12_3SP_T0_O2.csv,DARK,RUN5,0,12
3/5/26,19:11,20:11,B14_6SP,T0,B14_6SP_T0,B14_6SP_T0_O2.csv,LIGHT,RUN5,0,1
3/5/26,19:11,20:11,BLANK1_RUN5,T0,BLANK1_RUN5_T0,BLANK1_RUN5_T0_O2.csv,LIGHT,RUN5,1,2
3/5/26,19:11,20:11,A01_FAKE,T0,A01_FAKE_T0,A01_FAKE_T0_O2.csv,LIGHT,RUN5,0,3
3/5/26,19:11,20:11,B11_6SP,T0,B11_6SP_T0,B11_6SP_T0_O2.csv,LIGHT,RUN5,0,4
3/5/26,19:11,20:11,B13_FAKE,T0,B13_FAKE_T0,B13_FAKE_T0_O2.csv,LIGHT,RUN5,0,5
3/5/26,19:11,20:11,B03_3SP,T0,B03_3SP_T0,B03_3SP_T0_O2.csv,LIGHT,RUN5,0,6
3/5/26,19:11,20:11,B12_6SP,T0,B12_6SP_T0,B12_6SP_T0_O2.csv,LIGHT,RUN5,0,7
3/5/26,19:11,20:11,B07_6SP,T0,B07_6SP_T0,B07_6SP_T0_O2.csv,LIGHT,RUN5,0,8
3/5/26,19:11,20:11,B10_FAKE,T0,B10_FAKE_T0,B10_FAKE_T0_O2.csv,LIGHT,RUN5,0,9
3/5/26,19:11,20:11,BLANK2_RUN5,T0,BLANK2_RUN5_T0,BLANK2_RUN5_T0_O2.csv,LIGHT,RUN5,1,10
3/5/26,19:11,20:11,B04_6SP,T0,B04_6SP_T0,B04_6SP_T0_O2.csv,LIGHT,RUN5,0,11
3/5/26,19:11,20:11,A12_3SP,T0,A12_3SP_T0,A12_3SP_T0_O2.csv,LIGHT,RUN5,0,12
3/6/26,7:03,7:26,BLANK2_RUN6,T0,BLANK2_RUN6_T0,BLANK2_RUN6_T0_O2.csv,DARK,RUN6,1,1
3/6/26,7:03,7:26,A11_FAKE,T0,A11_FAKE_T0,A11_FAKE_T0_O2.csv,DARK,RUN6,0,2
3/6/26,7:03,7:26,A04_MONO,T0,A04_MONO_T0,A04_MONO_T0_O2.csv,DARK,RUN6,0,3
3/6/26,7:03,7:26,B05_3SP,T0,B05_3SP_T0,B05_3SP_T0_O2.csv,DARK,RUN6,0,4
3/6/26,7:03,7:26,A11_3SP,T0,A11_3SP_T0,A11_3SP_T0_O2.csv,DARK,RUN6,0,5
3/6/26,7:03,7:26,B16_3SP,T0,B16_3SP_T0,B16_3SP_T0_O2.csv,DARK,RUN6,0,6
3/6/26,7:03,7:26,B02_6SP,T0,B02_6SP_T0,B02_6SP_T0_O2.csv,DARK,RUN6,0,7
3/6/26,7:03,7:26,B02_MONO,T0,B02_MONO_T0,B02_MONO_T0_O2.csv,DARK,RUN6,0,8
3/6/26,7:03,7:26,BLANK1_RUN6,T0,BLANK1_RUN6_T0,BLANK1_RUN6_T0_O2.csv,DARK,RUN6,1,9
3/6/26,7:03,7:26,B13_MONO,T0,B13_MONO_T0,B13_MONO_T0_O2.csv,DARK,RUN6,0,10
3/6/26,7:03,7:26,B07_FAKE,T0,B07_FAKE_T0,B07_FAKE_T0_O2.csv,DARK,RUN6,0,11
3/6/26,7:03,7:26,B15_FAKE,T0,B15_FAKE_T0,B15_FAKE_T0_O2.csv,DARK,RUN6,0,12
3/6/26,7:53,8:54,BLANK2_RUN6,T0,BLANK2_RUN6_T0,BLANK2_RUN6_T0_O2.csv,LIGHT,RUN6,1,1
3/6/26,7:53,8:54,A11_FAKE,T0,A11_FAKE_T0,A11_FAKE_T0_O2.csv,LIGHT,RUN6,0,2
3/6/26,7:53,8:54,A04_MONO,T0,A04_MONO_T0,A04_MONO_T0_O2.csv,LIGHT,RUN6,0,3
3/6/26,7:53,8:54,B05_3SP,T0,B05_3SP_T0,B05_3SP_T0_O2.csv,LIGHT,RUN6,0,4
3/6/26,7:53,8:54,A11_3SP,T0,A11_3SP_T0,A11_3SP_T0_O2.csv,LIGHT,RUN6,0,5
3/6/26,7:53,8:54,B16_3SP,T0,B16_3SP_T0,B16_3SP_T0_O2.csv,LIGHT,RUN6,0,6
3/6/26,7:53,8:54,B02_6SP,T0,B02_6SP_T0,B02_6SP_T0_O2.csv,LIGHT,RUN6,0,7
3/6/26,7:53,8:54,B02_MONO,T0,B02_MONO_T0,B02_MONO_T0_O2.csv,LIGHT,RUN6,0,8
3/6/26,7:53,8:54,BLANK1_RUN6,T0,BLANK1_RUN6_T0,BLANK1_RUN6_T0_O2.csv,LIGHT,RUN6,1,9
3/6/26,7:53,8:54,B13_MONO,T0,B13_MONO_T0,B13_MONO_T0_O2.csv,LIGHT,RUN6,0,10
3/6/26,7:53,8:54,B07_FAKE,T0,B07_FAKE_T0,B07_FAKE_T0_O2.csv,LIGHT,RUN6,0,11
3/6/26,7:53,8:54,B15_FAKE,T0,B15_FAKE_T0,B15_FAKE_T0_O2.csv,LIGHT,RUN6,0,12
3/6/26,9:54,10:15,A13_6SP,T0,A13_6SP_T0,A13_6SP_T0_O2.csv,DARK,RUN7,0,1
3/6/26,9:54,10:15,A10_FAKE,T0,A10_FAKE_T0,A10_FAKE_T0_O2.csv,DARK,RUN7,0,2
3/6/26,9:54,10:15,BLANK2_RUN7,T0,BLANK2_RUN7_T0,BLANK2_RUN7_T0_O2.csv,DARK,RUN7,1,3
3/6/26,9:54,10:15,A13_FAKE,T0,A13_FAKE_T0,A13_FAKE_T0_O2.csv,DARK,RUN7,0,4
3/6/26,9:54,10:15,A09_3SP,T0,A09_3SP_T0,A09_3SP_T0_O2.csv,DARK,RUN7,0,5
3/6/26,9:54,10:15,A02_MONO,T0,A02_MONO_T0,A02_MONO_T0_O2.csv,DARK,RUN7,0,6
3/6/26,9:54,10:15,B08_6SP,T0,B08_6SP_T0,B08_6SP_T0_O2.csv,DARK,RUN7,0,7
3/6/26,9:54,10:15,B14_FAKE,T0,B14_FAKE_T0,B14_FAKE_T0_O2.csv,DARK,RUN7,0,8
3/6/26,9:54,10:15,A16_MONO,T0,A16_MONO_T0,A16_MONO_T0_O2.csv,DARK,RUN7,0,9
3/6/26,9:54,10:15,B06_FAKE,T0,B06_FAKE_T0,B06_FAKE_T0_O2.csv,DARK,RUN7,0,10
3/6/26,9:54,10:15,B01_3SP,T0,B01_3SP_T0,B01_3SP_T0_O2.csv,DARK,RUN7,0,11
3/6/26,9:54,10:15,BLANK1_RUN7,T0,BLANK1_RUN7_T0,BLANK1_RUN7_T0_O2.csv,DARK,RUN7,1,12
3/6/26,10:38,11:38,A13_6SP,T0,A13_6SP_T0,A13_6SP_T0_O2.csv,LIGHT,RUN7,0,1
3/6/26,10:38,11:38,A10_FAKE,T0,A10_FAKE_T0,A10_FAKE_T0_O2.csv,LIGHT,RUN7,0,2
3/6/26,10:38,11:38,BLANK2_RUN7,T0,BLANK2_RUN7_T0,BLANK2_RUN7_T0_O2.csv,LIGHT,RUN7,1,3
3/6/26,10:38,11:38,A13_FAKE,T0,A13_FAKE_T0,A13_FAKE_T0_O2.csv,LIGHT,RUN7,0,4
3/6/26,10:38,11:38,A09_3SP,T0,A09_3SP_T0,A09_3SP_T0_O2.csv,LIGHT,RUN7,0,5
3/6/26,10:38,11:38,A02_MONO,T0,A02_MONO_T0,A02_MONO_T0_O2.csv,LIGHT,RUN7,0,6
3/6/26,10:38,11:38,B08_6SP,T0,B08_6SP_T0,B08_6SP_T0_O2.csv,LIGHT,RUN7,0,7
3/6/26,10:38,11:38,B14_FAKE,T0,B14_FAKE_T0,B14_FAKE_T0_O2.csv,LIGHT,RUN7,0,8
3/6/26,10:38,11:38,A16_MONO,T0,A16_MONO_T0,A16_MONO_T0_O2.csv,LIGHT,RUN7,0,9
3/6/26,10:38,11:38,B06_FAKE,T0,B06_FAKE_T0,B06_FAKE_T0_O2.csv,LIGHT,RUN7,0,10
3/6/26,10:38,11:38,B01_3SP,T0,B01_3SP_T0,B01_3SP_T0_O2.csv,LIGHT,RUN7,0,11
3/6/26,10:38,11:38,BLANK1_RUN7,T0,BLANK1_RUN7_T0,BLANK1_RUN7_T0_O2.csv,LIGHT,RUN7,1,12
3/6/26,12:27,12:47,A03_MONO,T0,A03_MONO_T0,A03_MONO_T0_O2.csv,DARK,RUN8,0,1
3/6/26,12:27,12:47,A09_MONO,T0,A09_MONO_T0,A09_MONO_T0_O2.csv,DARK,RUN8,0,2
3/6/26,12:27,12:47,BLANK2_RUN8,T0,BLANK2_RUN8_T0,BLANK2_RUN8_T0_O2.csv,DARK,RUN8,1,3
3/6/26,12:27,12:47,A14_FAKE,T0,A14_FAKE_T0,A14_FAKE_T0_O2.csv,DARK,RUN8,0,4
3/6/26,12:27,12:47,A07_FAKE,T0,A07_FAKE_T0,A07_FAKE_T0_O2.csv,DARK,RUN8,0,5
3/6/26,12:27,12:47,A07_MONO,T0,A07_MONO_T0,A07_MONO_T0_O2.csv,DARK,RUN8,0,6
3/6/26,12:27,12:47,A12_MONO,T0,A12_MONO_T0,A12_MONO_T0_O2.csv,DARK,RUN8,0,7
3/6/26,12:27,12:47,A14_3SP,T0,A14_3SP_T0,A14_3SP_T0_O2.csv,DARK,RUN8,0,8
3/6/26,12:27,12:47,B07_MONO,T0,B07_MONO_T0,B07_MONO_T0_O2.csv,DARK,RUN8,0,9
3/6/26,12:27,12:47,BLANK1_RUN8,T0,BLANK1_RUN8_T0,BLANK1_RUN8_T0_O2.csv,DARK,RUN8,1,10
3/6/26,12:27,12:47,B02_3SP,T0,B02_3SP_T0,B02_3SP_T0_O2.csv,DARK,RUN8,0,11
3/6/26,12:27,12:47,B16_FAKE,T0,B16_FAKE_T0,B16_FAKE_T0_O2.csv,DARK,RUN8,0,12
3/6/26,13:07,14:08,A03_MONO,T0,A03_MONO_T0,A03_MONO_T0_O2.csv,LIGHT,RUN8,0,1
3/6/26,13:07,14:08,A09_MONO,T0,A09_MONO_T0,A09_MONO_T0_O2.csv,LIGHT,RUN8,0,2
3/6/26,13:07,14:08,BLANK2_RUN8,T0,BLANK2_RUN8_T0,BLANK2_RUN8_T0_O2.csv,LIGHT,RUN8,1,3
3/6/26,13:07,14:08,A14_FAKE,T0,A14_FAKE_T0,A14_FAKE_T0_O2.csv,LIGHT,RUN8,0,4
3/6/26,13:07,14:08,A07_FAKE,T0,A07_FAKE_T0,A07_FAKE_T0_O2.csv,LIGHT,RUN8,0,5
3/6/26,13:07,14:08,A07_MONO,T0,A07_MONO_T0,A07_MONO_T0_O2.csv,LIGHT,RUN8,0,6
3/6/26,13:07,14:08,A12_MONO,T0,A12_MONO_T0,A12_MONO_T0_O2.csv,LIGHT,RUN8,0,7
3/6/26,13:07,14:08,A14_3SP,T0,A14_3SP_T0,A14_3SP_T0_O2.csv,LIGHT,RUN8,0,8
3/6/26,13:07,14:08,B07_MONO,T0,B07_MONO_T0,B07_MONO_T0_O2.csv,LIGHT,RUN8,0,9
3/6/26,13:07,14:08,BLANK1_RUN8,T0,BLANK1_RUN8_T0,BLANK1_RUN8_T0_O2.csv,LIGHT,RUN8,1,10
3/6/26,13:07,14:08,B02_3SP,T0,B02_3SP_T0,B02_3SP_T0_O2.csv,LIGHT,RUN8,0,11
3/6/26,13:07,14:08,B16_FAKE,T0,B16_FAKE_T0,B16_FAKE_T0_O2.csv,LIGHT,RUN8,0,12
3/6/26,14:47,15:09,A06_3SP,T0,A06_3SP_T0,A06_3SP_T0_O2.csv,DARK,RUN9,0,1
3/6/26,14:47,15:09,B09_3SP,T0,B09_3SP_T0,B09_3SP_T0_O2.csv,DARK,RUN9,0,2
3/6/26,14:47,15:09,B11_3SP,T0,B11_3SP_T0,B11_3SP_T0_O2.csv,DARK,RUN9,0,3
3/6/26,14:47,15:09,B09_FAKE,T0,B09_FAKE_T0,B09_FAKE_T0_O2.csv,DARK,RUN9,0,4
3/6/26,14:47,15:09,BLANK1_RUN9,T0,BLANK1_RUN9_T0,BLANK1_RUN9_T0_O2.csv,DARK,RUN9,1,5
3/6/26,14:47,15:09,B08_FAKE,T0,B08_FAKE_T0,B08_FAKE_T0_O2.csv,DARK,RUN9,0,6
3/6/26,14:47,15:09,BLANK2_RUN9,T0,BLANK2_RUN9_T0,BLANK2_RUN9_T0_O2.csv,DARK,RUN9,1,7
3/6/26,14:47,15:09,A02_FAKE,T0,A02_FAKE_T0,A02_FAKE_T0_O2.csv,DARK,RUN9,0,8
3/6/26,14:47,15:09,B02_FAKE,T0,B02_FAKE_T0,B02_FAKE_T0_O2.csv,DARK,RUN9,0,9
3/6/26,14:47,15:09,A06_6SP,T0,A06_6SP_T0,A06_6SP_T0_O2.csv,DARK,RUN9,0,10
3/6/26,14:47,15:09,A13_MONO,T0,A13_MONO_T0,A13_MONO_T0_O2.csv,DARK,RUN9,0,11
3/6/26,14:47,15:09,B01_FAKE,T0,B01_FAKE_T0,B01_FAKE_T0_O2.csv,DARK,RUN9,0,12
3/6/26,15:32,16:33,A06_3SP,T0,A06_3SP_T0,A06_3SP_T0_O2.csv,LIGHT,RUN9,0,1
3/6/26,15:32,16:33,B09_3SP,T0,B09_3SP_T0,B09_3SP_T0_O2.csv,LIGHT,RUN9,0,2
3/6/26,15:32,16:33,B11_3SP,T0,B11_3SP_T0,B11_3SP_T0_O2.csv,LIGHT,RUN9,0,3
3/6/26,15:32,16:33,B09_FAKE,T0,B09_FAKE_T0,B09_FAKE_T0_O2.csv,LIGHT,RUN9,0,4
3/6/26,15:32,16:33,BLANK1_RUN9,T0,BLANK1_RUN9_T0,BLANK1_RUN9_T0_O2.csv,LIGHT,RUN9,1,5
3/6/26,15:32,16:33,B08_FAKE,T0,B08_FAKE_T0,B08_FAKE_T0_O2.csv,LIGHT,RUN9,0,6
3/6/26,15:32,16:33,BLANK2_RUN9,T0,BLANK2_RUN9_T0,BLANK2_RUN9_T0_O2.csv,LIGHT,RUN9,1,7
3/6/26,15:32,16:33,A02_FAKE,T0,A02_FAKE_T0,A02_FAKE_T0_O2.csv,LIGHT,RUN9,0,8
3/6/26,15:32,16:33,B02_FAKE,T0,B02_FAKE_T0,B02_FAKE_T0_O2.csv,LIGHT,RUN9,0,9
3/6/26,15:32,16:33,A06_6SP,T0,A06_6SP_T0,A06_6SP_T0_O2.csv,LIGHT,RUN9,0,10
3/6/26,15:32,16:33,A13_MONO,T0,A13_MONO_T0,A13_MONO_T0_O2.csv,LIGHT,RUN9,0,11
3/6/26,15:32,16:33,B01_FAKE,T0,B01_FAKE_T0,B01_FAKE_T0_O2.csv,LIGHT,RUN9,0,12
3/6/26,17:17,17:37,A08_3SP,T0,A08_3SP_T0,A08_3SP_T0_O2.csv,DARK,RUN10,0,1
3/6/26,17:17,17:37,B14_3SP,T0,B14_3SP_T0,B14_3SP_T0_O2.csv,DARK,RUN10,0,2
3/6/26,17:17,17:37,A01_3SP,T0,A01_3SP_T0,A01_3SP_T0_O2.csv,DARK,RUN10,0,3
3/6/26,17:17,17:37,B11_MONO,T0,B11_MONO_T0,B11_MONO_T0_O2.csv,DARK,RUN10,0,4
3/6/26,17:17,17:37,B06_6SP,T0,B06_6SP_T0,B06_6SP_T0_O2.csv,DARK,RUN10,0,5
3/6/26,17:17,17:37,BLANK1_RUN10,T0,BLANK1_RUN10_T0,BLANK1_RUN10_T0_O2.csv,DARK,RUN10,1,6
3/6/26,17:17,17:37,A11_MONO,T0,A11_MONO_T0,A11_MONO_T0_O2.csv,DARK,RUN10,0,7
3/6/26,17:17,17:37,A15_6SP,T0,A15_6SP_T0,A15_6SP_T0_O2.csv,DARK,RUN10,0,8
3/6/26,17:17,17:37,A02_6SP,T0,A02_6SP_T0,A02_6SP_T0_O2.csv,DARK,RUN10,0,9
3/6/26,17:17,17:37,BLANK2_RUN10,T0,BLANK2_RUN10_T0,BLANK2_RUN10_T0_O2.csv,DARK,RUN10,1,10
3/6/26,17:17,17:37,B01_6SP,T0,B01_6SP_T0,B01_6SP_T0_O2.csv,DARK,RUN10,0,11
3/6/26,17:17,17:37,B03_FAKE,T0,B03_FAKE_T0,B03_FAKE_T0_O2.csv,DARK,RUN10,0,12
3/6/26,18:00,19:00,A08_3SP,T0,A08_3SP_T0,A08_3SP_T0_O2.csv,LIGHT,RUN10,0,1
3/6/26,18:00,19:00,B14_3SP,T0,B14_3SP_T0,B14_3SP_T0_O2.csv,LIGHT,RUN10,0,2
3/6/26,18:00,19:00,A01_3SP,T0,A01_3SP_T0,A01_3SP_T0_O2.csv,LIGHT,RUN10,0,3
3/6/26,18:00,19:00,B11_MONO,T0,B11_MONO_T0,B11_MONO_T0_O2.csv,LIGHT,RUN10,0,4
3/6/26,18:00,19:00,B06_6SP,T0,B06_6SP_T0,B06_6SP_T0_O2.csv,LIGHT,RUN10,0,5
3/6/26,18:00,19:00,BLANK1_RUN10,T0,BLANK1_RUN10_T0,BLANK1_RUN10_T0_O2.csv,LIGHT,RUN10,0,6
3/6/26,18:00,19:00,A11_MONO,T0,A11_MONO_T0,A11_MONO_T0_O2.csv,LIGHT,RUN10,0,7
3/6/26,18:00,19:00,A15_6SP,T0,A15_6SP_T0,A15_6SP_T0_O2.csv,LIGHT,RUN10,0,8
3/6/26,18:00,19:00,A02_6SP,T0,A02_6SP_T0,A02_6SP_T0_O2.csv,LIGHT,RUN10,0,9
3/6/26,18:00,19:00,BLANK2_RUN10,T0,BLANK2_RUN10_T0,BLANK2_RUN10_T0_O2.csv,LIGHT,RUN10,1,10
3/6/26,18:00,19:00,B01_6SP,T0,B01_6SP_T0,B01_6SP_T0_O2.csv,LIGHT,RUN10,0,11
3/6/26,18:00,19:00,B03_FAKE,T0,B03_FAKE_T0,B03_FAKE_T0_O2.csv,LIGHT,RUN10,0,12
3/6/26,19:26,19:46,A05_FAKE,T0,A05_FAKE_T0,A05_FAKE_T0_O2.csv,DARK,RUN11,0,1
3/6/26,19:26,19:46,A08_6SP,T0,A08_6SP_T0,A08_6SP_T0_O2.csv,DARK,RUN11,0,2
3/6/26,19:26,19:46,B04_3SP,T0,B04_3SP_T0,B04_3SP_T0_O2.csv,DARK,RUN11,0,3
3/6/26,19:26,19:46,BLANK2_RUN11,T0,BLANK2_RUN11_T0,BLANK2_RUN11_T0_O2.csv,DARK,RUN11,1,4
3/6/26,19:26,19:46,A03_FAKE,T0,A03_FAKE_T0,A03_FAKE_T0_O2.csv,DARK,RUN11,0,5
3/6/26,19:26,19:46,B10_6SP,T0,B10_6SP_T0,B10_6SP_T0_O2.csv,DARK,RUN11,0,6
3/6/26,19:26,19:46,B05_6SP,T0,B05_6SP_T0,B05_6SP_T0_O2.csv,DARK,RUN11,0,7
3/6/26,19:26,19:46,B15_MONO,T0,B15_MONO_T0,B15_MONO_T0_O2.csv,DARK,RUN11,0,8
3/6/26,19:26,19:46,BLANK1_RUN11,T0,BLANK1_RUN11_T0,BLANK1_RUN11_T0_O2.csv,DARK,RUN11,1,9
3/6/26,19:26,19:46,B12_FAKE,T0,B12_FAKE_T0,B12_FAKE_T0_O2.csv,DARK,RUN11,0,10
3/6/26,19:26,19:46,B13_3SP,T0,B13_3SP_T0,B13_3SP_T0_O2.csv,DARK,RUN11,0,11
3/6/26,19:26,19:46,A14_MONO,T0,A14_MONO_T0,A14_MONO_T0_O2.csv,DARK,RUN11,0,12
3/6/26,20:05,21:05,A05_FAKE,T0,A05_FAKE_T0,A05_FAKE_T0_O2.csv,LIGHT,RUN11,0,1
3/6/26,20:05,21:05,A08_6SP,T0,A08_6SP_T0,A08_6SP_T0_O2.csv,LIGHT,RUN11,0,2
3/6/26,20:05,21:05,B04_3SP,T0,B04_3SP_T0,B04_3SP_T0_O2.csv,LIGHT,RUN11,0,3
3/6/26,20:05,21:05,BLANK2_RUN11,T0,BLANK2_RUN11_T0,BLANK2_RUN11_T0_O2.csv,LIGHT,RUN11,1,4
3/6/26,20:05,21:05,A03_FAKE,T0,A03_FAKE_T0,A03_FAKE_T0_O2.csv,LIGHT,RUN11,0,5
3/6/26,20:05,21:05,B10_6SP,T0,B10_6SP_T0,B10_6SP_T0_O2.csv,LIGHT,RUN11,0,6
3/6/26,20:05,21:05,B05_6SP,T0,B05_6SP_T0,B05_6SP_T0_O2.csv,LIGHT,RUN11,0,7
3/6/26,20:05,21:05,B15_MONO,T0,B15_MONO_T0,B15_MONO_T0_O2.csv,LIGHT,RUN11,0,8
3/6/26,20:05,21:05,BLANK1_RUN11,T0,BLANK1_RUN11_T0,BLANK1_RUN11_T0_O2.csv,LIGHT,RUN11,1,9
3/6/26,20:05,21:05,B12_FAKE,T0,B12_FAKE_T0,B12_FAKE_T0_O2.csv,LIGHT,RUN11,0,10
3/6/26,20:05,21:05,B13_3SP,T0,B13_3SP_T0,B13_3SP_T0_O2.csv,LIGHT,RUN11,0,11
3/6/26,20:05,21:05,A14_MONO,T0,A14_MONO_T0,A14_MONO_T0_O2.csv,LIGHT,RUN11,0,12
3/7/26,10:07,10:27,B10_MONO,T0,B10_MONO_T0,B10_MONO_T0_O2.csv,DARK,RUN12,0,1
3/7/26,10:07,10:27,B16_MONO,T0,B16_MONO_T0,B16_MONO_T0_O2.csv,DARK,RUN12,0,2
3/7/26,10:07,10:27,A07_3SP,T0,A07_3SP_T0,A07_3SP_T0_O2.csv,DARK,RUN12,0,3
3/7/26,10:07,10:27,A08_FAKE,T0,A08_FAKE_T0,A08_FAKE_T0_O2.csv,DARK,RUN12,0,4
3/7/26,10:07,10:27,BLANK1_RUN12,T0,BLANK1_RUN12_T0,BLANK1_RUN12_T0_O2.csv,DARK,RUN12,1,5
3/7/26,10:07,10:27,B12_MONO,T0,B12_MONO_T0,B12_MONO_T0_O2.csv,DARK,RUN12,0,6
3/7/26,10:07,10:27,B16_6SP,T0,B16_6SP_T0,B16_6SP_T0_O2.csv,DARK,RUN12,0,7
3/7/26,10:07,10:27,B01_MONO,T0,B01_MONO_T0,B01_MONO_T0_O2.csv,DARK,RUN12,0,8
3/7/26,10:07,10:27,A02_3SP,T0,A02_3SP_T0,A02_3SP_T0_O2.csv,DARK,RUN12,0,9
3/7/26,10:07,10:27,A01_MONO,T0,A01_MONO_T0,A01_MONO_T0_O2.csv,DARK,RUN12,0,10
3/7/26,10:07,10:27,BLANK2_RUN12,T0,BLANK2_RUN12_T0,BLANK2_RUN12_T0_O2.csv,DARK,RUN12,1,11
3/7/26,10:07,10:27,A16_3SP,T0,A16_3SP_T0,A16_3SP_T0_O2.csv,DARK,RUN12,0,12
3/7/26,10:52,11:52,B10_MONO,T0,B10_MONO_T0,B10_MONO_T0_O2.csv,LIGHT,RUN12,0,1
3/7/26,10:52,11:52,B16_MONO,T0,B16_MONO_T0,B16_MONO_T0_O2.csv,LIGHT,RUN12,0,2
3/7/26,10:52,11:52,A07_3SP,T0,A07_3SP_T0,A07_3SP_T0_O2.csv,LIGHT,RUN12,0,3
3/7/26,10:52,11:52,A08_FAKE,T0,A08_FAKE_T0,A08_FAKE_T0_O2.csv,LIGHT,RUN12,0,4
3/7/26,10:52,11:52,BLANK1_RUN12,T0,BLANK1_RUN12_T0,BLANK1_RUN12_T0_O2.csv,LIGHT,RUN12,1,5
3/7/26,10:52,11:52,B12_MONO,T0,B12_MONO_T0,B12_MONO_T0_O2.csv,LIGHT,RUN12,0,6
3/7/26,10:52,11:52,B16_6SP,T0,B16_6SP_T0,B16_6SP_T0_O2.csv,LIGHT,RUN12,0,7
3/7/26,10:52,11:52,B01_MONO,T0,B01_MONO_T0,B01_MONO_T0_O2.csv,LIGHT,RUN12,0,8
3/7/26,10:52,11:52,A02_3SP,T0,A02_3SP_T0,A02_3SP_T0_O2.csv,LIGHT,RUN12,0,9
3/7/26,10:52,11:52,A01_MONO,T0,A01_MONO_T0,A01_MONO_T0_O2.csv,LIGHT,RUN12,0,10
3/7/26,10:52,11:52,BLANK2_RUN12,T0,BLANK2_RUN12_T0,BLANK2_RUN12_T0_O2.csv,LIGHT,RUN12,1,11
3/7/26,10:52,11:52,A16_3SP,T0,A16_3SP_T0,A16_3SP_T0_O2.csv,LIGHT,RUN12,0,12
3/7/26,12:37,13:00,BLANK2_RUN13,T0,BLANK2_RUN13_T0,BLANK2_RUN13_T0_O2.csv,DARK,RUN13,1,1
3/7/26,12:37,13:00,A01_6SP,T0,A01_6SP_T0,A01_6SP_T0_O2.csv,DARK,RUN13,0,2
3/7/26,12:37,13:00,A10_MONO,T0,A10_MONO_T0,A10_MONO_T0_O2.csv,DARK,RUN13,0,3
3/7/26,12:37,13:00,B09_6SP,T0,B09_6SP_T0,B09_6SP_T0_O2.csv,DARK,RUN13,0,4
3/7/26,12:37,13:00,B15_6SP,T0,B15_6SP_T0,B15_6SP_T0_O2.csv,DARK,RUN13,0,5
3/7/26,12:37,13:00,A14_6SP,T0,A14_6SP_T0,A14_6SP_T0_O2.csv,DARK,RUN13,0,6
3/7/26,12:37,13:00,A06_FAKE,T0,A06_FAKE_T0,A06_FAKE_T0_O2.csv,DARK,RUN13,0,7
3/7/26,12:37,13:00,BLANK1_RUN13,T0,BLANK1_RUN13_T0,BLANK1_RUN13_T0_O2.csv,DARK,RUN13,1,8
3/7/26,12:37,13:00,B03_MONO,T0,B03_MONO_T0,B03_MONO_T0_O2.csv,DARK,RUN13,0,9
3/7/26,12:37,13:00,A03_6SP,T0,A03_6SP_T0,A03_6SP_T0_O2.csv,DARK,RUN13,0,10
3/7/26,13:18,14:18,BLANK2_RUN13,T0,BLANK2_RUN13_T0,BLANK2_RUN13_T0_O2.csv,LIGHT,RUN13,1,1
3/7/26,13:18,14:18,A01_6SP,T0,A01_6SP_T0,A01_6SP_T0_O2.csv,LIGHT,RUN13,0,2
3/7/26,13:18,14:18,A10_MONO,T0,A10_MONO_T0,A10_MONO_T0_O2.csv,LIGHT,RUN13,0,3
3/7/26,13:18,14:18,B09_6SP,T0,B09_6SP_T0,B09_6SP_T0_O2.csv,LIGHT,RUN13,0,4
3/7/26,13:18,14:18,B15_6SP,T0,B15_6SP_T0,B15_6SP_T0_O2.csv,LIGHT,RUN13,0,5
3/7/26,13:18,14:18,A14_6SP,T0,A14_6SP_T0,A14_6SP_T0_O2.csv,LIGHT,RUN13,0,6
3/7/26,13:18,14:18,A06_FAKE,T0,A06_FAKE_T0,A06_FAKE_T0_O2.csv,LIGHT,RUN13,0,7
3/7/26,13:18,14:18,BLANK1_RUN13,T0,BLANK1_RUN13_T0,BLANK1_RUN13_T0_O2.csv,LIGHT,RUN13,1,8
3/7/26,13:18,14:18,B03_MONO,T0,B03_MONO_T0,B03_MONO_T0_O2.csv,LIGHT,RUN13,0,9
3/7/26,13:18,14:18,A03_6SP,T0,A03_6SP_T0,A03_6SP_T0_O2.csv,LIGHT,RUN13,0,10
3/17/26,14:08,14:29,A19_3SP,T0,A19_3SP_T0,A19_3SP_T0_O2.csv,DARK,RUN14,0,1
3/17/26,14:08,14:29,BLANK1_RUN14,T0,BLANK1_RUN14_T0,BLANK1_RUN14_T0_O2.csv,DARK,RUN14,1,2
3/17/26,14:08,14:29,B17_3SP,T0,B17_3SP_T0,B17_3SP_T0_O2.csv,DARK,RUN14,0,3
3/17/26,14:08,14:29,A20_3SP,T0,A20_3SP_T0,A20_3SP_T0_O2.csv,DARK,RUN14,0,4
3/17/26,14:08,14:29,A17_3SP,T0,A17_3SP_T0,A17_3SP_T0_O2.csv,DARK,RUN14,0,5
3/17/26,14:08,14:29,B20_3SP,T0,B20_3SP_T0,B20_3SP_T0_O2.csv,DARK,RUN14,0,7
3/17/26,14:08,14:29,A18_3SP,T0,A18_3SP_T0,A18_3SP_T0_O2.csv,DARK,RUN14,0,8
3/17/26,14:08,14:29,B19_3SP,T0,B19_3SP_T0,B19_3SP_T0_O2.csv,DARK,RUN14,0,9
3/17/26,14:08,14:29,B18_3SP,T0,B18_3SP_T0,B18_3SP_T0_O2.csv,DARK,RUN14,0,10
3/17/26,14:08,14:29,BLANK2_RUN14,T0,BLANK2_RUN14_T0,BLANK2_RUN14_T0_O2.csv,DARK,RUN14,1,12
3/17/26,14:53,15:59,A19_3SP,T0,A19_3SP_T0,A19_3SP_T0_O2.csv,LIGHT,RUN14,0,1
3/17/26,14:53,15:59,BLANK1_RUN14,T0,BLANK1_RUN14_T0,BLANK1_RUN14_T0_O2.csv,LIGHT,RUN14,1,2
3/17/26,14:53,15:59,B17_3SP,T0,B17_3SP_T0,B17_3SP_T0_O2.csv,LIGHT,RUN14,0,3
3/17/26,14:53,15:59,A20_3SP,T0,A20_3SP_T0,A20_3SP_T0_O2.csv,LIGHT,RUN14,0,4
3/17/26,14:53,15:59,A17_3SP,T0,A17_3SP_T0,A17_3SP_T0_O2.csv,LIGHT,RUN14,0,5
3/17/26,14:53,15:59,B20_3SP,T0,B20_3SP_T0,B20_3SP_T0_O2.csv,LIGHT,RUN14,0,7
3/17/26,14:53,15:59,A18_3SP,T0,A18_3SP_T0,A18_3SP_T0_O2.csv,LIGHT,RUN14,0,8
3/17/26,14:53,15:59,B19_3SP,T0,B19_3SP_T0,B19_3SP_T0_O2.csv,LIGHT,RUN14,0,9
3/17/26,14:53,15:59,B18_3SP,T0,B18_3SP_T0,B18_3SP_T0_O2.csv,LIGHT,RUN14,0,10
3/17/26,14:53,15:59,BLANK2_RUN14,T0,BLANK2_RUN14_T0,BLANK2_RUN14_T0_O2.csv,LIGHT,RUN14,1,12
3/17/26,13:20,13:45,A23_FAKE,T0,A23_FAKE_T0,A23_FAKE_T0_O2.csv,DARK,RUN14,0,1
3/25/26,13:20,13:45,BLANK1_RUN15,T0,BLANK1_RUN15_T0,BLANK1_RUN15_T0_O2.csv,DARK,RUN15,1,2
3/25/26,13:20,13:45,A24_FAKE,T0,A24_FAKE_T0,A24_FAKE_T0_O2.csv,DARK,RUN15,0,3
3/25/26,13:20,13:45,A21_FAKE,T0,A21_FAKE_T0,A21_FAKE_T0_O2.csv,DARK,RUN15,0,4
3/25/26,13:20,13:45,A22_FAKE,T0,A22_FAKE_T0,A22_FAKE_T0_O2.csv,DARK,RUN15,0,5
3/25/26,15:43,16:50,A23_FAKE,T0,A23_FAKE_T0,A23_FAKE_T0_O2.csv,LIGHT,RUN15,0,1
3/25/26,15:43,16:50,BLANK1_RUN15,T0,BLANK1_RUN15_T0,BLANK1_RUN15_T0_O2.csv,LIGHT,RUN15,1,2
3/25/26,15:43,16:50,A24_FAKE,T0,A24_FAKE_T0,A24_FAKE_T0_O2.csv,LIGHT,RUN15,0,3
3/25/26,15:43,16:50,A21_FAKE,T0,A21_FAKE_T0,A21_FAKE_T0_O2.csv,LIGHT,RUN15,0,4
3/25/26,15:43,16:50,A22_FAKE,T0,A22_FAKE_T0,A22_FAKE_T0_O2.csv,LIGHT,RUN15,0,5
4/28/26,7:14,7:34,A06_MONO,T1,A06_MONO_T1,A06_MONO_T1_O2.csv,DARK,RUN16,0,1
4/28/26,7:14,7:34,B11_FAKE,T1,B11_FAKE_T1,B11_FAKE_T1_O2.csv,DARK,RUN16,0,2
4/28/26,7:14,7:34,A03_3SP,T1,A03_3SP_T1,A03_3SP_T1_O2.csv,DARK,RUN16,0,3
4/28/26,7:14,7:34,A16_6SP,T1,A16_6SP_T1,A16_6SP_T1_O2.csv,DARK,RUN16,0,4
4/28/26,7:14,7:34,B05_MONO,T1,B05_MONO_T1,B05_MONO_T1_O2.csv,DARK,RUN16,0,5
4/28/26,7:14,7:34,BLANK2_RUN16,T1,BLANK2_RUN16_T1,BLANK2_RUN16_T1_O2.csv,DARK,RUN16,1,6
4/28/26,7:14,7:34,A10_6SP,T1,A10_6SP_T1,A10_6SP_T1_O2.csv,DARK,RUN16,0,7
4/28/26,7:14,7:34,B08_3SP,T1,B08_3SP_T1,B08_3SP_T1_O2.csv,DARK,RUN16,0,8
4/28/26,7:14,7:34,B04_MONO,T1,B04_MONO_T1,B04_MONO_T1_O2.csv,DARK,RUN16,0,9
4/28/26,7:14,7:34,A21_FAKE,T1,A21_FAKE_T1,A21_FAKE_T1_O2.csv,DARK,RUN16,0,10
4/28/26,7:14,7:34,B07_3SP,T1,B07_3SP_T1,B07_3SP_T1_O2.csv,DARK,RUN16,0,11
4/28/26,7:14,7:34,BLANK1_RUN16,T1,BLANK1_RUN16_T1,BLANK1_RUN16_T1_O2.csv,DARK,RUN16,1,12
4/28/26,8:12,9:14,A06_MONO,T1,A06_MONO_T1,A06_MONO_T1_O2.csv,LIGHT,RUN16,0,1
4/28/26,8:12,9:14,B11_FAKE,T1,B11_FAKE_T1,B11_FAKE_T1_O2.csv,LIGHT,RUN16,0,2
4/28/26,8:12,9:14,A03_3SP,T1,A03_3SP_T1,A03_3SP_T1_O2.csv,LIGHT,RUN16,0,3
4/28/26,8:12,9:14,A16_6SP,T1,A16_6SP_T1,A16_6SP_T1_O2.csv,LIGHT,RUN16,0,4
4/28/26,8:12,9:14,B05_MONO,T1,B05_MONO_T1,B05_MONO_T1_O2.csv,LIGHT,RUN16,0,5
4/28/26,8:12,9:14,BLANK2_RUN16,T1,BLANK2_RUN16_T1,BLANK2_RUN16_T1_O2.csv,LIGHT,RUN16,1,6
4/28/26,8:12,9:14,A10_6SP,T1,A10_6SP_T1,A10_6SP_T1_O2.csv,LIGHT,RUN16,0,7
4/28/26,8:12,9:14,B08_3SP,T1,B08_3SP_T1,B08_3SP_T1_O2.csv,LIGHT,RUN16,0,8
4/28/26,8:12,9:14,B04_MONO,T1,B04_MONO_T1,B04_MONO_T1_O2.csv,LIGHT,RUN16,0,9
4/28/26,8:12,9:14,A21_FAKE,T1,A21_FAKE_T1,A21_FAKE_T1_O2.csv,LIGHT,RUN16,0,10
4/28/26,8:12,9:14,B07_3SP,T1,B07_3SP_T1,B07_3SP_T1_O2.csv,LIGHT,RUN16,0,11
4/28/26,8:12,9:14,BLANK1_RUN16,T1,BLANK1_RUN16_T1,BLANK1_RUN16_T1_O2.csv,LIGHT,RUN16,1,12
4/28/26,10:00,10:22,A04_FAKE,T1,A04_FAKE_T1,A04_FAKE_T1_O2.csv,DARK,RUN17,0,1
4/28/26,10:00,10:22,A04_6SP,T1,A04_6SP_T1,A04_6SP_T1_O2.csv,DARK,RUN17,0,2
4/28/26,10:00,10:22,B09_MONO,T1,B09_MONO_T1,B09_MONO_T1_O2.csv,DARK,RUN17,0,3
4/28/26,10:00,10:22,BLANK1_RUN17,T1,BLANK1_RUN17_T1,BLANK1_RUN17_T1_O2.csv,DARK,RUN17,1,4
4/28/26,10:00,10:22,A15_MONO,T1,A15_MONO_T1,A15_MONO_T1_O2.csv,DARK,RUN17,0,5
4/28/26,10:00,10:22,B12_3SP,T1,B12_3SP_T1,B12_3SP_T1_O2.csv,DARK,RUN17,0,6
4/28/26,10:00,10:22,A09_6SP,T1,A09_6SP_T1,A09_6SP_T1_O2.csv,DARK,RUN17,0,7
4/28/26,10:00,10:22,B06_MONO,T1,B06_MONO_T1,B06_MONO_T1_O2.csv,DARK,RUN17,0,8
4/28/26,10:00,10:22,BLANK2_RUN17,T1,BLANK2_RUN17_T1,BLANK2_RUN17_T1_O2.csv,DARK,RUN17,1,9
4/28/26,10:00,10:22,B05_FAKE,T1,B05_FAKE_T1,B05_FAKE_T1_O2.csv,DARK,RUN17,0,10
4/28/26,10:00,10:22,B19_3SP,T1,B19_3SP_T1,B19_3SP_T1_O2.csv,DARK,RUN17,0,11
4/28/26,10:00,10:22,A04_3SP,T1,A04_3SP_T1,A04_3SP_T1_O2.csv,DARK,RUN17,0,12
4/28/26,10:48,11:48,A04_FAKE,T1,A04_FAKE_T1,A04_FAKE_T1_O2.csv,LIGHT,RUN17,0,1
4/28/26,10:48,11:48,A04_6SP,T1,A04_6SP_T1,A04_6SP_T1_O2.csv,LIGHT,RUN17,0,2
4/28/26,10:48,11:48,B09_MONO,T1,B09_MONO_T1,B09_MONO_T1_O2.csv,LIGHT,RUN17,0,3
4/28/26,10:48,11:48,BLANK1_RUN17,T1,BLANK1_RUN17_T1,BLANK1_RUN17_T1_O2.csv,LIGHT,RUN17,1,4
4/28/26,10:48,11:48,A15_MONO,T1,A15_MONO_T1,A15_MONO_T1_O2.csv,LIGHT,RUN17,0,5
4/28/26,10:48,11:48,B12_3SP,T1,B12_3SP_T1,B12_3SP_T1_O2.csv,LIGHT,RUN17,0,6
4/28/26,10:48,11:48,A09_6SP,T1,A09_6SP_T1,A09_6SP_T1_O2.csv,LIGHT,RUN17,0,7
4/28/26,10:48,11:48,B06_MONO,T1,B06_MONO_T1,B06_MONO_T1_O2.csv,LIGHT,RUN17,0,8
4/28/26,10:48,11:48,BLANK2_RUN17,T1,BLANK2_RUN17_T1,BLANK2_RUN17_T1_O2.csv,LIGHT,RUN17,1,9
4/28/26,10:48,11:48,B05_FAKE,T1,B05_FAKE_T1,B05_FAKE_T1_O2.csv,LIGHT,RUN17,0,10
4/28/26,10:48,11:48,B19_3SP,T1,B19_3SP_T1,B19_3SP_T1_O2.csv,LIGHT,RUN17,0,11
4/28/26,10:48,11:48,A04_3SP,T1,A04_3SP_T1,A04_3SP_T1_O2.csv,LIGHT,RUN17,0,12
4/28/26,12:47,13:08,A24_FAKE,T1,A24_FAKE_T1,A24_FAKE_T1_O2.csv,DARK,RUN18,0,1
4/28/26,12:47,13:08,A11_6SP,T1,A11_6SP_T1,A11_6SP_T1_O2.csv,DARK,RUN18,0,2
4/28/26,12:47,13:08,BLANK2_RUN18,T1,BLANK2_RUN18_T1,BLANK2_RUN18_T1_O2.csv,DARK,RUN18,1,3
4/28/26,12:47,13:08,A19_3SP,T1,A19_3SP_T1,A19_3SP_T1_O2.csv,DARK,RUN18,0,4
4/28/26,12:47,13:08,A12_6SP,T1,A12_6SP_T1,A12_6SP_T1_O2.csv,DARK,RUN18,0,5
4/28/26,12:47,13:08,B03_6SP,T1,B03_6SP_T1,B03_6SP_T1_O2.csv,DARK,RUN18,0,6
4/28/26,12:47,13:08,A15_FAKE,T1,A15_FAKE_T1,A15_FAKE_T1_O2.csv,DARK,RUN18,0,7
4/28/26,12:47,13:08,BLANK1_RUN18,T1,BLANK1_RUN18_T1,BLANK1_RUN18_T1_O2.csv,DARK,RUN18,1,8
4/28/26,12:47,13:08,A10_3SP,T1,A10_3SP_T1,A10_3SP_T1_O2.csv,DARK,RUN18,0,9
4/28/26,12:47,13:08,B04_FAKE,T1,B04_FAKE_T1,B04_FAKE_T1_O2.csv,DARK,RUN18,0,10
4/28/26,12:47,13:08,B06_3SP,T1,B06_3SP_T1,B06_3SP_T1_O2.csv,DARK,RUN18,0,11
4/28/26,12:47,13:08,B04_4_MONO,T1,B04_4_MONO_T1,B04_4_MONO_T1_O2.csv,DARK,RUN18,0,12
4/28/26,13:32,14:32,A24_FAKE,T1,A24_FAKE_T1,A24_FAKE_T1_O2.csv,LIGHT,RUN18,0,1
4/28/26,13:32,14:32,A11_6SP,T1,A11_6SP_T1,A11_6SP_T1_O2.csv,LIGHT,RUN18,0,2
4/28/26,13:32,14:32,BLANK2_RUN18,T1,BLANK2_RUN18_T1,BLANK2_RUN18_T1_O2.csv,LIGHT,RUN18,1,3
4/28/26,13:32,14:32,A19_3SP,T1,A19_3SP_T1,A19_3SP_T1_O2.csv,LIGHT,RUN18,0,4
4/28/26,13:32,14:32,A12_6SP,T1,A12_6SP_T1,A12_6SP_T1_O2.csv,LIGHT,RUN18,0,5
4/28/26,13:32,14:32,B03_6SP,T1,B03_6SP_T1,B03_6SP_T1_O2.csv,LIGHT,RUN18,0,6
4/28/26,13:32,14:32,A15_FAKE,T1,A15_FAKE_T1,A15_FAKE_T1_O2.csv,LIGHT,RUN18,0,7
4/28/26,13:32,14:32,BLANK1_RUN18,T1,BLANK1_RUN18_T1,BLANK1_RUN18_T1_O2.csv,LIGHT,RUN18,1,8
4/28/26,13:32,14:32,A10_3SP,T1,A10_3SP_T1,A10_3SP_T1_O2.csv,LIGHT,RUN18,0,9
4/28/26,13:32,14:32,B04_FAKE,T1,B04_FAKE_T1,B04_FAKE_T1_O2.csv,LIGHT,RUN18,0,10
4/28/26,13:32,14:32,B06_3SP,T1,B06_3SP_T1,B06_3SP_T1_O2.csv,LIGHT,RUN18,0,11
4/28/26,13:32,14:32,B04_4_MONO,T1,B04_4_MONO_T1,B04_4_MONO_T1_O2.csv,LIGHT,RUN18,0,12
4/28/26,15:15,15:38,B10_3SP,T1,B10_3SP_T1,B10_3SP_T1_O2.csv,DARK,RUN19,0,1
4/28/26,15:15,15:38,BLANK1_RUN19,T1,BLANK1_RUN19_T1,BLANK1_RUN19_T1_O2.csv,DARK,RUN19,1,2
4/28/26,15:15,15:38,A08_MONO,T1,A08_MONO_T1,A08_MONO_T1_O2.csv,DARK,RUN19,0,3
4/28/26,15:15,15:38,B08_MONO,T1,B08_MONO_T1,B08_MONO_T1_O2.csv,DARK,RUN19,0,4
4/28/26,15:15,15:38,A17_3SP,T1,A17_3SP_T1,A17_3SP_T1_O2.csv,DARK,RUN19,0,5
4/28/26,15:15,15:38,B14_MONO,T1,B14_MONO_T1,B14_MONO_T1_O2.csv,DARK,RUN19,0,6
4/28/26,15:15,15:38,BLANK2_RUN19,T1,BLANK2_RUN19_T1,BLANK2_RUN19_T1_O2.csv,DARK,RUN19,1,7
4/28/26,15:15,15:38,A05_MONO,T1,A05_MONO_T1,A05_MONO_T1_O2.csv,DARK,RUN19,0,8
4/28/26,15:15,15:38,A05_3SP,T1,A05_3SP_T1,A05_3SP_T1_O2.csv,DARK,RUN19,0,9
4/28/26,15:15,15:38,A16_FAKE,T1,A16_FAKE_T1,A16_FAKE_T1_O2.csv,DARK,RUN19,0,10
4/28/26,15:15,15:38,B14_4_MONO,T1,B14_4_MONO_T1,B14_4_MONO_T1_O2.csv,DARK,RUN19,0,11
4/28/26,15:15,15:38,B13_6SP,T1,B13_6SP_T1,B13_6SP_T1_O2.csv,DARK,RUN19,0,12
4/28/26,16:05,17:06,B10_3SP,T1,B10_3SP_T1,B10_3SP_T1_O2.csv,LIGHT,RUN19,0,1
4/28/26,16:05,17:06,BLANK1_RUN19,T1,BLANK1_RUN19_T1,BLANK1_RUN19_T1_O2.csv,LIGHT,RUN19,1,2
4/28/26,16:05,17:06,A08_MONO,T1,A08_MONO_T1,A08_MONO_T1_O2.csv,LIGHT,RUN19,0,3
4/28/26,16:05,17:06,B08_MONO,T1,B08_MONO_T1,B08_MONO_T1_O2.csv,LIGHT,RUN19,0,4
4/28/26,16:05,17:06,A17_3SP,T1,A17_3SP_T1,A17_3SP_T1_O2.csv,LIGHT,RUN19,0,5
4/28/26,16:05,17:06,B14_MONO,T1,B14_MONO_T1,B14_MONO_T1_O2.csv,LIGHT,RUN19,0,6
4/28/26,16:05,17:06,BLANK2_RUN19,T1,BLANK2_RUN19_T1,BLANK2_RUN19_T1_O2.csv,LIGHT,RUN19,1,7
4/28/26,16:05,17:06,A05_MONO,T1,A05_MONO_T1,A05_MONO_T1_O2.csv,LIGHT,RUN19,0,8
4/28/26,16:05,17:06,A05_3SP,T1,A05_3SP_T1,A05_3SP_T1_O2.csv,LIGHT,RUN19,0,9
4/28/26,16:05,17:06,A16_FAKE,T1,A16_FAKE_T1,A16_FAKE_T1_O2.csv,LIGHT,RUN19,0,10
4/28/26,16:05,17:06,B14_4_MONO,T1,B14_4_MONO_T1,B14_4_MONO_T1_O2.csv,LIGHT,RUN19,0,11
4/28/26,16:05,17:06,B13_6SP,T1,B13_6SP_T1,B13_6SP_T1_O2.csv,LIGHT,RUN19,0,12
4/28/26,17:38,18:03,B14_6SP,T1,B14_6SP_T1,B14_6SP_T1_O2.csv,DARK,RUN20,0,1
4/28/26,17:38,18:03,BLANK1_RUN20,T1,BLANK1_RUN20_T1,BLANK1_RUN20_T1_O2.csv,DARK,RUN20,1,2
4/28/26,17:38,18:03,A01_FAKE,T1,A01_FAKE_T1,A01_FAKE_T1_O2.csv,DARK,RUN20,0,3
4/28/26,17:38,18:03,B11_6SP,T1,B11_6SP_T1,B11_6SP_T1_O2.csv,DARK,RUN20,0,4
4/28/26,17:38,18:03,B13_FAKE,T1,B13_FAKE_T1,B13_FAKE_T1_O2.csv,DARK,RUN20,0,5
4/28/26,17:38,18:03,B03_3SP,T1,B03_3SP_T1,B03_3SP_T1_O2.csv,DARK,RUN20,0,6
4/28/26,17:38,18:03,B12_6SP,T1,B12_6SP_T1,B12_6SP_T1_O2.csv,DARK,RUN20,0,7
4/28/26,17:38,18:03,B13_3_MONO,T1,B13_3_MONO_T1,B13_3_MONO_T1_O2.csv,DARK,RUN20,0,8
4/28/26,17:38,18:03,B10_FAKE,T1,B10_FAKE_T1,B10_FAKE_T1_O2.csv,DARK,RUN20,0,9
4/28/26,17:38,18:03,BLANK2_RUN20,T1,BLANK2_RUN20_T1,BLANK2_RUN20_T1_O2.csv,DARK,RUN20,1,10
4/28/26,17:38,18:03,B04_6SP,T1,B04_6SP_T1,B04_6SP_T1_O2.csv,DARK,RUN20,0,11
4/28/26,17:38,18:03,A12_3SP,T1,A12_3SP_T1,A12_3SP_T1_O2.csv,DARK,RUN20,0,12
4/28/26,18:25,19:26,B14_6SP,T1,B14_6SP_T1,B14_6SP_T1_O2.csv,LIGHT,RUN20,0,1
4/28/26,18:25,19:26,BLANK1_RUN20,T1,BLANK1_RUN20_T1,BLANK1_RUN20_T1_O2.csv,LIGHT,RUN20,1,2
4/28/26,18:25,19:26,A01_FAKE,T1,A01_FAKE_T1,A01_FAKE_T1_O2.csv,LIGHT,RUN20,0,3
4/28/26,18:25,19:26,B11_6SP,T1,B11_6SP_T1,B11_6SP_T1_O2.csv,LIGHT,RUN20,0,4
4/28/26,18:25,19:26,B13_FAKE,T1,B13_FAKE_T1,B13_FAKE_T1_O2.csv,LIGHT,RUN20,0,5
4/28/26,18:25,19:26,B03_3SP,T1,B03_3SP_T1,B03_3SP_T1_O2.csv,LIGHT,RUN20,0,6
4/28/26,18:25,19:26,B12_6SP,T1,B12_6SP_T1,B12_6SP_T1_O2.csv,LIGHT,RUN20,0,7
4/28/26,18:25,19:26,B13_3_MONO,T1,B13_3_MONO_T1,B13_3_MONO_T1_O2.csv,LIGHT,RUN20,0,8
4/28/26,18:25,19:26,B10_FAKE,T1,B10_FAKE_T1,B10_FAKE_T1_O2.csv,LIGHT,RUN20,0,9
4/28/26,18:25,19:26,BLANK2_RUN20,T1,BLANK2_RUN20_T1,BLANK2_RUN20_T1_O2.csv,LIGHT,RUN20,1,10
4/28/26,18:25,19:26,B04_6SP,T1,B04_6SP_T1,B04_6SP_T1_O2.csv,LIGHT,RUN20,0,11
4/28/26,18:25,19:26,A12_3SP,T1,A12_3SP_T1,A12_3SP_T1_O2.csv,LIGHT,RUN20,0,12
4/29/26,6:58,7:28,BLANK2_RUN21,T1,BLANK2_RUN21_T1,BLANK2_RUN21_T1_O2.csv,DARK,RUN21,1,1
4/29/26,6:58,7:28,A23_FAKE,T1,A23_FAKE_T1,A23_FAKE_T1_O2.csv,DARK,RUN21,0,2
4/29/26,6:58,7:28,A04_MONO,T1,A04_MONO_T1,A04_MONO_T1_O2.csv,DARK,RUN21,0,3
4/29/26,6:58,7:28,B05_3SP,T1,B05_3SP_T1,B05_3SP_T1_O2.csv,DARK,RUN21,0,4
4/29/26,6:58,7:28,A11_3SP,T1,A11_3SP_T1,A11_3SP_T1_O2.csv,DARK,RUN21,0,5
4/29/26,6:58,7:28,B20_3SP,T1,B20_3SP_T1,B20_3SP_T1_O2.csv,DARK,RUN21,0,6
4/29/26,6:58,7:28,B02_6SP,T1,B02_6SP_T1,B02_6SP_T1_O2.csv,DARK,RUN21,0,7
4/29/26,6:58,7:28,B02_MONO,T1,B02_MONO_T1,B02_MONO_T1_O2.csv,DARK,RUN21,0,8
4/29/26,6:58,7:28,BLANK1_RUN21,T1,BLANK1_RUN21_T1,BLANK1_RUN21_T1_O2.csv,DARK,RUN21,1,9
4/29/26,6:58,7:28,B13_MONO,T1,B13_MONO_T1,B13_MONO_T1_O2.csv,DARK,RUN21,0,10
4/29/26,6:58,7:28,B07_FAKE,T1,B07_FAKE_T1,B07_FAKE_T1_O2.csv,DARK,RUN21,0,11
4/29/26,6:58,7:28,B15_FAKE,T1,B15_FAKE_T1,B15_FAKE_T1_O2.csv,DARK,RUN21,0,12
4/29/26,8:00,8:48,BLANK2_RUN21,T1,BLANK2_RUN21_T1,BLANK2_RUN21_T1_O2.csv,LIGHT,RUN21,1,1
4/29/26,8:00,8:48,A23_FAKE,T1,A23_FAKE_T1,A23_FAKE_T1_O2.csv,LIGHT,RUN21,0,2
4/29/26,8:00,8:48,A04_MONO,T1,A04_MONO_T1,A04_MONO_T1_O2.csv,LIGHT,RUN21,0,3
4/29/26,8:00,8:48,B05_3SP,T1,B05_3SP_T1,B05_3SP_T1_O2.csv,LIGHT,RUN21,0,4
4/29/26,8:00,8:48,A11_3SP,T1,A11_3SP_T1,A11_3SP_T1_O2.csv,LIGHT,RUN21,0,5
4/29/26,8:00,8:48,B20_3SP,T1,B20_3SP_T1,B20_3SP_T1_O2.csv,LIGHT,RUN21,0,6
4/29/26,8:00,8:48,B02_6SP,T1,B02_6SP_T1,B02_6SP_T1_O2.csv,LIGHT,RUN21,0,7
4/29/26,8:00,8:48,B02_MONO,T1,B02_MONO_T1,B02_MONO_T1_O2.csv,LIGHT,RUN21,0,8
4/29/26,8:00,8:48,BLANK1_RUN21,T1,BLANK1_RUN21_T1,BLANK1_RUN21_T1_O2.csv,LIGHT,RUN21,1,9
4/29/26,8:00,8:48,B13_MONO,T1,B13_MONO_T1,B13_MONO_T1_O2.csv,LIGHT,RUN21,0,10
4/29/26,8:00,8:48,B07_FAKE,T1,B07_FAKE_T1,B07_FAKE_T1_O2.csv,LIGHT,RUN21,0,11
4/29/26,8:00,8:48,B15_FAKE,T1,B15_FAKE_T1,B15_FAKE_T1_O2.csv,LIGHT,RUN21,0,12
4/29/26,9:23,9:43,A13_6SP,T1,A13_6SP_T1,A13_6SP_T1_O2.csv,DARK,RUN22,0,1
4/29/26,9:23,9:43,A22_FAKE,T1,A22_FAKE_T1,A22_FAKE_T1_O2.csv,DARK,RUN22,0,2
4/29/26,9:23,9:43,BLANK2_RUN22,T1,BLANK2_RUN22_T1,BLANK2_RUN22_T1_O2.csv,DARK,RUN22,1,3
4/29/26,9:23,9:43,A13_FAKE,T1,A13_FAKE_T1,A13_FAKE_T1_O2.csv,DARK,RUN22,0,4
4/29/26,9:23,9:43,A09_3SP,T1,A09_3SP_T1,A09_3SP_T1_O2.csv,DARK,RUN22,0,5
4/29/26,9:23,9:43,A02_MONO,T1,A02_MONO_T1,A02_MONO_T1_O2.csv,DARK,RUN22,0,6
4/29/26,9:23,9:43,B03_3_MONO,T1,B03_3_MONO_T1,B03_3_MONO_T1_O2.csv,DARK,RUN22,0,7
4/29/26,9:23,9:43,B14_FAKE,T1,B14_FAKE_T1,B14_FAKE_T1_O2.csv,DARK,RUN22,0,8
4/29/26,9:23,9:43,A16_MONO,T1,A16_MONO_T1,A16_MONO_T1_O2.csv,DARK,RUN22,0,9
4/29/26,9:23,9:43,B06_FAKE,T1,B06_FAKE_T1,B06_FAKE_T1_O2.csv,DARK,RUN22,0,10
4/29/26,9:23,9:43,B01_3SP,T1,B01_3SP_T1,B01_3SP_T1_O2.csv,DARK,RUN22,0,11
4/29/26,9:23,9:43,BLANK1_RUN22,T1,BLANK1_RUN22_T1,BLANK1_RUN22_T1_O2.csv,DARK,RUN22,1,12
4/29/26,10:00,11:00,A13_6SP,T1,A13_6SP_T1,A13_6SP_T1_O2.csv,LIGHT,RUN22,0,1
4/29/26,10:00,11:00,A22_FAKE,T1,A22_FAKE_T1,A22_FAKE_T1_O2.csv,LIGHT,RUN22,0,2
4/29/26,10:00,11:00,BLANK2_RUN22,T1,BLANK2_RUN22_T1,BLANK2_RUN22_T1_O2.csv,LIGHT,RUN22,1,3
4/29/26,10:00,11:00,A13_FAKE,T1,A13_FAKE_T1,A13_FAKE_T1_O2.csv,LIGHT,RUN22,0,4
4/29/26,10:00,11:00,A09_3SP,T1,A09_3SP_T1,A09_3SP_T1_O2.csv,LIGHT,RUN22,0,5
4/29/26,10:00,11:00,A02_MONO,T1,A02_MONO_T1,A02_MONO_T1_O2.csv,LIGHT,RUN22,0,6
4/29/26,10:00,11:00,B03_3_MONO,T1,B03_3_MONO_T1,B03_3_MONO_T1_O2.csv,LIGHT,RUN22,0,7
4/29/26,10:00,11:00,B14_FAKE,T1,B14_FAKE_T1,B14_FAKE_T1_O2.csv,LIGHT,RUN22,0,8
4/29/26,10:00,11:00,A16_MONO,T1,A16_MONO_T1,A16_MONO_T1_O2.csv,LIGHT,RUN22,0,9
4/29/26,10:00,11:00,B06_FAKE,T1,B06_FAKE_T1,B06_FAKE_T1_O2.csv,LIGHT,RUN22,0,10
4/29/26,10:00,11:00,B01_3SP,T1,B01_3SP_T1,B01_3SP_T1_O2.csv,LIGHT,RUN22,0,11
4/29/26,10:00,11:00,BLANK1_RUN22,T1,BLANK1_RUN22_T1,BLANK1_RUN22_T1_O2.csv,LIGHT,RUN22,1,12
4/29/26,11:41,12:02,A03_MONO,T1,A03_MONO_T1,A03_MONO_T1_O2.csv,DARK,RUN23,0,1
4/29/26,11:41,12:02,A09_MONO,T1,A09_MONO_T1,A09_MONO_T1_O2.csv,DARK,RUN23,0,2
4/29/26,11:41,12:02,BLANK2_RUN23,T1,BLANK2_RUN23_T1,BLANK2_RUN23_T1_O2.csv,DARK,RUN23,1,3
4/29/26,11:41,12:02,A14_FAKE,T1,A14_FAKE_T1,A14_FAKE_T1_O2.csv,DARK,RUN23,0,4
4/29/26,11:41,12:02,A07_FAKE,T1,A07_FAKE_T1,A07_FAKE_T1_O2.csv,DARK,RUN23,0,5
4/29/26,11:41,12:02,A07_MONO,T1,A07_MONO_T1,A07_MONO_T1_O2.csv,DARK,RUN23,0,6
4/29/26,11:41,12:02,A12_MONO,T1,A12_MONO_T1,A12_MONO_T1_O2.csv,DARK,RUN23,0,7
4/29/26,11:41,12:02,A18_3SP,T1,A18_3SP_T1,A18_3SP_T1_O2.csv,DARK,RUN23,0,8
4/29/26,11:41,12:02,B07_MONO,T1,B07_MONO_T1,B07_MONO_T1_O2.csv,DARK,RUN23,0,9
4/29/26,11:41,12:02,BLANK1_RUN23,T1,BLANK1_RUN23_T1,BLANK1_RUN23_T1_O2.csv,DARK,RUN23,1,10
4/29/26,11:41,12:02,B02_3SP,T1,B02_3SP_T1,B02_3SP_T1_O2.csv,DARK,RUN23,0,11
4/29/26,11:41,12:02,B16_FAKE,T1,B16_FAKE_T1,B16_FAKE_T1_O2.csv,DARK,RUN23,0,12
4/29/26,12:30,13:31,A03_MONO,T1,A03_MONO_T1,A03_MONO_T1_O2.csv,LIGHT,RUN23,0,1
4/29/26,12:30,13:31,A09_MONO,T1,A09_MONO_T1,A09_MONO_T1_O2.csv,LIGHT,RUN23,0,2
4/29/26,12:30,13:31,BLANK2_RUN23,T1,BLANK2_RUN23_T1,BLANK2_RUN23_T1_O2.csv,LIGHT,RUN23,1,3
4/29/26,12:30,13:31,A14_FAKE,T1,A14_FAKE_T1,A14_FAKE_T1_O2.csv,LIGHT,RUN23,0,4
4/29/26,12:30,13:31,A07_FAKE,T1,A07_FAKE_T1,A07_FAKE_T1_O2.csv,LIGHT,RUN23,0,5
4/29/26,12:30,13:31,A07_MONO,T1,A07_MONO_T1,A07_MONO_T1_O2.csv,LIGHT,RUN23,0,6
4/29/26,12:30,13:31,A12_MONO,T1,A12_MONO_T1,A12_MONO_T1_O2.csv,LIGHT,RUN23,0,7
4/29/26,12:30,13:31,A18_3SP,T1,A18_3SP_T1,A18_3SP_T1_O2.csv,LIGHT,RUN23,0,8
4/29/26,12:30,13:31,B07_MONO,T1,B07_MONO_T1,B07_MONO_T1_O2.csv,LIGHT,RUN23,0,9
4/29/26,12:30,13:31,BLANK1_RUN23,T1,BLANK1_RUN23_T1,BLANK1_RUN23_T1_O2.csv,LIGHT,RUN23,1,10
4/29/26,12:30,13:31,B02_3SP,T1,B02_3SP_T1,B02_3SP_T1_O2.csv,LIGHT,RUN23,0,11
4/29/26,12:30,13:31,B16_FAKE,T1,B16_FAKE_T1,B16_FAKE_T1_O2.csv,LIGHT,RUN23,0,12
4/29/26,14:45,15:03,A06_3SP,T1,A06_3SP_T1,A06_3SP_T1_O2.csv,DARK,RUN24,0,1
4/29/26,14:45,15:03,B09_3SP,T1,B09_3SP_T1,B09_3SP_T1_O2.csv,DARK,RUN24,0,2
4/29/26,14:45,15:03,B11_3SP,T1,B11_3SP_T1,B11_3SP_T1_O2.csv,DARK,RUN24,0,3
4/29/26,14:45,15:03,B09_FAKE,T1,B09_FAKE_T1,B09_FAKE_T1_O2.csv,DARK,RUN24,0,4
4/29/26,14:45,15:03,BLANK1_RUN24,T1,BLANK1_RUN24_T1,BLANK1_RUN24_T1_O2.csv,DARK,RUN24,1,5
4/29/26,14:45,15:03,B08_FAKE,T1,B08_FAKE_T1,B08_FAKE_T1_O2.csv,DARK,RUN24,0,6
4/29/26,14:45,15:03,BLANK2_RUN24,T1,BLANK2_RUN24_T1,BLANK2_RUN24_T1_O2.csv,DARK,RUN24,1,7
4/29/26,14:45,15:03,A02_FAKE,T1,A02_FAKE_T1,A02_FAKE_T1_O2.csv,DARK,RUN24,0,8
4/29/26,14:45,15:03,B02_FAKE,T1,B02_FAKE_T1,B02_FAKE_T1_O2.csv,DARK,RUN24,0,9
4/29/26,14:45,15:03,B02_6_MONO,T1,B02_6_MONO_T1,B02_6_MONO_T1_O2.csv,DARK,RUN24,0,10
4/29/26,14:45,15:03,A13_MONO,T1,A13_MONO_T1,A13_MONO_T1_O2.csv,DARK,RUN24,0,11
4/29/26,14:45,15:03,B01_FAKE,T1,B01_FAKE_T1,B01_FAKE_T1_O2.csv,DARK,RUN24,0,12
4/29/26,15:30,16:30,A06_3SP,T1,A06_3SP_T1,A06_3SP_T1_O2.csv,LIGHT,RUN24,0,1
4/29/26,15:30,16:30,B09_3SP,T1,B09_3SP_T1,B09_3SP_T1_O2.csv,LIGHT,RUN24,0,2
4/29/26,15:30,16:30,B11_3SP,T1,B11_3SP_T1,B11_3SP_T1_O2.csv,LIGHT,RUN24,0,3
4/29/26,15:30,16:30,B09_FAKE,T1,B09_FAKE_T1,B09_FAKE_T1_O2.csv,LIGHT,RUN24,0,4
4/29/26,15:30,16:30,BLANK1_RUN24,T1,BLANK1_RUN24_T1,BLANK1_RUN24_T1_O2.csv,LIGHT,RUN24,1,5
4/29/26,15:30,16:30,B08_FAKE,T1,B08_FAKE_T1,B08_FAKE_T1_O2.csv,LIGHT,RUN24,0,6
4/29/26,15:30,16:30,BLANK2_RUN24,T1,BLANK2_RUN24_T1,BLANK2_RUN24_T1_O2.csv,LIGHT,RUN24,1,7
4/29/26,15:30,16:30,A02_FAKE,T1,A02_FAKE_T1,A02_FAKE_T1_O2.csv,LIGHT,RUN24,0,8
4/29/26,15:30,16:30,B02_FAKE,T1,B02_FAKE_T1,B02_FAKE_T1_O2.csv,LIGHT,RUN24,0,9
4/29/26,15:30,16:30,B02_6_MONO,T1,B02_6_MONO_T1,B02_6_MONO_T1_O2.csv,LIGHT,RUN24,0,10
4/29/26,15:30,16:30,A13_MONO,T1,A13_MONO_T1,A13_MONO_T1_O2.csv,LIGHT,RUN24,0,11
4/29/26,15:30,16:30,B01_FAKE,T1,B01_FAKE_T1,B01_FAKE_T1_O2.csv,LIGHT,RUN24,0,12
4/30/26,7:00,7:20,A08_3SP,T1,A08_3SP_T1,A08_3SP_T1_O2.csv,DARK,RUN25,0,1
4/30/26,7:00,7:20,B18_3SP,T1,B18_3SP_T1,B18_3SP_T1_O2.csv,DARK,RUN25,0,2
4/30/26,7:00,7:20,A01_3SP,T1,A01_3SP_T1,A01_3SP_T1_O2.csv,DARK,RUN25,0,3
4/30/26,7:00,7:20,B11_MONO,T1,B11_MONO_T1,B11_MONO_T1_O2.csv,DARK,RUN25,0,4
4/30/26,7:00,7:20,B15_3_MONO,T1,B15_3_MONO_T1,B15_3_MONO_T1_O2.csv,DARK,RUN25,0,5
4/30/26,7:00,7:20,BLANK1_RUN25,T1,BLANK1_RUN25_T1,BLANK1_RUN25_T1_O2.csv,DARK,RUN25,1,6
4/30/26,7:00,7:20,A11_MONO,T1,A11_MONO_T1,A11_MONO_T1_O2.csv,DARK,RUN25,0,7
4/30/26,7:00,7:20,A15_6SP,T1,A15_6SP_T1,A15_6SP_T1_O2.csv,DARK,RUN25,0,8
4/30/26,7:00,7:20,A02_6SP,T1,A02_6SP_T1,A02_6SP_T1_O2.csv,DARK,RUN25,0,9
4/30/26,7:00,7:20,BLANK2_RUN25,T1,BLANK2_RUN25_T1,BLANK2_RUN25_T1_O2.csv,DARK,RUN25,1,10
4/30/26,7:00,7:20,B01_6SP,T1,B01_6SP_T1,B01_6SP_T1_O2.csv,DARK,RUN25,0,11
4/30/26,7:00,7:20,B03_FAKE,T1,B03_FAKE_T1,B03_FAKE_T1_O2.csv,DARK,RUN25,0,12
4/30/26,7:48,8:41,A08_3SP,T1,A08_3SP_T1,A08_3SP_T1_O2.csv,LIGHT,RUN25,0,1
4/30/26,7:48,8:41,B18_3SP,T1,B18_3SP_T1,B18_3SP_T1_O2.csv,LIGHT,RUN25,0,2
4/30/26,7:48,8:41,A01_3SP,T1,A01_3SP_T1,A01_3SP_T1_O2.csv,LIGHT,RUN25,0,3
4/30/26,7:48,8:41,B11_MONO,T1,B11_MONO_T1,B11_MONO_T1_O2.csv,LIGHT,RUN25,0,4
4/30/26,7:48,8:41,B15_3_MONO,T1,B15_3_MONO_T1,B15_3_MONO_T1_O2.csv,LIGHT,RUN25,0,5
4/30/26,7:48,8:41,BLANK1_RUN25,T1,BLANK1_RUN25_T1,BLANK1_RUN25_T1_O2.csv,LIGHT,RUN25,0,6
4/30/26,7:48,8:41,A11_MONO,T1,A11_MONO_T1,A11_MONO_T1_O2.csv,LIGHT,RUN25,0,7
4/30/26,7:48,8:41,A15_6SP,T1,A15_6SP_T1,A15_6SP_T1_O2.csv,LIGHT,RUN25,0,8
4/30/26,7:48,8:41,A02_6SP,T1,A02_6SP_T1,A02_6SP_T1_O2.csv,LIGHT,RUN25,0,9
4/30/26,7:48,8:41,BLANK2_RUN25,T1,BLANK2_RUN25_T1,BLANK2_RUN25_T1_O2.csv,LIGHT,RUN25,1,10
4/30/26,7:48,8:41,B01_6SP,T1,B01_6SP_T1,B01_6SP_T1_O2.csv,LIGHT,RUN25,0,11
4/30/26,7:48,8:41,B03_FAKE,T1,B03_FAKE_T1,B03_FAKE_T1_O2.csv,LIGHT,RUN25,0,12
4/30/26,9:30,9:51,A05_FAKE,T1,A05_FAKE_T1,A05_FAKE_T1_O2.csv,DARK,RUN26,0,1
4/30/26,9:30,9:51,B01_4_MONO,T1,B01_4_MONO_T1,B01_4_MONO_T1_O2.csv,DARK,RUN26,0,2
4/30/26,9:30,9:51,B04_3SP,T1,B04_3SP_T1,B04_3SP_T1_O2.csv,DARK,RUN26,0,3
4/30/26,9:30,9:51,BLANK2_RUN26,T1,BLANK2_RUN26_T1,BLANK2_RUN26_T1_O2.csv,DARK,RUN26,1,4
4/30/26,9:30,9:51,A03_FAKE,T1,A03_FAKE_T1,A03_FAKE_T1_O2.csv,DARK,RUN26,0,5
4/30/26,9:30,9:51,B10_6SP,T1,B10_6SP_T1,B10_6SP_T1_O2.csv,DARK,RUN26,0,6
4/30/26,9:30,9:51,B16_3_MONO,T1,B16_3_MONO_T1,B16_3_MONO_T1_O2.csv,DARK,RUN26,0,7
4/30/26,9:30,9:51,B15_MONO,T1,B15_MONO_T1,B15_MONO_T1_O2.csv,DARK,RUN26,0,8
4/30/26,9:30,9:51,BLANK1_RUN26,T1,BLANK1_RUN26_T1,BLANK1_RUN26_T1_O2.csv,DARK,RUN26,1,9
4/30/26,9:30,9:51,B12_FAKE,T1,B12_FAKE_T1,B12_FAKE_T1_O2.csv,DARK,RUN26,0,10
4/30/26,9:30,9:51,B17_3SP,T1,B17_3SP_T1,B17_3SP_T1_O2.csv,DARK,RUN26,0,11
4/30/26,9:30,9:51,A14_MONO,T1,A14_MONO_T1,A14_MONO_T1_O2.csv,DARK,RUN26,0,12
4/30/26,10:08,11:08,A05_FAKE,T1,A05_FAKE_T1,A05_FAKE_T1_O2.csv,LIGHT,RUN26,0,1
4/30/26,10:08,11:08,B01_4_MONO,T1,B01_4_MONO_T1,B01_4_MONO_T1_O2.csv,LIGHT,RUN26,0,2
4/30/26,10:08,11:08,B04_3SP,T1,B04_3SP_T1,B04_3SP_T1_O2.csv,LIGHT,RUN26,0,3
4/30/26,10:08,11:08,BLANK2_RUN26,T1,BLANK2_RUN26_T1,BLANK2_RUN26_T1_O2.csv,LIGHT,RUN26,1,4
4/30/26,10:08,11:08,A03_FAKE,T1,A03_FAKE_T1,A03_FAKE_T1_O2.csv,LIGHT,RUN26,0,5
4/30/26,10:08,11:08,B10_6SP,T1,B10_6SP_T1,B10_6SP_T1_O2.csv,LIGHT,RUN26,0,6
4/30/26,10:08,11:08,B16_3_MONO,T1,B16_3_MONO_T1,B16_3_MONO_T1_O2.csv,LIGHT,RUN26,0,7
4/30/26,10:08,11:08,B15_MONO,T1,B15_MONO_T1,B15_MONO_T1_O2.csv,LIGHT,RUN26,0,8
4/30/26,10:08,11:08,BLANK1_RUN26,T1,BLANK1_RUN26_T1,BLANK1_RUN26_T1_O2.csv,LIGHT,RUN26,1,9
4/30/26,10:08,11:08,B12_FAKE,T1,B12_FAKE_T1,B12_FAKE_T1_O2.csv,LIGHT,RUN26,0,10
4/30/26,10:08,11:08,B17_3SP,T1,B17_3SP_T1,B17_3SP_T1_O2.csv,LIGHT,RUN26,0,11
4/30/26,10:08,11:08,A14_MONO,T1,A14_MONO_T1,A14_MONO_T1_O2.csv,LIGHT,RUN26,0,12
4/30/26,11:50,12:15,B10_MONO,T1,B10_MONO_T1,B10_MONO_T1_O2.csv,DARK,RUN27,0,1
4/30/26,11:50,12:15,B16_MONO,T1,B16_MONO_T1,B16_MONO_T1_O2.csv,DARK,RUN27,0,2
4/30/26,11:50,12:15,A07_3SP,T1,A07_3SP_T1,A07_3SP_T1_O2.csv,DARK,RUN27,0,3
4/30/26,11:50,12:15,A08_FAKE,T1,A08_FAKE_T1,A08_FAKE_T1_O2.csv,DARK,RUN27,0,4
4/30/26,11:50,12:15,BLANK1_RUN27,T1,BLANK1_RUN27_T1,BLANK1_RUN27_T1_O2.csv,DARK,RUN27,1,5
4/30/26,11:50,12:15,B12_MONO,T1,B12_MONO_T1,B12_MONO_T1_O2.csv,DARK,RUN27,0,6
4/30/26,11:50,12:15,B16_6SP,T1,B16_6SP_T1,B16_6SP_T1_O2.csv,DARK,RUN27,0,7
4/30/26,11:50,12:15,B01_MONO,T1,B01_MONO_T1,B01_MONO_T1_O2.csv,DARK,RUN27,0,8
4/30/26,11:50,12:15,A02_3SP,T1,A02_3SP_T1,A02_3SP_T1_O2.csv,DARK,RUN27,0,9
4/30/26,11:50,12:15,A01_MONO,T1,A01_MONO_T1,A01_MONO_T1_O2.csv,DARK,RUN27,0,10
4/30/26,11:50,12:15,BLANK2_RUN27,T1,BLANK2_RUN27_T1,BLANK2_RUN27_T1_O2.csv,DARK,RUN27,1,11
4/30/26,11:50,12:15,A20_3SP,T1,A20_3SP_T1,A20_3SP_T1_O2.csv,DARK,RUN27,0,12
4/30/26,12:34,13:34,B10_MONO,T1,B10_MONO_T1,B10_MONO_T1_O2.csv,LIGHT,RUN27,0,1
4/30/26,12:34,13:34,B16_MONO,T1,B16_MONO_T1,B16_MONO_T1_O2.csv,LIGHT,RUN27,0,2
4/30/26,12:34,13:34,A07_3SP,T1,A07_3SP_T1,A07_3SP_T1_O2.csv,LIGHT,RUN27,0,3
4/30/26,12:34,13:34,A08_FAKE,T1,A08_FAKE_T1,A08_FAKE_T1_O2.csv,LIGHT,RUN27,0,4
4/30/26,12:34,13:34,BLANK1_RUN27,T1,BLANK1_RUN27_T1,BLANK1_RUN27_T1_O2.csv,LIGHT,RUN27,1,5
4/30/26,12:34,13:34,B12_MONO,T1,B12_MONO_T1,B12_MONO_T1_O2.csv,LIGHT,RUN27,0,6
4/30/26,12:34,13:34,B16_6SP,T1,B16_6SP_T1,B16_6SP_T1_O2.csv,LIGHT,RUN27,0,7
4/30/26,12:34,13:34,B01_MONO,T1,B01_MONO_T1,B01_MONO_T1_O2.csv,LIGHT,RUN27,0,8
4/30/26,12:34,13:34,A02_3SP,T1,A02_3SP_T1,A02_3SP_T1_O2.csv,LIGHT,RUN27,0,9
4/30/26,12:34,13:34,A01_MONO,T1,A01_MONO_T1,A01_MONO_T1_O2.csv,LIGHT,RUN27,0,10
4/30/26,12:34,13:34,BLANK2_RUN27,T1,BLANK2_RUN27_T1,BLANK2_RUN27_T1_O2.csv,LIGHT,RUN27,1,11
4/30/26,12:34,13:34,A20_3SP,T1,A20_3SP_T1,A20_3SP_T1_O2.csv,LIGHT,RUN27,0,12
4/30/26,14:24,14:44,BLANK2_RUN28,T1,BLANK2_RUN28_T1,BLANK2_RUN28_T1_O2.csv,DARK,RUN28,1,1
4/30/26,14:24,14:44,A01_6SP,T1,A01_6SP_T1,A01_6SP_T1_O2.csv,DARK,RUN28,0,2
4/30/26,14:24,14:44,A10_MONO,T1,A10_MONO_T1,A10_MONO_T1_O2.csv,DARK,RUN28,0,3
4/30/26,14:24,14:44,B09_6SP,T1,B09_6SP_T1,B09_6SP_T1_O2.csv,DARK,RUN28,0,4
4/30/26,14:24,14:44,B15_6SP,T1,B15_6SP_T1,B15_6SP_T1_O2.csv,DARK,RUN28,0,5
4/30/26,14:24,14:44,A14_6SP,T1,A14_6SP_T1,A14_6SP_T1_O2.csv,DARK,RUN28,0,6
4/30/26,14:24,14:44,A06_FAKE,T1,A06_FAKE_T1,A06_FAKE_T1_O2.csv,DARK,RUN28,0,7
4/30/26,14:24,14:44,BLANK1_RUN28,T1,BLANK1_RUN28_T1,BLANK1_RUN28_T1_O2.csv,DARK,RUN28,1,8
4/30/26,14:24,14:44,B03_MONO,T1,B03_MONO_T1,B03_MONO_T1_O2.csv,DARK,RUN28,0,9
4/30/26,14:24,14:44,A03_6SP,T1,A03_6SP_T1,A03_6SP_T1_O2.csv,DARK,RUN28,0,10
4/30/26,15:03,16:07,BLANK2_RUN28,T1,BLANK2_RUN28_T1,BLANK2_RUN28_T1_O2.csv,LIGHT,RUN28,1,1
4/30/26,15:03,16:07,A01_6SP,T1,A01_6SP_T1,A01_6SP_T1_O2.csv,LIGHT,RUN28,0,2
4/30/26,15:03,16:07,A10_MONO,T1,A10_MONO_T1,A10_MONO_T1_O2.csv,LIGHT,RUN28,0,3
4/30/26,15:03,16:07,B09_6SP,T1,B09_6SP_T1,B09_6SP_T1_O2.csv,LIGHT,RUN28,0,4
4/30/26,15:03,16:07,B15_6SP,T1,B15_6SP_T1,B15_6SP_T1_O2.csv,LIGHT,RUN28,0,5
4/30/26,15:03,16:07,A14_6SP,T1,A14_6SP_T1,A14_6SP_T1_O2.csv,LIGHT,RUN28,0,6
4/30/26,15:03,16:07,A06_FAKE,T1,A06_FAKE_T1,A06_FAKE_T1_O2.csv,LIGHT,RUN28,0,7
4/30/26,15:03,16:07,BLANK1_RUN28,T1,BLANK1_RUN28_T1,BLANK1_RUN28_T1_O2.csv,LIGHT,RUN28,1,8
4/30/26,15:03,16:07,B03_MONO,T1,B03_MONO_T1,B03_MONO_T1_O2.csv,LIGHT,RUN28,0,9
4/30/26,15:03,16:07,A03_6SP,T1,A03_6SP_T1,A03_6SP_T1_O2.csv,LIGHT,RUN28,0,10