Time,DateTIme,HST_Time,  BV (Volts),  T (deg C),  DO (mg/l),  Q ()
1773796440,3/18/26 1:14,3/17/26 15:14,3.17,22.343,8.264,0.99
1773796560,3/18/26 1:16,3/17/26 15:16,3.16,22.744,8.159,0.99
1773796680,3/18/26 1:18,3/17/26 15:18,3.16,23.029,8.183,0.991
1773796800,3/18/26 1:20,3/17/26 15:20,3.16,23.716,7.922,0.992
1773796920,3/18/26 1:22,3/17/26 15:22,3.16,23.95,7.969,0.994
1773797040,3/18/26 1:24,3/17/26 15:24,3.16,24.143,7.799,0.993
1773797160,3/18/26 1:26,3/17/26 15:26,3.16,24.236,7.276,0.992
1773797280,3/18/26 1:28,3/17/26 15:28,3.16,24.277,7.167,0.992
1773797400,3/18/26 1:30,3/17/26 15:30,3.16,24.328,7.289,0.993
1773797520,3/18/26 1:32,3/17/26 15:32,3.16,24.37,7.159,0.992
1773797640,3/18/26 1:34,3/17/26 15:34,3.16,24.387,7.183,0.992
1773797760,3/18/26 1:36,3/17/26 15:36,3.16,24.412,7.253,0.993
1773797880,3/18/26 1:38,3/17/26 15:38,3.16,24.42,7.128,0.992
1773798000,3/18/26 1:40,3/17/26 15:40,3.17,24.437,7.227,0.993
1773798120,3/18/26 1:42,3/17/26 15:42,3.16,24.462,7.288,0.992
1773798240,3/18/26 1:44,3/17/26 15:44,3.16,24.462,7.326,0.993
1773798360,3/18/26 1:46,3/17/26 15:46,3.16,24.487,7.337,0.993
1773798480,3/18/26 1:48,3/17/26 15:48,3.16,24.47,7.471,0.993
1773798600,3/18/26 1:50,3/17/26 15:50,3.16,24.504,7.59,0.993
1773798720,3/18/26 1:52,3/17/26 15:52,3.16,24.487,7.537,0.993
1773798840,3/18/26 1:54,3/17/26 15:54,3.17,24.512,7.51,0.993
1773798960,3/18/26 1:56,3/17/26 15:56,3.17,24.538,7.446,0.993
1773799080,3/18/26 1:58,3/17/26 15:58,3.16,24.546,7.444,0.993
1773799200,3/18/26 2:00,3/17/26 16:00,3.16,24.58,7.564,0.993
1773799320,3/18/26 2:02,3/17/26 16:02,3.17,24.571,7.406,0.993
1773799440,3/18/26 2:04,3/17/26 16:04,3.16,24.571,7.528,0.993
1773799560,3/18/26 2:06,3/17/26 16:06,3.16,24.596,7.495,0.993
1773799680,3/18/26 2:08,3/17/26 16:08,3.16,24.58,7.579,0.993
1773799800,3/18/26 2:10,3/17/26 16:10,3.16,24.58,7.639,0.994
1773799920,3/18/26 2:12,3/17/26 16:12,3.16,24.613,7.634,0.994
1773800040,3/18/26 2:14,3/17/26 16:14,3.16,24.622,7.667,0.993
1773800160,3/18/26 2:16,3/17/26 16:16,3.16,24.613,7.67,0.993
1773800280,3/18/26 2:18,3/17/26 16:18,3.16,24.622,7.679,0.992
1773800400,3/18/26 2:20,3/17/26 16:20,3.16,24.622,7.707,0.994
1773800520,3/18/26 2:22,3/17/26 16:22,3.16,24.622,7.712,0.994
1773800640,3/18/26 2:24,3/17/26 16:24,3.16,24.605,7.721,0.994
1773800760,3/18/26 2:26,3/17/26 16:26,3.16,24.596,7.68,0.994
1773800880,3/18/26 2:28,3/17/26 16:28,3.16,24.622,7.663,0.994
1773801000,3/18/26 2:30,3/17/26 16:30,3.16,24.588,7.676,0.993
1773801120,3/18/26 2:32,3/17/26 16:32,3.17,24.588,7.664,0.993
1773801240,3/18/26 2:34,3/17/26 16:34,3.16,24.588,7.67,0.993
1773801360,3/18/26 2:36,3/17/26 16:36,3.16,24.58,7.68,0.994
1773801480,3/18/26 2:38,3/17/26 16:38,3.16,24.571,7.685,0.994
1773801600,3/18/26 2:40,3/17/26 16:40,3.16,24.588,7.681,0.993
1773801720,3/18/26 2:42,3/17/26 16:42,3.16,24.58,7.675,0.993
1773801840,3/18/26 2:44,3/17/26 16:44,3.17,24.596,7.702,0.994
1773801960,3/18/26 2:46,3/17/26 16:46,3.16,24.588,7.698,0.994
1773802080,3/18/26 2:48,3/17/26 16:48,3.16,24.58,7.688,0.993
1773802200,3/18/26 2:50,3/17/26 16:50,3.16,24.588,7.702,0.994
1773802320,3/18/26 2:52,3/17/26 16:52,3.16,24.58,7.708,0.993
1773802440,3/18/26 2:54,3/17/26 16:54,3.16,24.58,7.714,0.993
1773802560,3/18/26 2:56,3/17/26 16:56,3.17,24.571,7.705,0.993
1773802680,3/18/26 2:58,3/17/26 16:58,3.16,24.563,7.726,0.994
1773802800,3/18/26 3:00,3/17/26 17:00,3.17,24.563,7.712,0.993
1773802920,3/18/26 3:02,3/17/26 17:02,3.16,24.563,7.695,0.993
1773803040,3/18/26 3:04,3/17/26 17:04,3.16,24.563,7.699,0.993
1773803160,3/18/26 3:06,3/17/26 17:06,3.17,24.554,7.694,0.993
1773803280,3/18/26 3:08,3/17/26 17:08,3.17,24.538,7.689,0.994
1773803400,3/18/26 3:10,3/17/26 17:10,3.16,24.554,7.641,0.993
1773803520,3/18/26 3:12,3/17/26 17:12,3.17,24.538,7.617,0.993
1773803640,3/18/26 3:14,3/17/26 17:14,3.16,24.538,7.583,0.993
1773803760,3/18/26 3:16,3/17/26 17:16,3.16,24.538,7.575,0.994
1773803880,3/18/26 3:18,3/17/26 17:18,3.16,24.538,7.555,0.993
1773804000,3/18/26 3:20,3/17/26 17:20,3.16,24.529,7.54,0.993
1773804120,3/18/26 3:22,3/17/26 17:22,3.17,24.521,7.525,0.993
1773804240,3/18/26 3:24,3/17/26 17:24,3.17,24.504,7.545,0.993
1773804360,3/18/26 3:26,3/17/26 17:26,3.17,24.504,7.527,0.993
1773804480,3/18/26 3:28,3/17/26 17:28,3.17,24.512,7.545,0.993
1773804600,3/18/26 3:30,3/17/26 17:30,3.16,24.496,7.584,0.993
1773804720,3/18/26 3:32,3/17/26 17:32,3.17,24.504,7.576,0.993
1773804840,3/18/26 3:34,3/17/26 17:34,3.16,24.504,7.58,0.994
1773804960,3/18/26 3:36,3/17/26 17:36,3.16,24.496,7.568,0.993
1773805080,3/18/26 3:38,3/17/26 17:38,3.17,24.512,7.55,0.993
1773805200,3/18/26 3:40,3/17/26 17:40,3.16,24.512,7.556,0.993
1773805320,3/18/26 3:42,3/17/26 17:42,3.16,24.512,7.562,0.993
1773805440,3/18/26 3:44,3/17/26 17:44,3.16,24.529,7.575,0.993
1773805560,3/18/26 3:46,3/17/26 17:46,3.17,24.512,7.605,0.994
1773805680,3/18/26 3:48,3/17/26 17:48,3.16,24.521,7.601,0.993
1773805800,3/18/26 3:50,3/17/26 17:50,3.16,24.512,7.619,0.993
1773805920,3/18/26 3:52,3/17/26 17:52,3.17,24.512,7.614,0.994
1773806040,3/18/26 3:54,3/17/26 17:54,3.16,24.504,7.607,0.994
1773806160,3/18/26 3:56,3/17/26 17:56,3.16,24.496,7.636,0.994
1773806280,3/18/26 3:58,3/17/26 17:58,3.17,24.496,7.674,0.994
1773806400,3/18/26 4:00,3/17/26 18:00,3.17,24.512,7.696,0.994
1773806520,3/18/26 4:02,3/17/26 18:02,3.17,24.487,7.698,0.993
1773806640,3/18/26 4:04,3/17/26 18:04,3.17,24.479,7.691,0.993
1773806760,3/18/26 4:06,3/17/26 18:06,3.16,24.47,7.694,0.994
1773806880,3/18/26 4:08,3/17/26 18:08,3.17,24.487,7.664,0.993
1773807000,3/18/26 4:10,3/17/26 18:10,3.17,24.496,7.657,0.993
1773807120,3/18/26 4:12,3/17/26 18:12,3.17,24.479,7.672,0.994
1773807240,3/18/26 4:14,3/17/26 18:14,3.17,24.462,7.657,0.993
1773807360,3/18/26 4:16,3/17/26 18:16,3.16,24.462,7.656,0.994
1773807480,3/18/26 4:18,3/17/26 18:18,3.17,24.462,7.654,0.993
1773807600,3/18/26 4:20,3/17/26 18:20,3.17,24.47,7.656,0.993
1773807720,3/18/26 4:22,3/17/26 18:22,3.16,24.445,7.677,0.994
1773807840,3/18/26 4:24,3/17/26 18:24,3.17,24.454,7.664,0.993
1773807960,3/18/26 4:26,3/17/26 18:26,3.17,24.462,7.655,0.993
1773808080,3/18/26 4:28,3/17/26 18:28,3.17,24.454,7.649,0.993
1773808200,3/18/26 4:30,3/17/26 18:30,3.17,24.454,7.633,0.993
1773808320,3/18/26 4:32,3/17/26 18:32,3.17,24.454,7.616,0.994
1773808440,3/18/26 4:34,3/17/26 18:34,3.17,24.462,7.583,0.993
1773808560,3/18/26 4:36,3/17/26 18:36,3.16,24.445,7.578,0.994
1773808680,3/18/26 4:38,3/17/26 18:38,3.17,24.454,7.574,0.993
1773808800,3/18/26 4:40,3/17/26 18:40,3.17,24.437,7.573,0.993
1773808920,3/18/26 4:42,3/17/26 18:42,3.17,24.454,7.555,0.992
1773809040,3/18/26 4:44,3/17/26 18:44,3.17,24.445,7.563,0.993
1773809160,3/18/26 4:46,3/17/26 18:46,3.16,24.445,7.563,0.993
1773809280,3/18/26 4:48,3/17/26 18:48,3.17,24.445,7.561,0.993
1773809400,3/18/26 4:50,3/17/26 18:50,3.16,24.454,7.552,0.993
1773809520,3/18/26 4:52,3/17/26 18:52,3.16,24.437,7.56,0.993
1773809640,3/18/26 4:54,3/17/26 18:54,3.17,24.437,7.557,0.993
1773809760,3/18/26 4:56,3/17/26 18:56,3.17,24.437,7.582,0.994
1773809880,3/18/26 4:58,3/17/26 18:58,3.16,24.445,7.582,0.993
1773810000,3/18/26 5:00,3/17/26 19:00,3.16,24.42,7.603,0.993
1773810120,3/18/26 5:02,3/17/26 19:02,3.16,24.437,7.617,0.993
1773810240,3/18/26 5:04,3/17/26 19:04,3.17,24.462,7.614,0.993
1773810360,3/18/26 5:06,3/17/26 19:06,3.16,24.437,7.651,0.994
1773810480,3/18/26 5:08,3/17/26 19:08,3.17,24.429,7.646,0.993
1773810600,3/18/26 5:10,3/17/26 19:10,3.16,24.437,7.641,0.993
1773810720,3/18/26 5:12,3/17/26 19:12,3.16,24.429,7.628,0.993
1773810840,3/18/26 5:14,3/17/26 19:14,3.17,24.454,7.615,0.994
1773810960,3/18/26 5:16,3/17/26 19:16,3.17,24.437,7.593,0.993
1773811080,3/18/26 5:18,3/17/26 19:18,3.16,24.445,7.567,0.993
1773811200,3/18/26 5:20,3/17/26 19:20,3.16,24.445,7.524,0.993
1773811320,3/18/26 5:22,3/17/26 19:22,3.17,24.437,7.492,0.993
1773811440,3/18/26 5:24,3/17/26 19:24,3.16,24.445,7.459,0.993
1773811560,3/18/26 5:26,3/17/26 19:26,3.17,24.445,7.446,0.994
1773811680,3/18/26 5:28,3/17/26 19:28,3.17,24.462,7.401,0.993
1773811800,3/18/26 5:30,3/17/26 19:30,3.16,24.445,7.382,0.993
1773811920,3/18/26 5:32,3/17/26 19:32,3.17,24.445,7.37,0.993
1773812040,3/18/26 5:34,3/17/26 19:34,3.17,24.454,7.351,0.993
1773812160,3/18/26 5:36,3/17/26 19:36,3.16,24.445,7.362,0.994
1773812280,3/18/26 5:38,3/17/26 19:38,3.16,24.437,7.372,0.993
1773812400,3/18/26 5:40,3/17/26 19:40,3.16,24.429,7.38,0.993
1773812520,3/18/26 5:42,3/17/26 19:42,3.16,24.437,7.38,0.993
1773812640,3/18/26 5:44,3/17/26 19:44,3.16,24.437,7.391,0.993
1773812760,3/18/26 5:46,3/17/26 19:46,3.16,24.437,7.431,0.993
1773812880,3/18/26 5:48,3/17/26 19:48,3.17,24.445,7.472,0.993
1773813000,3/18/26 5:50,3/17/26 19:50,3.16,24.445,7.51,0.994
1773813120,3/18/26 5:52,3/17/26 19:52,3.17,24.437,7.533,0.993
1773813240,3/18/26 5:54,3/17/26 19:54,3.16,24.454,7.561,0.993
1773813360,3/18/26 5:56,3/17/26 19:56,3.16,24.437,7.583,0.993
1773813480,3/18/26 5:58,3/17/26 19:58,3.16,24.462,7.587,0.993
1773813600,3/18/26 6:00,3/17/26 20:00,3.16,24.437,7.618,0.994
1773813720,3/18/26 6:02,3/17/26 20:02,3.16,24.437,7.632,0.993
1773813840,3/18/26 6:04,3/17/26 20:04,3.16,24.445,7.659,0.993
1773813960,3/18/26 6:06,3/17/26 20:06,3.16,24.429,7.711,0.993
1773814080,3/18/26 6:08,3/17/26 20:08,3.16,24.437,7.762,0.994
1773814200,3/18/26 6:10,3/17/26 20:10,3.16,24.445,7.802,0.994
1773814320,3/18/26 6:12,3/17/26 20:12,3.16,24.437,7.843,0.994
1773814440,3/18/26 6:14,3/17/26 20:14,3.17,24.437,7.855,0.994
1773814560,3/18/26 6:16,3/17/26 20:16,3.17,24.454,7.855,0.994
1773814680,3/18/26 6:18,3/17/26 20:18,3.17,24.454,7.856,0.994
1773814800,3/18/26 6:20,3/17/26 20:20,3.16,24.445,7.852,0.994
1773814920,3/18/26 6:22,3/17/26 20:22,3.16,24.454,7.889,0.995
1773815040,3/18/26 6:24,3/17/26 20:24,3.16,24.437,7.858,0.994
1773815160,3/18/26 6:26,3/17/26 20:26,3.16,24.437,7.837,0.993
1773815280,3/18/26 6:28,3/17/26 20:28,3.16,24.454,7.836,0.995
1773815400,3/18/26 6:30,3/17/26 20:30,3.16,24.445,7.8,0.993
1773815520,3/18/26 6:32,3/17/26 20:32,3.16,24.462,7.784,0.994
1773815640,3/18/26 6:34,3/17/26 20:34,3.16,24.437,7.777,0.994
1773815760,3/18/26 6:36,3/17/26 20:36,3.16,24.462,7.776,0.994
1773815880,3/18/26 6:38,3/17/26 20:38,3.16,24.437,7.792,0.994
1773816000,3/18/26 6:40,3/17/26 20:40,3.16,24.445,7.802,0.994
1773816120,3/18/26 6:42,3/17/26 20:42,3.16,24.445,7.792,0.993
1773816240,3/18/26 6:44,3/17/26 20:44,3.16,24.445,7.762,0.994
1773816360,3/18/26 6:46,3/17/26 20:46,3.16,24.454,7.724,0.993
1773816480,3/18/26 6:48,3/17/26 20:48,3.16,24.445,7.713,0.994
1773816600,3/18/26 6:50,3/17/26 20:50,3.16,24.437,7.721,0.994
1773816720,3/18/26 6:52,3/17/26 20:52,3.16,24.454,7.745,0.994
1773816840,3/18/26 6:54,3/17/26 20:54,3.16,24.462,7.772,0.993
1773816960,3/18/26 6:56,3/17/26 20:56,3.16,24.462,7.816,0.993
1773817080,3/18/26 6:58,3/17/26 20:58,3.16,24.445,7.847,0.993
1773817200,3/18/26 7:00,3/17/26 21:00,3.16,24.462,7.87,0.994
1773817320,3/18/26 7:02,3/17/26 21:02,3.16,24.437,7.882,0.993
1773817440,3/18/26 7:04,3/17/26 21:04,3.16,24.437,7.896,0.994
1773817560,3/18/26 7:06,3/17/26 21:06,3.16,24.462,7.884,0.994
1773817680,3/18/26 7:08,3/17/26 21:08,3.16,24.437,7.896,0.994
1773817800,3/18/26 7:10,3/17/26 21:10,3.16,24.437,7.908,0.994
1773817920,3/18/26 7:12,3/17/26 21:12,3.16,24.437,7.901,0.994
1773818040,3/18/26 7:14,3/17/26 21:14,3.16,24.454,7.9,0.994
1773818160,3/18/26 7:16,3/17/26 21:16,3.16,24.445,7.901,0.994
1773818280,3/18/26 7:18,3/17/26 21:18,3.16,24.437,7.909,0.994
1773818400,3/18/26 7:20,3/17/26 21:20,3.16,24.454,7.885,0.994
1773818520,3/18/26 7:22,3/17/26 21:22,3.16,24.47,7.863,0.993
1773818640,3/18/26 7:24,3/17/26 21:24,3.16,24.454,7.834,0.993
1773818760,3/18/26 7:26,3/17/26 21:26,3.16,24.445,7.816,0.994
1773818880,3/18/26 7:28,3/17/26 21:28,3.16,24.437,7.797,0.994
1773819000,3/18/26 7:30,3/17/26 21:30,3.16,24.445,7.78,0.993
1773819120,3/18/26 7:32,3/17/26 21:32,3.16,24.437,7.794,0.994
1773819240,3/18/26 7:34,3/17/26 21:34,3.16,24.437,7.802,0.994
1773819360,3/18/26 7:36,3/17/26 21:36,3.16,24.445,7.771,0.993
1773819480,3/18/26 7:38,3/17/26 21:38,3.16,24.445,7.751,0.993
1773819600,3/18/26 7:40,3/17/26 21:40,3.16,24.454,7.724,0.993
1773819720,3/18/26 7:42,3/17/26 21:42,3.16,24.437,7.716,0.994
1773819840,3/18/26 7:44,3/17/26 21:44,3.16,24.445,7.695,0.994
1773819960,3/18/26 7:46,3/17/26 21:46,3.16,24.437,7.656,0.993
1773820080,3/18/26 7:48,3/17/26 21:48,3.16,24.437,7.605,0.993
1773820200,3/18/26 7:50,3/17/26 21:50,3.16,24.42,7.534,0.993
1773820320,3/18/26 7:52,3/17/26 21:52,3.16,24.454,7.451,0.993
1773820440,3/18/26 7:54,3/17/26 21:54,3.16,24.429,7.441,0.993
1773820560,3/18/26 7:56,3/17/26 21:56,3.16,24.429,7.424,0.993
1773820680,3/18/26 7:58,3/17/26 21:58,3.16,24.437,7.425,0.994
1773820800,3/18/26 8:00,3/17/26 22:00,3.16,24.42,7.419,0.994
1773820920,3/18/26 8:02,3/17/26 22:02,3.16,24.445,7.393,0.993
1773821040,3/18/26 8:04,3/17/26 22:04,3.16,24.445,7.394,0.994
1773821160,3/18/26 8:06,3/17/26 22:06,3.16,24.437,7.398,0.994
1773821280,3/18/26 8:08,3/17/26 22:08,3.16,24.429,7.386,0.993
1773821400,3/18/26 8:10,3/17/26 22:10,3.16,24.445,7.411,0.993
1773821520,3/18/26 8:12,3/17/26 22:12,3.16,24.445,7.459,0.993
1773821640,3/18/26 8:14,3/17/26 22:14,3.16,24.445,7.482,0.994
1773821760,3/18/26 8:16,3/17/26 22:16,3.16,24.437,7.473,0.993
1773821880,3/18/26 8:18,3/17/26 22:18,3.16,24.429,7.477,0.993
1773822000,3/18/26 8:20,3/17/26 22:20,3.16,24.445,7.462,0.993
1773822120,3/18/26 8:22,3/17/26 22:22,3.16,24.437,7.446,0.994
1773822240,3/18/26 8:24,3/17/26 22:24,3.16,24.445,7.428,0.993
1773822360,3/18/26 8:26,3/17/26 22:26,3.16,24.429,7.413,0.993
1773822480,3/18/26 8:28,3/17/26 22:28,3.16,24.437,7.408,0.993
1773822600,3/18/26 8:30,3/17/26 22:30,3.16,24.445,7.407,0.993
1773822720,3/18/26 8:32,3/17/26 22:32,3.16,24.412,7.429,0.993
1773822840,3/18/26 8:34,3/17/26 22:34,3.16,24.429,7.427,0.993
1773822960,3/18/26 8:36,3/17/26 22:36,3.16,24.445,7.414,0.993
1773823080,3/18/26 8:38,3/17/26 22:38,3.16,24.429,7.415,0.994
1773823200,3/18/26 8:40,3/17/26 22:40,3.16,24.454,7.393,0.994
1773823320,3/18/26 8:42,3/17/26 22:42,3.16,24.445,7.365,0.993
1773823440,3/18/26 8:44,3/17/26 22:44,3.16,24.445,7.377,0.993
1773823560,3/18/26 8:46,3/17/26 22:46,3.16,24.454,7.381,0.993
1773823680,3/18/26 8:48,3/17/26 22:48,3.16,24.445,7.409,0.993
1773823800,3/18/26 8:50,3/17/26 22:50,3.16,24.429,7.425,0.993
1773823920,3/18/26 8:52,3/17/26 22:52,3.16,24.445,7.397,0.993
1773824040,3/18/26 8:54,3/17/26 22:54,3.16,24.437,7.403,0.994
1773824160,3/18/26 8:56,3/17/26 22:56,3.16,24.437,7.39,0.993
1773824280,3/18/26 8:58,3/17/26 22:58,3.16,24.445,7.377,0.993
1773824400,3/18/26 9:00,3/17/26 23:00,3.16,24.437,7.377,0.993
1773824520,3/18/26 9:02,3/17/26 23:02,3.16,24.429,7.383,0.993
1773824640,3/18/26 9:04,3/17/26 23:04,3.16,24.429,7.369,0.993
1773824760,3/18/26 9:06,3/17/26 23:06,3.16,24.429,7.355,0.993
1773824880,3/18/26 9:08,3/17/26 23:08,3.16,24.437,7.366,0.993
1773825000,3/18/26 9:10,3/17/26 23:10,3.16,24.445,7.363,0.993
1773825120,3/18/26 9:12,3/17/26 23:12,3.16,24.445,7.339,0.993
1773825240,3/18/26 9:14,3/17/26 23:14,3.16,24.454,7.305,0.993
1773825360,3/18/26 9:16,3/17/26 23:16,3.16,24.445,7.304,0.993
1773825480,3/18/26 9:18,3/17/26 23:18,3.16,24.445,7.296,0.993
1773825600,3/18/26 9:20,3/17/26 23:20,3.16,24.437,7.298,0.994
1773825720,3/18/26 9:22,3/17/26 23:22,3.16,24.445,7.291,0.993
1773825840,3/18/26 9:24,3/17/26 23:24,3.16,24.454,7.296,0.993
1773825960,3/18/26 9:26,3/17/26 23:26,3.16,24.445,7.302,0.993
1773826080,3/18/26 9:28,3/17/26 23:28,3.16,24.445,7.321,0.994
1773826200,3/18/26 9:30,3/17/26 23:30,3.16,24.445,7.34,0.993
1773826320,3/18/26 9:32,3/17/26 23:32,3.16,24.437,7.348,0.993
1773826440,3/18/26 9:34,3/17/26 23:34,3.16,24.454,7.347,0.992
1773826560,3/18/26 9:36,3/17/26 23:36,3.16,24.437,7.374,0.993
1773826680,3/18/26 9:38,3/17/26 23:38,3.16,24.445,7.382,0.993
1773826800,3/18/26 9:40,3/17/26 23:40,3.16,24.454,7.407,0.994
1773826920,3/18/26 9:42,3/17/26 23:42,3.16,24.429,7.421,0.993
1773827040,3/18/26 9:44,3/17/26 23:44,3.16,24.445,7.417,0.994
1773827160,3/18/26 9:46,3/17/26 23:46,3.16,24.454,7.399,0.993
1773827280,3/18/26 9:48,3/17/26 23:48,3.16,24.445,7.402,0.994
1773827400,3/18/26 9:50,3/17/26 23:50,3.16,24.437,7.381,0.993
1773827520,3/18/26 9:52,3/17/26 23:52,3.16,24.445,7.37,0.993
1773827640,3/18/26 9:54,3/17/26 23:54,3.16,24.437,7.358,0.992
1773827760,3/18/26 9:56,3/17/26 23:56,3.16,24.445,7.362,0.993
1773827880,3/18/26 9:58,3/17/26 23:58,3.16,24.429,7.363,0.993
1773828000,3/18/26 10:00,3/18/26 0:00,3.16,24.429,7.389,0.994
1773828120,3/18/26 10:02,3/18/26 0:02,3.16,24.445,7.393,0.993
1773828240,3/18/26 10:04,3/18/26 0:04,3.16,24.445,7.394,0.993
1773828360,3/18/26 10:06,3/18/26 0:06,3.16,24.437,7.394,0.993
1773828480,3/18/26 10:08,3/18/26 0:08,3.16,24.454,7.38,0.993
1773828600,3/18/26 10:10,3/18/26 0:10,3.16,24.445,7.366,0.993
1773828720,3/18/26 10:12,3/18/26 0:12,3.16,24.445,7.358,0.993
1773828840,3/18/26 10:14,3/18/26 0:14,3.16,24.445,7.341,0.993
1773828960,3/18/26 10:16,3/18/26 0:16,3.16,24.437,7.35,0.993
1773829080,3/18/26 10:18,3/18/26 0:18,3.16,24.454,7.364,0.993
1773829200,3/18/26 10:20,3/18/26 0:20,3.16,24.454,7.369,0.993
1773829320,3/18/26 10:22,3/18/26 0:22,3.16,24.437,7.375,0.993
1773829440,3/18/26 10:24,3/18/26 0:24,3.16,24.429,7.385,0.993
1773829560,3/18/26 10:26,3/18/26 0:26,3.16,24.445,7.379,0.993
1773829680,3/18/26 10:28,3/18/26 0:28,3.16,24.429,7.389,0.993
1773829800,3/18/26 10:30,3/18/26 0:30,3.16,24.445,7.383,0.993
1773829920,3/18/26 10:32,3/18/26 0:32,3.16,24.454,7.392,0.993
1773830040,3/18/26 10:34,3/18/26 0:34,3.16,24.437,7.4,0.993
1773830160,3/18/26 10:36,3/18/26 0:36,3.16,24.445,7.398,0.993
1773830280,3/18/26 10:38,3/18/26 0:38,3.16,24.429,7.41,0.994
1773830400,3/18/26 10:40,3/18/26 0:40,3.16,24.437,7.389,0.993
1773830520,3/18/26 10:42,3/18/26 0:42,3.16,24.445,7.379,0.993
1773830640,3/18/26 10:44,3/18/26 0:44,3.16,24.437,7.376,0.993
1773830760,3/18/26 10:46,3/18/26 0:46,3.16,24.437,7.381,0.993
1773830880,3/18/26 10:48,3/18/26 0:48,3.16,24.437,7.394,0.993
1773831000,3/18/26 10:50,3/18/26 0:50,3.16,24.429,7.42,0.994
1773831120,3/18/26 10:52,3/18/26 0:52,3.16,24.437,7.436,0.993
1773831240,3/18/26 10:54,3/18/26 0:54,3.16,24.437,7.449,0.993
1773831360,3/18/26 10:56,3/18/26 0:56,3.16,24.429,7.458,0.994
1773831480,3/18/26 10:58,3/18/26 0:58,3.16,24.42,7.451,0.993
1773831600,3/18/26 11:00,3/18/26 1:00,3.16,24.42,7.43,0.993
1773831720,3/18/26 11:02,3/18/26 1:02,3.16,24.42,7.446,0.994
1773831840,3/18/26 11:04,3/18/26 1:04,3.16,24.42,7.435,0.994
1773831960,3/18/26 11:06,3/18/26 1:06,3.16,24.42,7.431,0.993
1773832080,3/18/26 11:08,3/18/26 1:08,3.16,24.437,7.4,0.992
1773832200,3/18/26 11:10,3/18/26 1:10,3.16,24.429,7.391,0.994
1773832320,3/18/26 11:12,3/18/26 1:12,3.16,24.42,7.366,0.994
1773832440,3/18/26 11:14,3/18/26 1:14,3.16,24.403,7.325,0.993
1773832560,3/18/26 11:16,3/18/26 1:16,3.16,24.429,7.298,0.993
1773832680,3/18/26 11:18,3/18/26 1:18,3.16,24.412,7.301,0.994
1773832800,3/18/26 11:20,3/18/26 1:20,3.16,24.429,7.285,0.993
1773832920,3/18/26 11:22,3/18/26 1:22,3.16,24.412,7.299,0.993
1773833040,3/18/26 11:24,3/18/26 1:24,3.16,24.429,7.308,0.993
1773833160,3/18/26 11:26,3/18/26 1:26,3.16,24.412,7.311,0.993
1773833280,3/18/26 11:28,3/18/26 1:28,3.16,24.429,7.299,0.993
1773833400,3/18/26 11:30,3/18/26 1:30,3.16,24.42,7.313,0.993
1773833520,3/18/26 11:32,3/18/26 1:32,3.16,24.42,7.326,0.994
1773833640,3/18/26 11:34,3/18/26 1:34,3.16,24.412,7.325,0.993
1773833760,3/18/26 11:36,3/18/26 1:36,3.16,24.412,7.331,0.993
1773833880,3/18/26 11:38,3/18/26 1:38,3.16,24.412,7.332,0.994
1773834000,3/18/26 11:40,3/18/26 1:40,3.16,24.429,7.32,0.993
1773834120,3/18/26 11:42,3/18/26 1:42,3.16,24.412,7.303,0.993
1773834240,3/18/26 11:44,3/18/26 1:44,3.16,24.412,7.288,0.993
1773834360,3/18/26 11:46,3/18/26 1:46,3.16,24.42,7.29,0.993
1773834480,3/18/26 11:48,3/18/26 1:48,3.16,24.429,7.301,0.994
1773834600,3/18/26 11:50,3/18/26 1:50,3.16,24.42,7.308,0.994
1773834720,3/18/26 11:52,3/18/26 1:52,3.16,24.412,7.321,0.993
1773834840,3/18/26 11:54,3/18/26 1:54,3.16,24.42,7.366,0.994
1773834960,3/18/26 11:56,3/18/26 1:56,3.16,24.412,7.398,0.993
1773835080,3/18/26 11:58,3/18/26 1:58,3.16,24.42,7.407,0.994
1773835200,3/18/26 12:00,3/18/26 2:00,3.16,24.42,7.424,0.994
1773835320,3/18/26 12:02,3/18/26 2:02,3.16,24.412,7.426,0.992
1773835440,3/18/26 12:04,3/18/26 2:04,3.16,24.412,7.447,0.993
1773835560,3/18/26 12:06,3/18/26 2:06,3.16,24.395,7.451,0.993
1773835680,3/18/26 12:08,3/18/26 2:08,3.16,24.42,7.441,0.993
1773835800,3/18/26 12:10,3/18/26 2:10,3.16,24.429,7.453,0.994
1773835920,3/18/26 12:12,3/18/26 2:12,3.16,24.429,7.46,0.994
1773836040,3/18/26 12:14,3/18/26 2:14,3.16,24.403,7.451,0.993
1773836160,3/18/26 12:16,3/18/26 2:16,3.16,24.42,7.432,0.993
1773836280,3/18/26 12:18,3/18/26 2:18,3.16,24.412,7.446,0.994
1773836400,3/18/26 12:20,3/18/26 2:20,3.16,24.412,7.466,0.994
1773836520,3/18/26 12:22,3/18/26 2:22,3.16,24.412,7.464,0.993
1773836640,3/18/26 12:24,3/18/26 2:24,3.16,24.412,7.493,0.994
1773836760,3/18/26 12:26,3/18/26 2:26,3.16,24.412,7.506,0.994
1773836880,3/18/26 12:28,3/18/26 2:28,3.16,24.403,7.514,0.993
1773837000,3/18/26 12:30,3/18/26 2:30,3.16,24.412,7.522,0.993
1773837120,3/18/26 12:32,3/18/26 2:32,3.16,24.429,7.523,0.994
1773837240,3/18/26 12:34,3/18/26 2:34,3.16,24.42,7.51,0.993
1773837360,3/18/26 12:36,3/18/26 2:36,3.16,24.403,7.536,0.994
1773837480,3/18/26 12:38,3/18/26 2:38,3.16,24.412,7.521,0.993
1773837600,3/18/26 12:40,3/18/26 2:40,3.16,24.403,7.521,0.993
1773837720,3/18/26 12:42,3/18/26 2:42,3.16,24.42,7.514,0.993
1773837840,3/18/26 12:44,3/18/26 2:44,3.16,24.403,7.508,0.993
1773837960,3/18/26 12:46,3/18/26 2:46,3.16,24.403,7.508,0.993
1773838080,3/18/26 12:48,3/18/26 2:48,3.16,24.412,7.506,0.994
1773838200,3/18/26 12:50,3/18/26 2:50,3.16,24.412,7.486,0.993
1773838320,3/18/26 12:52,3/18/26 2:52,3.16,24.395,7.474,0.993
1773838440,3/18/26 12:54,3/18/26 2:54,3.16,24.403,7.456,0.993
1773838560,3/18/26 12:56,3/18/26 2:56,3.16,24.412,7.451,0.993
1773838680,3/18/26 12:58,3/18/26 2:58,3.16,24.395,7.477,0.993
1773838800,3/18/26 13:00,3/18/26 3:00,3.16,24.403,7.497,0.994
1773838920,3/18/26 13:02,3/18/26 3:02,3.16,24.403,7.516,0.993
1773839040,3/18/26 13:04,3/18/26 3:04,3.16,24.403,7.525,0.993
1773839160,3/18/26 13:06,3/18/26 3:06,3.16,24.42,7.544,0.993
1773839280,3/18/26 13:08,3/18/26 3:08,3.16,24.412,7.565,0.994
1773839400,3/18/26 13:10,3/18/26 3:10,3.16,24.412,7.557,0.993
1773839520,3/18/26 13:12,3/18/26 3:12,3.16,24.403,7.554,0.993
1773839640,3/18/26 13:14,3/18/26 3:14,3.16,24.403,7.546,0.993
1773839760,3/18/26 13:16,3/18/26 3:16,3.16,24.395,7.538,0.993
1773839880,3/18/26 13:18,3/18/26 3:18,3.16,24.412,7.526,0.993
1773840000,3/18/26 13:20,3/18/26 3:20,3.16,24.412,7.528,0.994
1773840120,3/18/26 13:22,3/18/26 3:22,3.16,24.42,7.519,0.994
1773840240,3/18/26 13:24,3/18/26 3:24,3.16,24.403,7.517,0.993
1773840360,3/18/26 13:26,3/18/26 3:26,3.16,24.403,7.518,0.993
1773840480,3/18/26 13:28,3/18/26 3:28,3.16,24.387,7.514,0.993
1773840600,3/18/26 13:30,3/18/26 3:30,3.16,24.378,7.515,0.993
1773840720,3/18/26 13:32,3/18/26 3:32,3.16,24.395,7.523,0.993
1773840840,3/18/26 13:34,3/18/26 3:34,3.16,24.387,7.524,0.993
1773840960,3/18/26 13:36,3/18/26 3:36,3.16,24.387,7.513,0.994
1773841080,3/18/26 13:38,3/18/26 3:38,3.16,24.378,7.51,0.993
1773841200,3/18/26 13:40,3/18/26 3:40,3.16,24.387,7.505,0.993
1773841320,3/18/26 13:42,3/18/26 3:42,3.16,24.387,7.508,0.994
1773841440,3/18/26 13:44,3/18/26 3:44,3.16,24.387,7.485,0.993
1773841560,3/18/26 13:46,3/18/26 3:46,3.16,24.387,7.478,0.993
1773841680,3/18/26 13:48,3/18/26 3:48,3.16,24.403,7.469,0.993
1773841800,3/18/26 13:50,3/18/26 3:50,3.16,24.387,7.496,0.993
1773841920,3/18/26 13:52,3/18/26 3:52,3.16,24.378,7.475,0.994
1773842040,3/18/26 13:54,3/18/26 3:54,3.16,24.403,7.443,0.994
1773842160,3/18/26 13:56,3/18/26 3:56,3.16,24.395,7.418,0.993
1773842280,3/18/26 13:58,3/18/26 3:58,3.16,24.403,7.41,0.993
1773842400,3/18/26 14:00,3/18/26 4:00,3.16,24.395,7.406,0.993
1773842520,3/18/26 14:02,3/18/26 4:02,3.16,24.387,7.389,0.993
1773842640,3/18/26 14:04,3/18/26 4:04,3.16,24.387,7.363,0.994
1773842760,3/18/26 14:06,3/18/26 4:06,3.16,24.387,7.359,0.993
1773842880,3/18/26 14:08,3/18/26 4:08,3.16,24.395,7.378,0.993
1773843000,3/18/26 14:10,3/18/26 4:10,3.16,24.387,7.398,0.992
1773843120,3/18/26 14:12,3/18/26 4:12,3.16,24.378,7.408,0.993
1773843240,3/18/26 14:14,3/18/26 4:14,3.16,24.37,7.419,0.994
1773843360,3/18/26 14:16,3/18/26 4:16,3.16,24.395,7.396,0.993
1773843480,3/18/26 14:18,3/18/26 4:18,3.16,24.387,7.404,0.993
1773843600,3/18/26 14:20,3/18/26 4:20,3.16,24.378,7.403,0.994
1773843720,3/18/26 14:22,3/18/26 4:22,3.16,24.37,7.391,0.993
1773843840,3/18/26 14:24,3/18/26 4:24,3.16,24.395,7.382,0.994
1773843960,3/18/26 14:26,3/18/26 4:26,3.16,24.395,7.36,0.993
1773844080,3/18/26 14:28,3/18/26 4:28,3.16,24.403,7.352,0.994
1773844200,3/18/26 14:30,3/18/26 4:30,3.16,24.403,7.336,0.994
1773844320,3/18/26 14:32,3/18/26 4:32,3.16,24.387,7.315,0.993
1773844440,3/18/26 14:34,3/18/26 4:34,3.16,24.395,7.285,0.993
1773844560,3/18/26 14:36,3/18/26 4:36,3.16,24.42,7.26,0.993
1773844680,3/18/26 14:38,3/18/26 4:38,3.16,24.42,7.237,0.994
1773844800,3/18/26 14:40,3/18/26 4:40,3.16,24.42,7.207,0.993
1773844920,3/18/26 14:42,3/18/26 4:42,3.16,24.429,7.175,0.993
1773845040,3/18/26 14:44,3/18/26 4:44,3.16,24.42,7.159,0.993
1773845160,3/18/26 14:46,3/18/26 4:46,3.16,24.42,7.146,0.993
1773845280,3/18/26 14:48,3/18/26 4:48,3.16,24.437,7.15,0.993
1773845400,3/18/26 14:50,3/18/26 4:50,3.16,24.429,7.152,0.993
1773845520,3/18/26 14:52,3/18/26 4:52,3.16,24.42,7.218,0.993
1773845640,3/18/26 14:54,3/18/26 4:54,3.16,24.429,7.197,0.993
1773845760,3/18/26 14:56,3/18/26 4:56,3.16,24.445,7.183,0.993
1773845880,3/18/26 14:58,3/18/26 4:58,3.16,24.429,7.179,0.993
1773846000,3/18/26 15:00,3/18/26 5:00,3.16,24.437,7.179,0.994
1773846120,3/18/26 15:02,3/18/26 5:02,3.16,24.429,7.178,0.994
1773846240,3/18/26 15:04,3/18/26 5:04,3.16,24.429,7.172,0.994
1773846360,3/18/26 15:06,3/18/26 5:06,3.16,24.437,7.167,0.994
1773846480,3/18/26 15:08,3/18/26 5:08,3.16,24.42,7.145,0.993
1773846600,3/18/26 15:10,3/18/26 5:10,3.16,24.445,7.127,0.993
1773846720,3/18/26 15:12,3/18/26 5:12,3.16,24.437,7.098,0.993
1773846840,3/18/26 15:14,3/18/26 5:14,3.16,24.437,7.076,0.992
1773846960,3/18/26 15:16,3/18/26 5:16,3.16,24.42,7.081,0.993
1773847080,3/18/26 15:18,3/18/26 5:18,3.16,24.437,7.074,0.993
1773847200,3/18/26 15:20,3/18/26 5:20,3.16,24.445,7.08,0.993
1773847320,3/18/26 15:22,3/18/26 5:22,3.16,24.437,7.099,0.994
1773847440,3/18/26 15:24,3/18/26 5:24,3.16,24.437,7.119,0.993
1773847560,3/18/26 15:26,3/18/26 5:26,3.16,24.412,7.155,0.993
1773847680,3/18/26 15:28,3/18/26 5:28,3.16,24.429,7.177,0.993
1773847800,3/18/26 15:30,3/18/26 5:30,3.16,24.42,7.186,0.993
1773847920,3/18/26 15:32,3/18/26 5:32,3.16,24.429,7.185,0.993
1773848040,3/18/26 15:34,3/18/26 5:34,3.16,24.412,7.215,0.993
1773848160,3/18/26 15:36,3/18/26 5:36,3.16,24.42,7.205,0.993
1773848280,3/18/26 15:38,3/18/26 5:38,3.16,24.429,7.193,0.993
1773848400,3/18/26 15:40,3/18/26 5:40,3.16,24.437,7.165,0.993
1773848520,3/18/26 15:42,3/18/26 5:42,3.16,24.445,7.136,0.993
1773848640,3/18/26 15:44,3/18/26 5:44,3.16,24.445,7.102,0.993
1773848760,3/18/26 15:46,3/18/26 5:46,3.16,24.429,7.09,0.993
1773848880,3/18/26 15:48,3/18/26 5:48,3.16,24.429,7.079,0.993
1773849000,3/18/26 15:50,3/18/26 5:50,3.16,24.437,7.075,0.993
1773849120,3/18/26 15:52,3/18/26 5:52,3.16,24.437,7.076,0.994
1773849240,3/18/26 15:54,3/18/26 5:54,3.16,24.429,7.086,0.993
1773849360,3/18/26 15:56,3/18/26 5:56,3.16,24.437,7.118,0.993
1773849480,3/18/26 15:58,3/18/26 5:58,3.16,24.42,7.138,0.993
1773849600,3/18/26 16:00,3/18/26 6:00,3.16,24.42,7.169,0.994
1773849720,3/18/26 16:02,3/18/26 6:02,3.16,24.429,7.157,0.993
1773849840,3/18/26 16:04,3/18/26 6:04,3.16,24.437,7.147,0.993
1773849960,3/18/26 16:06,3/18/26 6:06,3.16,24.445,7.134,0.993
1773850080,3/18/26 16:08,3/18/26 6:08,3.16,24.437,7.132,0.993
1773850200,3/18/26 16:10,3/18/26 6:10,3.16,24.429,7.153,0.994
1773850320,3/18/26 16:12,3/18/26 6:12,3.16,24.437,7.152,0.993
1773850440,3/18/26 16:14,3/18/26 6:14,3.16,24.445,7.158,0.993
1773850560,3/18/26 16:16,3/18/26 6:16,3.16,24.437,7.188,0.994
1773850680,3/18/26 16:18,3/18/26 6:18,3.16,24.429,7.203,0.993
1773850800,3/18/26 16:20,3/18/26 6:20,3.16,24.437,7.241,0.993
1773850920,3/18/26 16:22,3/18/26 6:22,3.16,24.412,7.257,0.993
1773851040,3/18/26 16:24,3/18/26 6:24,3.16,24.454,7.247,0.994
1773851160,3/18/26 16:26,3/18/26 6:26,3.16,24.445,7.212,0.993
1773851280,3/18/26 16:28,3/18/26 6:28,3.16,24.42,7.203,0.993
1773851400,3/18/26 16:30,3/18/26 6:30,3.16,24.445,7.191,0.993
1773851520,3/18/26 16:32,3/18/26 6:32,3.16,24.437,7.19,0.993
1773851640,3/18/26 16:34,3/18/26 6:34,3.16,24.437,7.186,0.993
1773851760,3/18/26 16:36,3/18/26 6:36,3.16,24.429,7.203,0.993
1773851880,3/18/26 16:38,3/18/26 6:38,3.16,24.42,7.228,0.993
1773852000,3/18/26 16:40,3/18/26 6:40,3.16,24.437,7.243,0.994
1773852120,3/18/26 16:42,3/18/26 6:42,3.16,24.42,7.246,0.993
1773852240,3/18/26 16:44,3/18/26 6:44,3.16,24.429,7.25,0.993
1773852360,3/18/26 16:46,3/18/26 6:46,3.16,24.437,7.375,0.993
1773852480,3/18/26 16:48,3/18/26 6:48,3.16,24.42,7.359,0.993
1773852600,3/18/26 16:50,3/18/26 6:50,3.16,24.42,7.363,0.993
1773852720,3/18/26 16:52,3/18/26 6:52,3.16,24.445,7.384,0.993
1773852840,3/18/26 16:54,3/18/26 6:54,3.16,24.437,7.425,0.993
1773852960,3/18/26 16:56,3/18/26 6:56,3.16,24.437,7.431,0.994
1773853080,3/18/26 16:58,3/18/26 6:58,3.16,24.437,7.419,0.994
1773853200,3/18/26 17:00,3/18/26 7:00,3.16,24.437,7.409,0.993
1773853320,3/18/26 17:02,3/18/26 7:02,3.16,24.437,7.415,0.994
1773853440,3/18/26 17:04,3/18/26 7:04,3.16,24.445,7.455,0.993
1773853560,3/18/26 17:06,3/18/26 7:06,3.16,24.454,7.496,0.994
1773853680,3/18/26 17:08,3/18/26 7:08,3.16,24.462,7.5,0.993
1773853800,3/18/26 17:10,3/18/26 7:10,3.16,24.479,7.491,0.993
1773853920,3/18/26 17:12,3/18/26 7:12,3.16,24.487,7.487,0.993
1773854040,3/18/26 17:14,3/18/26 7:14,3.16,24.512,7.496,0.993
1773854160,3/18/26 17:16,3/18/26 7:16,3.16,24.487,7.512,0.994
1773854280,3/18/26 17:18,3/18/26 7:18,3.16,24.512,7.466,0.993
1773854400,3/18/26 17:20,3/18/26 7:20,3.16,24.504,7.42,0.993
1773854520,3/18/26 17:22,3/18/26 7:22,3.16,24.496,7.406,0.993
1773854640,3/18/26 17:24,3/18/26 7:24,3.16,24.504,7.405,0.993
1773854760,3/18/26 17:26,3/18/26 7:26,3.16,24.479,7.417,0.993
1773854880,3/18/26 17:28,3/18/26 7:28,3.16,24.479,7.411,0.993
1773855000,3/18/26 17:30,3/18/26 7:30,3.16,24.496,7.396,0.994
1773855120,3/18/26 17:32,3/18/26 7:32,3.16,24.47,7.391,0.993
1773855240,3/18/26 17:34,3/18/26 7:34,3.16,24.479,7.377,0.993
1773855360,3/18/26 17:36,3/18/26 7:36,3.16,24.479,7.351,0.993
1773855480,3/18/26 17:38,3/18/26 7:38,3.16,24.479,7.317,0.993
1773855600,3/18/26 17:40,3/18/26 7:40,3.16,24.47,7.308,0.993
1773855720,3/18/26 17:42,3/18/26 7:42,3.16,24.487,7.293,0.993
1773855840,3/18/26 17:44,3/18/26 7:44,3.16,24.487,7.296,0.993
1773855960,3/18/26 17:46,3/18/26 7:46,3.16,24.487,7.297,0.993
1773856080,3/18/26 17:48,3/18/26 7:48,3.16,24.487,7.301,0.993
1773856200,3/18/26 17:50,3/18/26 7:50,3.16,24.504,7.293,0.993
1773856320,3/18/26 17:52,3/18/26 7:52,3.16,24.479,7.306,0.993
1773856440,3/18/26 17:54,3/18/26 7:54,3.16,24.487,7.312,0.994
1773856560,3/18/26 17:56,3/18/26 7:56,3.16,24.479,7.314,0.993
1773856680,3/18/26 17:58,3/18/26 7:58,3.16,24.496,7.315,0.993
1773856800,3/18/26 18:00,3/18/26 8:00,3.16,24.504,7.332,0.994
1773856920,3/18/26 18:02,3/18/26 8:02,3.16,24.512,7.343,0.993
1773857040,3/18/26 18:04,3/18/26 8:04,3.16,24.512,7.333,0.993
1773857160,3/18/26 18:06,3/18/26 8:06,3.16,24.512,7.348,0.993
1773857280,3/18/26 18:08,3/18/26 8:08,3.16,24.521,7.349,0.993
1773857400,3/18/26 18:10,3/18/26 8:10,3.16,24.512,7.345,0.993
1773857520,3/18/26 18:12,3/18/26 8:12,3.16,24.538,7.331,0.993
1773857640,3/18/26 18:14,3/18/26 8:14,3.16,24.538,7.325,0.993
1773857760,3/18/26 18:16,3/18/26 8:16,3.16,24.529,7.343,0.994
1773857880,3/18/26 18:18,3/18/26 8:18,3.16,24.546,7.331,0.993
1773858000,3/18/26 18:20,3/18/26 8:20,3.16,24.546,7.337,0.993
1773858120,3/18/26 18:22,3/18/26 8:22,3.16,24.554,7.333,0.994
1773858240,3/18/26 18:24,3/18/26 8:24,3.16,24.546,7.312,0.993
1773858360,3/18/26 18:26,3/18/26 8:26,3.16,24.521,7.3,0.993
1773858480,3/18/26 18:28,3/18/26 8:28,3.16,24.538,7.283,0.993
1773858600,3/18/26 18:30,3/18/26 8:30,3.16,24.529,7.296,0.994
1773858720,3/18/26 18:32,3/18/26 8:32,3.16,24.529,7.307,0.993
1773858840,3/18/26 18:34,3/18/26 8:34,3.16,24.521,7.337,0.993
1773858960,3/18/26 18:36,3/18/26 8:36,3.16,24.529,7.341,0.993
1773859080,3/18/26 18:38,3/18/26 8:38,3.16,24.538,7.36,0.993
1773859200,3/18/26 18:40,3/18/26 8:40,3.16,24.538,7.371,0.993
1773859320,3/18/26 18:42,3/18/26 8:42,3.16,24.521,7.391,0.993
1773859440,3/18/26 18:44,3/18/26 8:44,3.16,24.546,7.398,0.993
1773859560,3/18/26 18:46,3/18/26 8:46,3.16,24.588,7.426,0.994
1773859680,3/18/26 18:48,3/18/26 8:48,3.16,24.664,7.435,0.994
1773859800,3/18/26 18:50,3/18/26 8:50,3.16,24.706,7.466,0.993
1773859920,3/18/26 18:52,3/18/26 8:52,3.16,24.748,7.492,0.993
1773860040,3/18/26 18:54,3/18/26 8:54,3.16,24.781,7.506,0.993
1773860160,3/18/26 18:56,3/18/26 8:56,3.16,24.798,7.521,0.994
1773860280,3/18/26 18:58,3/18/26 8:58,3.16,24.848,7.525,0.993
1773860400,3/18/26 19:00,3/18/26 9:00,3.16,24.865,7.528,0.993
1773860520,3/18/26 19:02,3/18/26 9:02,3.16,24.891,7.521,0.993
1773860640,3/18/26 19:04,3/18/26 9:04,3.16,24.916,7.522,0.993
1773860760,3/18/26 19:06,3/18/26 9:06,3.16,24.924,7.525,0.994
1773860880,3/18/26 19:08,3/18/26 9:08,3.16,24.907,7.527,0.994
1773861000,3/18/26 19:10,3/18/26 9:10,3.16,24.857,7.533,0.994
1773861120,3/18/26 19:12,3/18/26 9:12,3.16,24.815,7.501,0.993
1773861240,3/18/26 19:14,3/18/26 9:14,3.16,24.781,7.48,0.993
1773861360,3/18/26 19:16,3/18/26 9:16,3.16,24.773,7.445,0.994
1773861480,3/18/26 19:18,3/18/26 9:18,3.16,24.739,7.431,0.994
1773861600,3/18/26 19:20,3/18/26 9:20,3.16,24.748,7.444,0.994
1773861720,3/18/26 19:22,3/18/26 9:22,3.16,24.739,7.442,0.993
1773861840,3/18/26 19:24,3/18/26 9:24,3.16,24.739,7.453,0.993
1773861960,3/18/26 19:26,3/18/26 9:26,3.16,24.764,7.479,0.994
1773862080,3/18/26 19:28,3/18/26 9:28,3.16,24.798,7.491,0.993
1773862200,3/18/26 19:30,3/18/26 9:30,3.16,24.823,7.509,0.994
1773862320,3/18/26 19:32,3/18/26 9:32,3.16,24.857,7.505,0.993
1773862440,3/18/26 19:34,3/18/26 9:34,3.16,24.865,7.51,0.994
1773862560,3/18/26 19:36,3/18/26 9:36,3.16,24.882,7.515,0.994
1773862680,3/18/26 19:38,3/18/26 9:38,3.16,24.891,7.501,0.993
1773862800,3/18/26 19:40,3/18/26 9:40,3.16,24.865,7.495,0.993
1773862920,3/18/26 19:42,3/18/26 9:42,3.16,24.874,7.486,0.994
1773863040,3/18/26 19:44,3/18/26 9:44,3.16,24.865,7.461,0.994
1773863160,3/18/26 19:46,3/18/26 9:46,3.16,24.848,7.453,0.994
1773863280,3/18/26 19:48,3/18/26 9:48,3.16,24.823,7.457,0.994
1773863400,3/18/26 19:50,3/18/26 9:50,3.16,24.798,7.465,0.993
1773863520,3/18/26 19:52,3/18/26 9:52,3.16,24.773,7.47,0.993
1773863640,3/18/26 19:54,3/18/26 9:54,3.16,24.764,7.472,0.993
1773863760,3/18/26 19:56,3/18/26 9:56,3.16,24.764,7.48,0.993
1773863880,3/18/26 19:58,3/18/26 9:58,3.16,24.756,7.473,0.994
1773864000,3/18/26 20:00,3/18/26 10:00,3.16,24.722,7.448,0.993
1773864120,3/18/26 20:02,3/18/26 10:02,3.16,24.714,7.435,0.994
1773864240,3/18/26 20:04,3/18/26 10:04,3.16,24.697,7.43,0.994
1773864360,3/18/26 20:06,3/18/26 10:06,3.16,24.706,7.449,0.994
1773864480,3/18/26 20:08,3/18/26 10:08,3.16,24.68,7.469,0.994
1773864600,3/18/26 20:10,3/18/26 10:10,3.16,24.697,7.465,0.994
1773864720,3/18/26 20:12,3/18/26 10:12,3.16,24.689,7.457,0.993
1773864840,3/18/26 20:14,3/18/26 10:14,3.16,24.68,7.46,0.993
1773864960,3/18/26 20:16,3/18/26 10:16,3.16,24.689,7.476,0.994
1773865080,3/18/26 20:18,3/18/26 10:18,3.16,24.68,7.474,0.994
1773865200,3/18/26 20:20,3/18/26 10:20,3.16,24.672,7.48,0.994
1773865320,3/18/26 20:22,3/18/26 10:22,3.16,24.672,7.462,0.994
1773865440,3/18/26 20:24,3/18/26 10:24,3.16,24.647,7.453,0.993
1773865560,3/18/26 20:26,3/18/26 10:26,3.16,24.664,7.45,0.993
1773865680,3/18/26 20:28,3/18/26 10:28,3.16,24.664,7.461,0.993
1773865800,3/18/26 20:30,3/18/26 10:30,3.16,24.664,7.474,0.993
1773865920,3/18/26 20:32,3/18/26 10:32,3.16,24.664,7.482,0.994
1773866040,3/18/26 20:34,3/18/26 10:34,3.16,24.672,7.473,0.993
1773866160,3/18/26 20:36,3/18/26 10:36,3.16,24.655,7.493,0.994
1773866280,3/18/26 20:38,3/18/26 10:38,3.16,24.664,7.492,0.993
1773866400,3/18/26 20:40,3/18/26 10:40,3.16,24.664,7.499,0.994
1773866520,3/18/26 20:42,3/18/26 10:42,3.16,24.68,7.503,0.993
1773866640,3/18/26 20:44,3/18/26 10:44,3.16,24.739,7.524,0.994
1773866760,3/18/26 20:46,3/18/26 10:46,3.16,24.815,7.549,0.993
1773866880,3/18/26 20:48,3/18/26 10:48,3.16,24.865,7.581,0.994
1773867000,3/18/26 20:50,3/18/26 10:50,3.16,24.933,7.576,0.993
1773867120,3/18/26 20:52,3/18/26 10:52,3.16,24.975,7.567,0.993
1773867240,3/18/26 20:54,3/18/26 10:54,3.16,25.025,7.566,0.994
1773867360,3/18/26 20:56,3/18/26 10:56,3.16,25.05,7.553,0.994
1773867480,3/18/26 20:58,3/18/26 10:58,3.16,25.084,7.531,0.993
1773867600,3/18/26 21:00,3/18/26 11:00,3.16,25.101,7.527,0.993
1773867720,3/18/26 21:02,3/18/26 11:02,3.16,25.067,7.52,0.993
1773867840,3/18/26 21:04,3/18/26 11:04,3.16,25.017,7.518,0.993
1773867960,3/18/26 21:06,3/18/26 11:06,3.16,24.991,7.506,0.993
1773868080,3/18/26 21:08,3/18/26 11:08,3.16,24.991,7.504,0.994
1773868200,3/18/26 21:10,3/18/26 11:10,3.16,24.975,7.492,0.993
1773868320,3/18/26 21:12,3/18/26 11:12,3.16,25,7.488,0.994
1773868440,3/18/26 21:14,3/18/26 11:14,3.16,24.991,7.488,0.993
1773868560,3/18/26 21:16,3/18/26 11:16,3.16,24.975,7.508,0.994
1773868680,3/18/26 21:18,3/18/26 11:18,3.16,24.966,7.527,0.994
1773868800,3/18/26 21:20,3/18/26 11:20,3.16,24.966,7.535,0.994
1773868920,3/18/26 21:22,3/18/26 11:22,3.16,24.958,7.553,0.994
1773869040,3/18/26 21:24,3/18/26 11:24,3.16,24.975,7.565,0.993
1773869160,3/18/26 21:26,3/18/26 11:26,3.16,25.025,7.596,0.994
1773869280,3/18/26 21:28,3/18/26 11:28,3.16,25.05,7.609,0.994
1773869400,3/18/26 21:30,3/18/26 11:30,3.15,25.084,7.624,0.994
1773869520,3/18/26 21:32,3/18/26 11:32,3.15,25.101,7.643,0.994
1773869640,3/18/26 21:34,3/18/26 11:34,3.15,25.092,7.645,0.994
1773869760,3/18/26 21:36,3/18/26 11:36,3.15,25.067,7.642,0.994
1773869880,3/18/26 21:38,3/18/26 11:38,3.15,25.042,7.643,0.994
1773870000,3/18/26 21:40,3/18/26 11:40,3.16,25.008,7.637,0.994
1773870120,3/18/26 21:42,3/18/26 11:42,3.16,24.983,7.641,0.994
1773870240,3/18/26 21:44,3/18/26 11:44,3.16,24.975,7.652,0.994
1773870360,3/18/26 21:46,3/18/26 11:46,3.16,24.983,7.667,0.994
1773870480,3/18/26 21:48,3/18/26 11:48,3.16,24.983,7.69,0.995
1773870600,3/18/26 21:50,3/18/26 11:50,3.15,25.008,7.697,0.994
1773870720,3/18/26 21:52,3/18/26 11:52,3.16,25,7.706,0.994
1773870840,3/18/26 21:54,3/18/26 11:54,3.15,25,7.726,0.994
1773870960,3/18/26 21:56,3/18/26 11:56,3.15,25.008,7.732,0.993
1773871080,3/18/26 21:58,3/18/26 11:58,3.15,25.033,7.748,0.994
1773871200,3/18/26 22:00,3/18/26 12:00,3.15,25.05,7.744,0.994
1773871320,3/18/26 22:02,3/18/26 12:02,3.15,25.05,7.733,0.994
1773871440,3/18/26 22:04,3/18/26 12:04,3.15,25.033,7.735,0.994
1773871560,3/18/26 22:06,3/18/26 12:06,3.15,25.05,7.745,0.994
1773871680,3/18/26 22:08,3/18/26 12:08,3.15,25.033,7.756,0.994
1773871800,3/18/26 22:10,3/18/26 12:10,3.15,25.059,7.766,0.994
1773871920,3/18/26 22:12,3/18/26 12:12,3.15,25.042,7.779,0.994
1773872040,3/18/26 22:14,3/18/26 12:14,3.15,25.008,7.782,0.994
1773872160,3/18/26 22:16,3/18/26 12:16,3.16,24.991,7.769,0.994
1773872280,3/18/26 22:18,3/18/26 12:18,3.15,24.975,7.756,0.994
1773872400,3/18/26 22:20,3/18/26 12:20,3.15,24.975,7.768,0.995
1773872520,3/18/26 22:22,3/18/26 12:22,3.15,25,7.759,0.994
1773872640,3/18/26 22:24,3/18/26 12:24,3.15,25.008,7.768,0.994
1773872760,3/18/26 22:26,3/18/26 12:26,3.15,24.991,7.761,0.994
1773872880,3/18/26 22:28,3/18/26 12:28,3.15,25,7.759,0.994
1773873000,3/18/26 22:30,3/18/26 12:30,3.15,24.983,7.759,0.994
1773873120,3/18/26 22:32,3/18/26 12:32,3.15,24.983,7.754,0.993
1773873240,3/18/26 22:34,3/18/26 12:34,3.15,24.983,7.772,0.994
1773873360,3/18/26 22:36,3/18/26 12:36,3.15,24.975,7.77,0.994
1773873480,3/18/26 22:38,3/18/26 12:38,3.16,24.941,7.77,0.994
1773873600,3/18/26 22:40,3/18/26 12:40,3.16,24.958,7.771,0.994
1773873720,3/18/26 22:42,3/18/26 12:42,3.16,24.941,7.785,0.994
1773873840,3/18/26 22:44,3/18/26 12:44,3.16,24.949,7.78,0.995
1773873960,3/18/26 22:46,3/18/26 12:46,3.16,24.949,7.776,0.993
1773874080,3/18/26 22:48,3/18/26 12:48,3.16,24.966,7.794,0.994
1773874200,3/18/26 22:50,3/18/26 12:50,3.15,25.017,7.812,0.995
1773874320,3/18/26 22:52,3/18/26 12:52,3.15,25.084,7.78,0.994
1773874440,3/18/26 22:54,3/18/26 12:54,3.15,25.101,7.772,0.994
1773874560,3/18/26 22:56,3/18/26 12:56,3.15,25.151,7.748,0.994
1773874680,3/18/26 22:58,3/18/26 12:58,3.15,25.16,7.727,0.994
1773874800,3/18/26 23:00,3/18/26 13:00,3.15,25.101,7.734,0.994
1773874920,3/18/26 23:02,3/18/26 13:02,3.15,25.109,7.725,0.994
1773875040,3/18/26 23:04,3/18/26 13:04,3.15,25.059,7.723,0.994
1773875160,3/18/26 23:06,3/18/26 13:06,3.15,25.05,7.714,0.993
1773875280,3/18/26 23:08,3/18/26 13:08,3.15,25.033,7.705,0.994
1773875400,3/18/26 23:10,3/18/26 13:10,3.15,25.017,7.7,0.994
1773875520,3/18/26 23:12,3/18/26 13:12,3.16,24.983,7.701,0.994
1773875640,3/18/26 23:14,3/18/26 13:14,3.15,24.991,7.7,0.994
1773875760,3/18/26 23:16,3/18/26 13:16,3.15,24.991,7.704,0.994
1773875880,3/18/26 23:18,3/18/26 13:18,3.15,25,7.715,0.994
1773876000,3/18/26 23:20,3/18/26 13:20,3.15,24.983,7.711,0.993
1773876120,3/18/26 23:22,3/18/26 13:22,3.15,24.975,7.722,0.994
1773876240,3/18/26 23:24,3/18/26 13:24,3.15,24.966,7.701,0.994
1773876360,3/18/26 23:26,3/18/26 13:26,3.15,24.941,7.712,0.994
1773876480,3/18/26 23:28,3/18/26 13:28,3.15,24.966,7.693,0.993
1773876600,3/18/26 23:30,3/18/26 13:30,3.15,24.958,7.702,0.994
1773876720,3/18/26 23:32,3/18/26 13:32,3.15,24.983,7.68,0.993
1773876840,3/18/26 23:34,3/18/26 13:34,3.15,25.008,7.677,0.993
1773876960,3/18/26 23:36,3/18/26 13:36,3.15,25.017,7.687,0.993
1773877080,3/18/26 23:38,3/18/26 13:38,3.15,25.025,7.689,0.994
1773877200,3/18/26 23:40,3/18/26 13:40,3.15,25.033,7.693,0.994
1773877320,3/18/26 23:42,3/18/26 13:42,3.15,25.084,7.697,0.994
1773877440,3/18/26 23:44,3/18/26 13:44,3.15,25.118,7.697,0.993
1773877560,3/18/26 23:46,3/18/26 13:46,3.15,25.193,7.727,0.994
1773877680,3/18/26 23:48,3/18/26 13:48,3.15,25.252,7.731,0.994
1773877800,3/18/26 23:50,3/18/26 13:50,3.15,25.294,7.724,0.994
1773877920,3/18/26 23:52,3/18/26 13:52,3.15,25.294,7.727,0.993
1773878040,3/18/26 23:54,3/18/26 13:54,3.15,25.252,7.74,0.993
1773878160,3/18/26 23:56,3/18/26 13:56,3.15,25.235,7.74,0.993
1773878280,3/18/26 23:58,3/18/26 13:58,3.15,25.21,7.741,0.994
1773878400,3/19/26 0:00,3/18/26 14:00,3.15,25.176,7.721,0.993
1773878520,3/19/26 0:02,3/18/26 14:02,3.15,25.134,7.721,0.994
1773878640,3/19/26 0:04,3/18/26 14:04,3.15,25.092,7.7,0.993
1773878760,3/19/26 0:06,3/18/26 14:06,3.15,25.042,7.693,0.993
1773878880,3/19/26 0:08,3/18/26 14:08,3.15,25.017,7.692,0.994
1773879000,3/19/26 0:10,3/18/26 14:10,3.15,24.983,7.681,0.993
1773879120,3/19/26 0:12,3/18/26 14:12,3.15,24.983,7.682,0.993
1773879240,3/19/26 0:14,3/18/26 14:14,3.15,24.966,7.681,0.993
1773879360,3/19/26 0:16,3/18/26 14:16,3.15,24.983,7.708,0.994
1773879480,3/19/26 0:18,3/18/26 14:18,3.15,25,7.719,0.994
1773879600,3/19/26 0:20,3/18/26 14:20,3.15,25.059,7.734,0.993
1773879720,3/19/26 0:22,3/18/26 14:22,3.15,25.067,7.735,0.993
1773879840,3/19/26 0:24,3/18/26 14:24,3.15,25.075,7.714,0.994
1773879960,3/19/26 0:26,3/18/26 14:26,3.15,25.042,7.696,0.993
1773880080,3/19/26 0:28,3/18/26 14:28,3.15,25.033,7.672,0.993
1773880200,3/19/26 0:30,3/18/26 14:30,3.15,25.017,7.671,0.994
1773880320,3/19/26 0:32,3/18/26 14:32,3.15,25.008,7.668,0.994
1773880440,3/19/26 0:34,3/18/26 14:34,3.15,24.991,7.654,0.994
1773880560,3/19/26 0:36,3/18/26 14:36,3.15,24.966,7.638,0.993
1773880680,3/19/26 0:38,3/18/26 14:38,3.15,24.933,7.637,0.993
1773880800,3/19/26 0:40,3/18/26 14:40,3.15,24.924,7.642,0.993
1773880920,3/19/26 0:42,3/18/26 14:42,3.15,24.933,7.638,0.993
1773881040,3/19/26 0:44,3/18/26 14:44,3.15,24.941,7.623,0.993
1773881160,3/19/26 0:46,3/18/26 14:46,3.15,24.916,7.625,0.994
1773881280,3/19/26 0:48,3/18/26 14:48,3.15,24.907,7.625,0.994
1773881400,3/19/26 0:50,3/18/26 14:50,3.15,24.907,7.631,0.993
1773881520,3/19/26 0:52,3/18/26 14:52,3.15,24.916,7.666,0.993
1773881640,3/19/26 0:54,3/18/26 14:54,3.15,24.916,7.705,0.994
1773881760,3/19/26 0:56,3/18/26 14:56,3.15,24.899,7.731,0.994
1773881880,3/19/26 0:58,3/18/26 14:58,3.15,24.907,7.747,0.994
1773882000,3/19/26 1:00,3/18/26 15:00,3.15,24.916,7.761,0.994
1773882120,3/19/26 1:02,3/18/26 15:02,3.15,24.891,7.768,0.994
1773882240,3/19/26 1:04,3/18/26 15:04,3.15,24.907,7.765,0.994
1773882360,3/19/26 1:06,3/18/26 15:06,3.15,24.907,7.774,0.994
1773882480,3/19/26 1:08,3/18/26 15:08,3.15,24.916,7.771,0.993
1773882600,3/19/26 1:10,3/18/26 15:10,3.15,24.916,7.78,0.994
1773882720,3/19/26 1:12,3/18/26 15:12,3.15,24.916,7.781,0.994
1773882840,3/19/26 1:14,3/18/26 15:14,3.15,24.899,7.753,0.993
1773882960,3/19/26 1:16,3/18/26 15:16,3.16,24.891,7.767,0.994
1773883080,3/19/26 1:18,3/18/26 15:18,3.16,24.865,7.727,0.994
1773883200,3/19/26 1:20,3/18/26 15:20,3.16,24.848,7.704,0.994
1773883320,3/19/26 1:22,3/18/26 15:22,3.16,24.84,7.698,0.995
1773883440,3/19/26 1:24,3/18/26 15:24,3.16,24.832,7.693,0.994
1773883560,3/19/26 1:26,3/18/26 15:26,3.16,24.823,7.701,0.994
1773883680,3/19/26 1:28,3/18/26 15:28,3.16,24.815,7.715,0.994
1773883800,3/19/26 1:30,3/18/26 15:30,3.16,24.832,7.679,0.993
1773883920,3/19/26 1:32,3/18/26 15:32,3.16,24.84,7.675,0.994
1773884040,3/19/26 1:34,3/18/26 15:34,3.16,24.865,7.653,0.993
1773884160,3/19/26 1:36,3/18/26 15:36,3.16,24.848,7.646,0.994
1773884280,3/19/26 1:38,3/18/26 15:38,3.16,24.848,7.625,0.994
1773884400,3/19/26 1:40,3/18/26 15:40,3.16,24.848,7.613,0.993
1773884520,3/19/26 1:42,3/18/26 15:42,3.16,24.848,7.641,0.994
1773884640,3/19/26 1:44,3/18/26 15:44,3.16,24.84,7.647,0.994
1773884760,3/19/26 1:46,3/18/26 15:46,3.16,24.815,7.644,0.994
1773884880,3/19/26 1:48,3/18/26 15:48,3.16,24.815,7.629,0.994
1773885000,3/19/26 1:50,3/18/26 15:50,3.16,24.806,7.617,0.993
1773885120,3/19/26 1:52,3/18/26 15:52,3.16,24.79,7.592,0.993
1773885240,3/19/26 1:54,3/18/26 15:54,3.16,24.798,7.573,0.994
1773885360,3/19/26 1:56,3/18/26 15:56,3.16,24.798,7.555,0.993
1773885480,3/19/26 1:58,3/18/26 15:58,3.16,24.815,7.584,0.994
1773885600,3/19/26 2:00,3/18/26 16:00,3.16,24.857,7.54,0.994
1773885720,3/19/26 2:02,3/18/26 16:02,3.15,24.882,7.557,0.994
1773885840,3/19/26 2:04,3/18/26 16:04,3.15,24.907,7.551,0.993
1773885960,3/19/26 2:06,3/18/26 16:06,3.15,24.949,7.538,0.993
1773886080,3/19/26 2:08,3/18/26 16:08,3.15,24.941,7.541,0.993
1773886200,3/19/26 2:10,3/18/26 16:10,3.15,24.941,7.542,0.993
1773886320,3/19/26 2:12,3/18/26 16:12,3.15,24.933,7.552,0.994
1773886440,3/19/26 2:14,3/18/26 16:14,3.15,24.907,7.55,0.994
1773886560,3/19/26 2:16,3/18/26 16:16,3.15,24.899,7.54,0.993
1773886680,3/19/26 2:18,3/18/26 16:18,3.15,24.874,7.539,0.993
1773886800,3/19/26 2:20,3/18/26 16:20,3.15,24.857,7.541,0.993
1773886920,3/19/26 2:22,3/18/26 16:22,3.15,24.848,7.548,0.994
1773887040,3/19/26 2:24,3/18/26 16:24,3.15,24.84,7.548,0.994
1773887160,3/19/26 2:26,3/18/26 16:26,3.15,24.832,7.543,0.994
1773887280,3/19/26 2:28,3/18/26 16:28,3.16,24.798,7.53,0.993
1773887400,3/19/26 2:30,3/18/26 16:30,3.16,24.798,7.532,0.993
1773887520,3/19/26 2:32,3/18/26 16:32,3.16,24.773,7.54,0.994
1773887640,3/19/26 2:34,3/18/26 16:34,3.16,24.781,7.527,0.993
1773887760,3/19/26 2:36,3/18/26 16:36,3.15,24.773,7.546,0.995
1773887880,3/19/26 2:38,3/18/26 16:38,3.16,24.756,7.536,0.994
1773888000,3/19/26 2:40,3/18/26 16:40,3.16,24.756,7.548,0.994
1773888120,3/19/26 2:42,3/18/26 16:42,3.16,24.722,7.545,0.993
1773888240,3/19/26 2:44,3/18/26 16:44,3.16,24.722,7.544,0.993
1773888360,3/19/26 2:46,3/18/26 16:46,3.16,24.722,7.559,0.994
1773888480,3/19/26 2:48,3/18/26 16:48,3.16,24.714,7.555,0.993
1773888600,3/19/26 2:50,3/18/26 16:50,3.16,24.697,7.556,0.993
1773888720,3/19/26 2:52,3/18/26 16:52,3.16,24.68,7.56,0.993
1773888840,3/19/26 2:54,3/18/26 16:54,3.16,24.672,7.574,0.994
1773888960,3/19/26 2:56,3/18/26 16:56,3.16,24.655,7.579,0.994
1773889080,3/19/26 2:58,3/18/26 16:58,3.16,24.647,7.599,0.994
1773889200,3/19/26 3:00,3/18/26 17:00,3.16,24.638,7.588,0.993
1773889320,3/19/26 3:02,3/18/26 17:02,3.16,24.638,7.603,0.994
1773889440,3/19/26 3:04,3/18/26 17:04,3.16,24.63,7.614,0.994
1773889560,3/19/26 3:06,3/18/26 17:06,3.16,24.638,7.615,0.994
1773889680,3/19/26 3:08,3/18/26 17:08,3.16,24.638,7.621,0.994
1773889800,3/19/26 3:10,3/18/26 17:10,3.16,24.655,7.625,0.993
1773889920,3/19/26 3:12,3/18/26 17:12,3.16,24.655,7.643,0.994
1773890040,3/19/26 3:14,3/18/26 17:14,3.16,24.647,7.638,0.993
1773890160,3/19/26 3:16,3/18/26 17:16,3.16,24.68,7.642,0.994
1773890280,3/19/26 3:18,3/18/26 17:18,3.16,24.68,7.654,0.994
1773890400,3/19/26 3:20,3/18/26 17:20,3.16,24.689,7.652,0.994
1773890520,3/19/26 3:22,3/18/26 17:22,3.16,24.689,7.651,0.994
1773890640,3/19/26 3:24,3/18/26 17:24,3.16,24.714,7.65,0.994
1773890760,3/19/26 3:26,3/18/26 17:26,3.16,24.697,7.659,0.994
1773890880,3/19/26 3:28,3/18/26 17:28,3.16,24.714,7.647,0.994
1773891000,3/19/26 3:30,3/18/26 17:30,3.16,24.722,7.654,0.994
1773891120,3/19/26 3:32,3/18/26 17:32,3.15,24.722,7.642,0.994
1773891240,3/19/26 3:34,3/18/26 17:34,3.15,24.731,7.629,0.994
1773891360,3/19/26 3:36,3/18/26 17:36,3.15,24.731,7.618,0.993
1773891480,3/19/26 3:38,3/18/26 17:38,3.15,24.739,7.611,0.993
1773891600,3/19/26 3:40,3/18/26 17:40,3.15,24.756,7.601,0.994
1773891720,3/19/26 3:42,3/18/26 17:42,3.16,24.764,7.583,0.993
1773891840,3/19/26 3:44,3/18/26 17:44,3.15,24.764,7.581,0.993
1773891960,3/19/26 3:46,3/18/26 17:46,3.15,24.764,7.575,0.994
1773892080,3/19/26 3:48,3/18/26 17:48,3.15,24.764,7.567,0.993
1773892200,3/19/26 3:50,3/18/26 17:50,3.15,24.748,7.565,0.993
1773892320,3/19/26 3:52,3/18/26 17:52,3.15,24.731,7.56,0.993
1773892440,3/19/26 3:54,3/18/26 17:54,3.15,24.748,7.541,0.993
1773892560,3/19/26 3:56,3/18/26 17:56,3.15,24.739,7.533,0.993
1773892680,3/19/26 3:58,3/18/26 17:58,3.15,24.722,7.531,0.994
1773892800,3/19/26 4:00,3/18/26 18:00,3.15,24.714,7.524,0.994
1773892920,3/19/26 4:02,3/18/26 18:02,3.15,24.706,7.512,0.993
1773893040,3/19/26 4:04,3/18/26 18:04,3.15,24.697,7.525,0.994
1773893160,3/19/26 4:06,3/18/26 18:06,3.16,24.689,7.522,0.994
1773893280,3/19/26 4:08,3/18/26 18:08,3.16,24.672,7.522,0.993
1773893400,3/19/26 4:10,3/18/26 18:10,3.15,24.689,7.519,0.993
1773893520,3/19/26 4:12,3/18/26 18:12,3.16,24.664,7.523,0.994
1773893640,3/19/26 4:14,3/18/26 18:14,3.16,24.672,7.501,0.993
1773893760,3/19/26 4:16,3/18/26 18:16,3.16,24.672,7.496,0.993
1773893880,3/19/26 4:18,3/18/26 18:18,3.15,24.664,7.49,0.994
1773894000,3/19/26 4:20,3/18/26 18:20,3.16,24.672,7.478,0.993
1773894120,3/19/26 4:22,3/18/26 18:22,3.16,24.638,7.488,0.994
1773894240,3/19/26 4:24,3/18/26 18:24,3.16,24.638,7.478,0.993
1773894360,3/19/26 4:26,3/18/26 18:26,3.15,24.655,7.478,0.994
1773894480,3/19/26 4:28,3/18/26 18:28,3.16,24.647,7.49,0.994
1773894600,3/19/26 4:30,3/18/26 18:30,3.16,24.63,7.499,0.994
1773894720,3/19/26 4:32,3/18/26 18:32,3.16,24.638,7.494,0.994
1773894840,3/19/26 4:34,3/18/26 18:34,3.16,24.647,7.495,0.994
1773894960,3/19/26 4:36,3/18/26 18:36,3.16,24.638,7.498,0.994
1773895080,3/19/26 4:38,3/18/26 18:38,3.16,24.63,7.495,0.994
1773895200,3/19/26 4:40,3/18/26 18:40,3.15,24.647,7.478,0.993
1773895320,3/19/26 4:42,3/18/26 18:42,3.16,24.63,7.488,0.993
1773895440,3/19/26 4:44,3/18/26 18:44,3.16,24.622,7.485,0.994
1773895560,3/19/26 4:46,3/18/26 18:46,3.16,24.638,7.477,0.993
1773895680,3/19/26 4:48,3/18/26 18:48,3.16,24.638,7.481,0.993
1773895800,3/19/26 4:50,3/18/26 18:50,3.16,24.613,7.491,0.993
1773895920,3/19/26 4:52,3/18/26 18:52,3.16,24.622,7.484,0.993
1773896040,3/19/26 4:54,3/18/26 18:54,3.16,24.655,7.484,0.994
1773896160,3/19/26 4:56,3/18/26 18:56,3.16,24.63,7.495,0.994
1773896280,3/19/26 4:58,3/18/26 18:58,3.16,24.63,7.49,0.993
1773896400,3/19/26 5:00,3/18/26 19:00,3.16,24.622,7.496,0.993
1773896520,3/19/26 5:02,3/18/26 19:02,3.16,24.63,7.492,0.993
1773896640,3/19/26 5:04,3/18/26 19:04,3.16,24.613,7.497,0.994
1773896760,3/19/26 5:06,3/18/26 19:06,3.16,24.622,7.491,0.993
1773896880,3/19/26 5:08,3/18/26 19:08,3.16,24.63,7.501,0.994
1773897000,3/19/26 5:10,3/18/26 19:10,3.16,24.613,7.514,0.994
1773897120,3/19/26 5:12,3/18/26 19:12,3.16,24.622,7.499,0.994
1773897240,3/19/26 5:14,3/18/26 19:14,3.16,24.613,7.504,0.994
1773897360,3/19/26 5:16,3/18/26 19:16,3.16,24.613,7.515,0.995
1773897480,3/19/26 5:18,3/18/26 19:18,3.16,24.622,7.497,0.994
1773897600,3/19/26 5:20,3/18/26 19:20,3.15,24.622,7.484,0.993
1773897720,3/19/26 5:22,3/18/26 19:22,3.15,24.638,7.481,0.994
1773897840,3/19/26 5:24,3/18/26 19:24,3.15,24.622,7.477,0.994
1773897960,3/19/26 5:26,3/18/26 19:26,3.16,24.638,7.473,0.994
1773898080,3/19/26 5:28,3/18/26 19:28,3.15,24.63,7.47,0.993
1773898200,3/19/26 5:30,3/18/26 19:30,3.16,24.622,7.475,0.994
1773898320,3/19/26 5:32,3/18/26 19:32,3.15,24.638,7.472,0.994
1773898440,3/19/26 5:34,3/18/26 19:34,3.15,24.638,7.47,0.994
1773898560,3/19/26 5:36,3/18/26 19:36,3.16,24.622,7.471,0.994
1773898680,3/19/26 5:38,3/18/26 19:38,3.15,24.63,7.463,0.993
1773898800,3/19/26 5:40,3/18/26 19:40,3.15,24.622,7.456,0.993
1773898920,3/19/26 5:42,3/18/26 19:42,3.16,24.622,7.46,0.993
1773899040,3/19/26 5:44,3/18/26 19:44,3.15,24.63,7.473,0.994
1773899160,3/19/26 5:46,3/18/26 19:46,3.15,24.622,7.474,0.993
1773899280,3/19/26 5:48,3/18/26 19:48,3.15,24.605,7.485,0.994
1773899400,3/19/26 5:50,3/18/26 19:50,3.15,24.63,7.483,0.994
1773899520,3/19/26 5:52,3/18/26 19:52,3.16,24.622,7.5,0.994
1773899640,3/19/26 5:54,3/18/26 19:54,3.15,24.605,7.497,0.993
1773899760,3/19/26 5:56,3/18/26 19:56,3.15,24.638,7.495,0.994
1773899880,3/19/26 5:58,3/18/26 19:58,3.15,24.622,7.502,0.994
1773900000,3/19/26 6:00,3/18/26 20:00,3.15,24.605,7.492,0.993
1773900120,3/19/26 6:02,3/18/26 20:02,3.15,24.613,7.491,0.994
1773900240,3/19/26 6:04,3/18/26 20:04,3.15,24.622,7.487,0.994
1773900360,3/19/26 6:06,3/18/26 20:06,3.15,24.596,7.475,0.993
1773900480,3/19/26 6:08,3/18/26 20:08,3.15,24.622,7.477,0.994
1773900600,3/19/26 6:10,3/18/26 20:10,3.16,24.605,7.481,0.994
1773900720,3/19/26 6:12,3/18/26 20:12,3.15,24.605,7.477,0.993
1773900840,3/19/26 6:14,3/18/26 20:14,3.15,24.605,7.48,0.993
1773900960,3/19/26 6:16,3/18/26 20:16,3.15,24.613,7.49,0.994
1773901080,3/19/26 6:18,3/18/26 20:18,3.15,24.622,7.477,0.994
1773901200,3/19/26 6:20,3/18/26 20:20,3.15,24.613,7.481,0.994
1773901320,3/19/26 6:22,3/18/26 20:22,3.15,24.622,7.483,0.994
1773901440,3/19/26 6:24,3/18/26 20:24,3.16,24.613,7.484,0.994
1773901560,3/19/26 6:26,3/18/26 20:26,3.15,24.622,7.485,0.994
1773901680,3/19/26 6:28,3/18/26 20:28,3.15,24.613,7.478,0.993
1773901800,3/19/26 6:30,3/18/26 20:30,3.15,24.596,7.47,0.993
1773901920,3/19/26 6:32,3/18/26 20:32,3.15,24.605,7.466,0.994
1773902040,3/19/26 6:34,3/18/26 20:34,3.15,24.588,7.475,0.993
1773902160,3/19/26 6:36,3/18/26 20:36,3.15,24.605,7.482,0.994
1773902280,3/19/26 6:38,3/18/26 20:38,3.15,24.605,7.479,0.994
1773902400,3/19/26 6:40,3/18/26 20:40,3.15,24.596,7.493,0.994
1773902520,3/19/26 6:42,3/18/26 20:42,3.15,24.596,7.495,0.994
1773902640,3/19/26 6:44,3/18/26 20:44,3.15,24.588,7.481,0.993
1773902760,3/19/26 6:46,3/18/26 20:46,3.15,24.58,7.474,0.993
1773902880,3/19/26 6:48,3/18/26 20:48,3.15,24.596,7.491,0.994
1773903000,3/19/26 6:50,3/18/26 20:50,3.16,24.605,7.479,0.993
1773903120,3/19/26 6:52,3/18/26 20:52,3.15,24.588,7.48,0.994
1773903240,3/19/26 6:54,3/18/26 20:54,3.15,24.596,7.465,0.993
1773903360,3/19/26 6:56,3/18/26 20:56,3.15,24.588,7.474,0.994
1773903480,3/19/26 6:58,3/18/26 20:58,3.15,24.605,7.463,0.994
1773903600,3/19/26 7:00,3/18/26 21:00,3.15,24.605,7.454,0.993
1773903720,3/19/26 7:02,3/18/26 21:02,3.15,24.571,7.455,0.994
1773903840,3/19/26 7:04,3/18/26 21:04,3.15,24.58,7.449,0.994
1773903960,3/19/26 7:06,3/18/26 21:06,3.15,24.58,7.456,0.994
1773904080,3/19/26 7:08,3/18/26 21:08,3.16,24.571,7.429,0.993
1773904200,3/19/26 7:10,3/18/26 21:10,3.15,24.58,7.427,0.993
1773904320,3/19/26 7:12,3/18/26 21:12,3.15,24.571,7.417,0.993
1773904440,3/19/26 7:14,3/18/26 21:14,3.15,24.58,7.427,0.994
1773904560,3/19/26 7:16,3/18/26 21:16,3.15,24.58,7.405,0.993
1773904680,3/19/26 7:18,3/18/26 21:18,3.15,24.588,7.383,0.993
1773904800,3/19/26 7:20,3/18/26 21:20,3.15,24.58,7.369,0.993
1773904920,3/19/26 7:22,3/18/26 21:22,3.15,24.596,7.358,0.993
1773905040,3/19/26 7:24,3/18/26 21:24,3.15,24.596,7.344,0.994
1773905160,3/19/26 7:26,3/18/26 21:26,3.15,24.58,7.331,0.994
1773905280,3/19/26 7:28,3/18/26 21:28,3.15,24.571,7.314,0.994
1773905400,3/19/26 7:30,3/18/26 21:30,3.15,24.58,7.3,0.994
1773905520,3/19/26 7:32,3/18/26 21:32,3.15,24.588,7.287,0.993
1773905640,3/19/26 7:34,3/18/26 21:34,3.15,24.588,7.285,0.994
1773905760,3/19/26 7:36,3/18/26 21:36,3.15,24.596,7.285,0.994
1773905880,3/19/26 7:38,3/18/26 21:38,3.15,24.588,7.301,0.994
1773906000,3/19/26 7:40,3/18/26 21:40,3.15,24.622,7.293,0.993
1773906120,3/19/26 7:42,3/18/26 21:42,3.15,24.63,7.312,0.994
1773906240,3/19/26 7:44,3/18/26 21:44,3.15,24.613,7.318,0.993
1773906360,3/19/26 7:46,3/18/26 21:46,3.15,24.63,7.357,0.994
1773906480,3/19/26 7:48,3/18/26 21:48,3.15,24.63,7.361,0.993
1773906600,3/19/26 7:50,3/18/26 21:50,3.15,24.622,7.376,0.993
1773906720,3/19/26 7:52,3/18/26 21:52,3.15,24.622,7.394,0.993
1773906840,3/19/26 7:54,3/18/26 21:54,3.15,24.63,7.413,0.994
1773906960,3/19/26 7:56,3/18/26 21:56,3.15,24.63,7.418,0.993
1773907080,3/19/26 7:58,3/18/26 21:58,3.15,24.647,7.415,0.993
1773907200,3/19/26 8:00,3/18/26 22:00,3.15,24.638,7.411,0.994
1773907320,3/19/26 8:02,3/18/26 22:02,3.15,24.622,7.397,0.993
1773907440,3/19/26 8:04,3/18/26 22:04,3.15,24.647,7.378,0.994
1773907560,3/19/26 8:06,3/18/26 22:06,3.15,24.638,7.365,0.994
1773907680,3/19/26 8:08,3/18/26 22:08,3.15,24.613,7.354,0.993
1773907800,3/19/26 8:10,3/18/26 22:10,3.15,24.613,7.331,0.993
1773907920,3/19/26 8:12,3/18/26 22:12,3.15,24.605,7.314,0.993
1773908040,3/19/26 8:14,3/18/26 22:14,3.15,24.58,7.302,0.994
1773908160,3/19/26 8:16,3/18/26 22:16,3.15,24.588,7.292,0.994
1773908280,3/19/26 8:18,3/18/26 22:18,3.15,24.571,7.295,0.993
1773908400,3/19/26 8:20,3/18/26 22:20,3.15,24.58,7.302,0.994
1773908520,3/19/26 8:22,3/18/26 22:22,3.15,24.596,7.292,0.994
1773908640,3/19/26 8:24,3/18/26 22:24,3.15,24.605,7.29,0.994
1773908760,3/19/26 8:26,3/18/26 22:26,3.15,24.605,7.297,0.993
1773908880,3/19/26 8:28,3/18/26 22:28,3.15,24.605,7.316,0.994
1773909000,3/19/26 8:30,3/18/26 22:30,3.15,24.605,7.329,0.994
1773909120,3/19/26 8:32,3/18/26 22:32,3.15,24.596,7.336,0.994
1773909240,3/19/26 8:34,3/18/26 22:34,3.15,24.596,7.311,0.993
1773909360,3/19/26 8:36,3/18/26 22:36,3.15,24.588,7.308,0.994
1773909480,3/19/26 8:38,3/18/26 22:38,3.15,24.596,7.31,0.993
1773909600,3/19/26 8:40,3/18/26 22:40,3.15,24.588,7.319,0.994
1773909720,3/19/26 8:42,3/18/26 22:42,3.15,24.596,7.321,0.994
1773909840,3/19/26 8:44,3/18/26 22:44,3.15,24.58,7.31,0.993
1773909960,3/19/26 8:46,3/18/26 22:46,3.15,24.596,7.302,0.993
1773910080,3/19/26 8:48,3/18/26 22:48,3.15,24.588,7.311,0.994
1773910200,3/19/26 8:50,3/18/26 22:50,3.15,24.596,7.311,0.994
1773910320,3/19/26 8:52,3/18/26 22:52,3.15,24.588,7.328,0.993
1773910440,3/19/26 8:54,3/18/26 22:54,3.15,24.588,7.357,0.993
1773910560,3/19/26 8:56,3/18/26 22:56,3.15,24.596,7.389,0.994
1773910680,3/19/26 8:58,3/18/26 22:58,3.15,24.588,7.396,0.994
1773910800,3/19/26 9:00,3/18/26 23:00,3.15,24.588,7.395,0.993
1773910920,3/19/26 9:02,3/18/26 23:02,3.15,24.571,7.416,0.994
1773911040,3/19/26 9:04,3/18/26 23:04,3.15,24.563,7.399,0.994
1773911160,3/19/26 9:06,3/18/26 23:06,3.15,24.58,7.37,0.994
1773911280,3/19/26 9:08,3/18/26 23:08,3.15,24.58,7.347,0.993
1773911400,3/19/26 9:10,3/18/26 23:10,3.15,24.571,7.331,0.993
1773911520,3/19/26 9:12,3/18/26 23:12,3.15,24.571,7.311,0.993
1773911640,3/19/26 9:14,3/18/26 23:14,3.15,24.563,7.287,0.993
1773911760,3/19/26 9:16,3/18/26 23:16,3.15,24.538,7.271,0.993
1773911880,3/19/26 9:18,3/18/26 23:18,3.15,24.563,7.239,0.993
1773912000,3/19/26 9:20,3/18/26 23:20,3.15,24.546,7.223,0.994
1773912120,3/19/26 9:22,3/18/26 23:22,3.15,24.554,7.201,0.994
1773912240,3/19/26 9:24,3/18/26 23:24,3.15,24.554,7.199,0.994
1773912360,3/19/26 9:26,3/18/26 23:26,3.15,24.563,7.187,0.993
1773912480,3/19/26 9:28,3/18/26 23:28,3.15,24.554,7.18,0.993
1773912600,3/19/26 9:30,3/18/26 23:30,3.15,24.554,7.186,0.993
1773912720,3/19/26 9:32,3/18/26 23:32,3.15,24.563,7.191,0.993
1773912840,3/19/26 9:34,3/18/26 23:34,3.15,24.563,7.202,0.994
1773912960,3/19/26 9:36,3/18/26 23:36,3.15,24.571,7.208,0.993
1773913080,3/19/26 9:38,3/18/26 23:38,3.15,24.58,7.227,0.993
1773913200,3/19/26 9:40,3/18/26 23:40,3.15,24.588,7.242,0.994
1773913320,3/19/26 9:42,3/18/26 23:42,3.15,24.571,7.244,0.993
1773913440,3/19/26 9:44,3/18/26 23:44,3.15,24.571,7.251,0.994
1773913560,3/19/26 9:46,3/18/26 23:46,3.15,24.563,7.248,0.993
1773913680,3/19/26 9:48,3/18/26 23:48,3.15,24.58,7.241,0.994
1773913800,3/19/26 9:50,3/18/26 23:50,3.15,24.58,7.26,0.994
1773913920,3/19/26 9:52,3/18/26 23:52,3.15,24.588,7.286,0.993
1773914040,3/19/26 9:54,3/18/26 23:54,3.15,24.58,7.3,0.993
1773914160,3/19/26 9:56,3/18/26 23:56,3.15,24.58,7.308,0.993
1773914280,3/19/26 9:58,3/18/26 23:58,3.15,24.571,7.307,0.993
1773914400,3/19/26 10:00,3/19/26 0:00,3.15,24.58,7.299,0.994
1773914520,3/19/26 10:02,3/19/26 0:02,3.15,24.58,7.286,0.993
1773914640,3/19/26 10:04,3/19/26 0:04,3.15,24.58,7.289,0.993
1773914760,3/19/26 10:06,3/19/26 0:06,3.15,24.596,7.297,0.994
1773914880,3/19/26 10:08,3/19/26 0:08,3.15,24.588,7.276,0.993
1773915000,3/19/26 10:10,3/19/26 0:10,3.15,24.588,7.262,0.993
1773915120,3/19/26 10:12,3/19/26 0:12,3.15,24.58,7.265,0.994
1773915240,3/19/26 10:14,3/19/26 0:14,3.15,24.58,7.255,0.994
1773915360,3/19/26 10:16,3/19/26 0:16,3.15,24.588,7.258,0.994
1773915480,3/19/26 10:18,3/19/26 0:18,3.15,24.588,7.254,0.994
1773915600,3/19/26 10:20,3/19/26 0:20,3.15,24.596,7.238,0.994
1773915720,3/19/26 10:22,3/19/26 0:22,3.15,24.58,7.223,0.993
1773915840,3/19/26 10:24,3/19/26 0:24,3.15,24.596,7.228,0.994
1773915960,3/19/26 10:26,3/19/26 0:26,3.15,24.571,7.226,0.994
1773916080,3/19/26 10:28,3/19/26 0:28,3.15,24.58,7.217,0.993
1773916200,3/19/26 10:30,3/19/26 0:30,3.15,24.571,7.226,0.994
1773916320,3/19/26 10:32,3/19/26 0:32,3.15,24.58,7.221,0.993
1773916440,3/19/26 10:34,3/19/26 0:34,3.15,24.563,7.229,0.994
1773916560,3/19/26 10:36,3/19/26 0:36,3.15,24.58,7.219,0.994
1773916680,3/19/26 10:38,3/19/26 0:38,3.15,24.571,7.223,0.994
1773916800,3/19/26 10:40,3/19/26 0:40,3.15,24.571,7.225,0.993
1773916920,3/19/26 10:42,3/19/26 0:42,3.15,24.554,7.245,0.993
1773917040,3/19/26 10:44,3/19/26 0:44,3.15,24.58,7.249,0.993
1773917160,3/19/26 10:46,3/19/26 0:46,3.15,24.563,7.286,0.993
1773917280,3/19/26 10:48,3/19/26 0:48,3.15,24.588,7.301,0.993
1773917400,3/19/26 10:50,3/19/26 0:50,3.15,24.571,7.335,0.994
1773917520,3/19/26 10:52,3/19/26 0:52,3.15,24.571,7.374,0.994
1773917640,3/19/26 10:54,3/19/26 0:54,3.15,24.58,7.421,0.994
1773917760,3/19/26 10:56,3/19/26 0:56,3.15,24.58,7.44,0.994
1773917880,3/19/26 10:58,3/19/26 0:58,3.15,24.596,7.421,0.994
1773918000,3/19/26 11:00,3/19/26 1:00,3.15,24.588,7.382,0.993
1773918120,3/19/26 11:02,3/19/26 1:02,3.15,24.596,7.361,0.994
1773918240,3/19/26 11:04,3/19/26 1:04,3.15,24.563,7.344,0.993
1773918360,3/19/26 11:06,3/19/26 1:06,3.15,24.58,7.342,0.994
1773918480,3/19/26 11:08,3/19/26 1:08,3.15,24.58,7.356,0.994
1773918600,3/19/26 11:10,3/19/26 1:10,3.15,24.596,7.366,0.994
1773918720,3/19/26 11:12,3/19/26 1:12,3.15,24.58,7.384,0.994
1773918840,3/19/26 11:14,3/19/26 1:14,3.15,24.588,7.395,0.993
1773918960,3/19/26 11:16,3/19/26 1:16,3.15,24.571,7.414,0.993
1773919080,3/19/26 11:18,3/19/26 1:18,3.15,24.588,7.435,0.994
1773919200,3/19/26 11:20,3/19/26 1:20,3.15,24.596,7.451,0.994
1773919320,3/19/26 11:22,3/19/26 1:22,3.15,24.58,7.462,0.994
1773919440,3/19/26 11:24,3/19/26 1:24,3.15,24.58,7.465,0.993
1773919560,3/19/26 11:26,3/19/26 1:26,3.15,24.596,7.446,0.993
1773919680,3/19/26 11:28,3/19/26 1:28,3.15,24.596,7.438,0.994
1773919800,3/19/26 11:30,3/19/26 1:30,3.15,24.588,7.41,0.993
1773919920,3/19/26 11:32,3/19/26 1:32,3.15,24.605,7.376,0.993
1773920040,3/19/26 11:34,3/19/26 1:34,3.15,24.596,7.382,0.993
1773920160,3/19/26 11:36,3/19/26 1:36,3.15,24.613,7.382,0.993
1773920280,3/19/26 11:38,3/19/26 1:38,3.15,24.622,7.391,0.994
1773920400,3/19/26 11:40,3/19/26 1:40,3.15,24.622,7.395,0.994
1773920520,3/19/26 11:42,3/19/26 1:42,3.15,24.596,7.418,0.994
1773920640,3/19/26 11:44,3/19/26 1:44,3.15,24.647,7.409,0.994
1773920760,3/19/26 11:46,3/19/26 1:46,3.15,24.63,7.404,0.993
1773920880,3/19/26 11:48,3/19/26 1:48,3.15,24.63,7.405,0.993
1773921000,3/19/26 11:50,3/19/26 1:50,3.15,24.622,7.413,0.993
1773921120,3/19/26 11:52,3/19/26 1:52,3.15,24.622,7.42,0.994
1773921240,3/19/26 11:54,3/19/26 1:54,3.15,24.63,7.413,0.994
1773921360,3/19/26 11:56,3/19/26 1:56,3.15,24.622,7.41,0.994
1773921480,3/19/26 11:58,3/19/26 1:58,3.15,24.622,7.4,0.994
1773921600,3/19/26 12:00,3/19/26 2:00,3.15,24.638,7.38,0.993
1773921720,3/19/26 12:02,3/19/26 2:02,3.15,24.613,7.381,0.993
1773921840,3/19/26 12:04,3/19/26 2:04,3.15,24.605,7.378,0.993
1773921960,3/19/26 12:06,3/19/26 2:06,3.15,24.613,7.364,0.994
1773922080,3/19/26 12:08,3/19/26 2:08,3.15,24.613,7.336,0.993
1773922200,3/19/26 12:10,3/19/26 2:10,3.15,24.596,7.324,0.993
1773922320,3/19/26 12:12,3/19/26 2:12,3.15,24.605,7.319,0.994
1773922440,3/19/26 12:14,3/19/26 2:14,3.15,24.622,7.307,0.994
1773922560,3/19/26 12:16,3/19/26 2:16,3.15,24.605,7.299,0.993
1773922680,3/19/26 12:18,3/19/26 2:18,3.15,24.622,7.294,0.993
1773922800,3/19/26 12:20,3/19/26 2:20,3.15,24.622,7.318,0.994
1773922920,3/19/26 12:22,3/19/26 2:22,3.15,24.613,7.335,0.994
1773923040,3/19/26 12:24,3/19/26 2:24,3.15,24.605,7.343,0.993
1773923160,3/19/26 12:26,3/19/26 2:26,3.15,24.613,7.379,0.995
1773923280,3/19/26 12:28,3/19/26 2:28,3.15,24.613,7.384,0.994
1773923400,3/19/26 12:30,3/19/26 2:30,3.15,24.596,7.4,0.994
1773923520,3/19/26 12:32,3/19/26 2:32,3.15,24.605,7.41,0.994
1773923640,3/19/26 12:34,3/19/26 2:34,3.15,24.613,7.415,0.994
1773923760,3/19/26 12:36,3/19/26 2:36,3.15,24.596,7.414,0.993
1773923880,3/19/26 12:38,3/19/26 2:38,3.15,24.596,7.413,0.994
1773924000,3/19/26 12:40,3/19/26 2:40,3.15,24.605,7.411,0.994
1773924120,3/19/26 12:42,3/19/26 2:42,3.15,24.596,7.397,0.994
1773924240,3/19/26 12:44,3/19/26 2:44,3.15,24.596,7.379,0.994
1773924360,3/19/26 12:46,3/19/26 2:46,3.15,24.563,7.373,0.994
1773924480,3/19/26 12:48,3/19/26 2:48,3.15,24.588,7.367,0.994
1773924600,3/19/26 12:50,3/19/26 2:50,3.15,24.571,7.376,0.994
1773924720,3/19/26 12:52,3/19/26 2:52,3.15,24.571,7.376,0.994
1773924840,3/19/26 12:54,3/19/26 2:54,3.15,24.58,7.356,0.994
1773924960,3/19/26 12:56,3/19/26 2:56,3.15,24.596,7.331,0.994
1773925080,3/19/26 12:58,3/19/26 2:58,3.15,24.571,7.319,0.994
1773925200,3/19/26 13:00,3/19/26 3:00,3.15,24.588,7.297,0.994
1773925320,3/19/26 13:02,3/19/26 3:02,3.15,24.58,7.277,0.993
1773925440,3/19/26 13:04,3/19/26 3:04,3.15,24.58,7.254,0.994
1773925560,3/19/26 13:06,3/19/26 3:06,3.15,24.571,7.245,0.994
1773925680,3/19/26 13:08,3/19/26 3:08,3.15,24.596,7.222,0.993
1773925800,3/19/26 13:10,3/19/26 3:10,3.15,24.588,7.236,0.994
1773925920,3/19/26 13:12,3/19/26 3:12,3.15,24.58,7.228,0.994
1773926040,3/19/26 13:14,3/19/26 3:14,3.15,24.571,7.221,0.993
1773926160,3/19/26 13:16,3/19/26 3:16,3.15,24.563,7.224,0.993
1773926280,3/19/26 13:18,3/19/26 3:18,3.15,24.554,7.251,0.994
1773926400,3/19/26 13:20,3/19/26 3:20,3.15,24.546,7.271,0.993
1773926520,3/19/26 13:22,3/19/26 3:22,3.15,24.563,7.283,0.994
1773926640,3/19/26 13:24,3/19/26 3:24,3.15,24.571,7.287,0.994
1773926760,3/19/26 13:26,3/19/26 3:26,3.15,24.554,7.308,0.993
1773926880,3/19/26 13:28,3/19/26 3:28,3.15,24.571,7.332,0.994
1773927000,3/19/26 13:30,3/19/26 3:30,3.15,24.571,7.352,0.993
1773927120,3/19/26 13:32,3/19/26 3:32,3.15,24.588,7.366,0.994
1773927240,3/19/26 13:34,3/19/26 3:34,3.15,24.58,7.372,0.994
1773927360,3/19/26 13:36,3/19/26 3:36,3.15,24.571,7.365,0.994
1773927480,3/19/26 13:38,3/19/26 3:38,3.15,24.571,7.366,0.994
1773927600,3/19/26 13:40,3/19/26 3:40,3.15,24.588,7.356,0.993
1773927720,3/19/26 13:42,3/19/26 3:42,3.15,24.58,7.362,0.994
1773927840,3/19/26 13:44,3/19/26 3:44,3.15,24.588,7.349,0.993
1773927960,3/19/26 13:46,3/19/26 3:46,3.15,24.588,7.36,0.994
1773928080,3/19/26 13:48,3/19/26 3:48,3.15,24.588,7.362,0.994
1773928200,3/19/26 13:50,3/19/26 3:50,3.15,24.58,7.359,0.994
1773928320,3/19/26 13:52,3/19/26 3:52,3.15,24.563,7.352,0.993
1773928440,3/19/26 13:54,3/19/26 3:54,3.15,24.58,7.35,0.994
1773928560,3/19/26 13:56,3/19/26 3:56,3.15,24.588,7.355,0.994
1773928680,3/19/26 13:58,3/19/26 3:58,3.15,24.596,7.365,0.994
1773928800,3/19/26 14:00,3/19/26 4:00,3.15,24.58,7.38,0.994
1773928920,3/19/26 14:02,3/19/26 4:02,3.15,24.58,7.395,0.994
1773929040,3/19/26 14:04,3/19/26 4:04,3.15,24.58,7.405,0.994
1773929160,3/19/26 14:06,3/19/26 4:06,3.15,24.596,7.406,0.994
1773929280,3/19/26 14:08,3/19/26 4:08,3.15,24.596,7.413,0.994
1773929400,3/19/26 14:10,3/19/26 4:10,3.15,24.613,7.425,0.993
1773929520,3/19/26 14:12,3/19/26 4:12,3.15,24.588,7.436,0.994
1773929640,3/19/26 14:14,3/19/26 4:14,3.15,24.596,7.434,0.994
1773929760,3/19/26 14:16,3/19/26 4:16,3.15,24.605,7.392,0.993
1773929880,3/19/26 14:18,3/19/26 4:18,3.15,24.613,7.362,0.994
1773930000,3/19/26 14:20,3/19/26 4:20,3.15,24.605,7.329,0.994
1773930120,3/19/26 14:22,3/19/26 4:22,3.15,24.605,7.299,0.994
1773930240,3/19/26 14:24,3/19/26 4:24,3.15,24.596,7.284,0.994
1773930360,3/19/26 14:26,3/19/26 4:26,3.15,24.605,7.275,0.994
1773930480,3/19/26 14:28,3/19/26 4:28,3.15,24.605,7.277,0.993
1773930600,3/19/26 14:30,3/19/26 4:30,3.15,24.605,7.287,0.994
1773930720,3/19/26 14:32,3/19/26 4:32,3.15,24.605,7.295,0.994
1773930840,3/19/26 14:34,3/19/26 4:34,3.15,24.58,7.299,0.994
1773930960,3/19/26 14:36,3/19/26 4:36,3.15,24.596,7.313,0.994
1773931080,3/19/26 14:38,3/19/26 4:38,3.15,24.596,7.323,0.993
1773931200,3/19/26 14:40,3/19/26 4:40,3.15,24.622,7.353,0.995
1773931320,3/19/26 14:42,3/19/26 4:42,3.15,24.613,7.368,0.994
1773931440,3/19/26 14:44,3/19/26 4:44,3.15,24.613,7.378,0.993
1773931560,3/19/26 14:46,3/19/26 4:46,3.15,24.63,7.395,0.994
1773931680,3/19/26 14:48,3/19/26 4:48,3.15,24.638,7.395,0.993
1773931800,3/19/26 14:50,3/19/26 4:50,3.15,24.622,7.396,0.993
1773931920,3/19/26 14:52,3/19/26 4:52,3.15,24.647,7.385,0.994
1773932040,3/19/26 14:54,3/19/26 4:54,3.15,24.63,7.352,0.994
1773932160,3/19/26 14:56,3/19/26 4:56,3.15,24.622,7.335,0.993
1773932280,3/19/26 14:58,3/19/26 4:58,3.15,24.63,7.337,0.993
1773932400,3/19/26 15:00,3/19/26 5:00,3.15,24.622,7.362,0.994
1773932520,3/19/26 15:02,3/19/26 5:02,3.15,24.622,7.365,0.994
1773932640,3/19/26 15:04,3/19/26 5:04,3.15,24.63,7.348,0.993
1773932760,3/19/26 15:06,3/19/26 5:06,3.15,24.622,7.332,0.994
1773932880,3/19/26 15:08,3/19/26 5:08,3.15,24.63,7.303,0.994
1773933000,3/19/26 15:10,3/19/26 5:10,3.15,24.613,7.285,0.994
1773933120,3/19/26 15:12,3/19/26 5:12,3.15,24.622,7.259,0.994
1773933240,3/19/26 15:14,3/19/26 5:14,3.15,24.63,7.235,0.994
1773933360,3/19/26 15:16,3/19/26 5:16,3.15,24.613,7.216,0.993
1773933480,3/19/26 15:18,3/19/26 5:18,3.15,24.588,7.223,0.994
1773933600,3/19/26 15:20,3/19/26 5:20,3.15,24.605,7.23,0.994
1773933720,3/19/26 15:22,3/19/26 5:22,3.15,24.613,7.232,0.993
1773933840,3/19/26 15:24,3/19/26 5:24,3.15,24.605,7.247,0.994
1773933960,3/19/26 15:26,3/19/26 5:26,3.15,24.622,7.256,0.994
1773934080,3/19/26 15:28,3/19/26 5:28,3.15,24.605,7.27,0.994
1773934200,3/19/26 15:30,3/19/26 5:30,3.15,24.605,7.28,0.993
1773934320,3/19/26 15:32,3/19/26 5:32,3.15,24.596,7.296,0.994
1773934440,3/19/26 15:34,3/19/26 5:34,3.15,24.588,7.309,0.994
1773934560,3/19/26 15:36,3/19/26 5:36,3.15,24.605,7.329,0.994
1773934680,3/19/26 15:38,3/19/26 5:38,3.15,24.622,7.333,0.994
1773934800,3/19/26 15:40,3/19/26 5:40,3.15,24.613,7.352,0.994
1773934920,3/19/26 15:42,3/19/26 5:42,3.15,24.63,7.362,0.994
1773935040,3/19/26 15:44,3/19/26 5:44,3.15,24.63,7.381,0.994
1773935160,3/19/26 15:46,3/19/26 5:46,3.15,24.622,7.393,0.994
1773935280,3/19/26 15:48,3/19/26 5:48,3.15,24.622,7.394,0.994
1773935400,3/19/26 15:50,3/19/26 5:50,3.15,24.63,7.374,0.994
1773935520,3/19/26 15:52,3/19/26 5:52,3.15,24.638,7.363,0.994
1773935640,3/19/26 15:54,3/19/26 5:54,3.15,24.638,7.344,0.993
1773935760,3/19/26 15:56,3/19/26 5:56,3.15,24.638,7.342,0.994
1773935880,3/19/26 15:58,3/19/26 5:58,3.15,24.647,7.336,0.994
1773936000,3/19/26 16:00,3/19/26 6:00,3.15,24.647,7.354,0.994
1773936120,3/19/26 16:02,3/19/26 6:02,3.15,24.638,7.352,0.993
1773936240,3/19/26 16:04,3/19/26 6:04,3.15,24.638,7.347,0.994
1773936360,3/19/26 16:06,3/19/26 6:06,3.15,24.63,7.345,0.995
1773936480,3/19/26 16:08,3/19/26 6:08,3.15,24.613,7.332,0.994
1773936600,3/19/26 16:10,3/19/26 6:10,3.15,24.605,7.33,0.994
1773936720,3/19/26 16:12,3/19/26 6:12,3.15,24.622,7.309,0.994
1773936840,3/19/26 16:14,3/19/26 6:14,3.15,24.63,7.29,0.993
1773936960,3/19/26 16:16,3/19/26 6:16,3.15,24.605,7.287,0.993
1773937080,3/19/26 16:18,3/19/26 6:18,3.15,24.605,7.279,0.994
1773937200,3/19/26 16:20,3/19/26 6:20,3.15,24.613,7.248,0.994
1773937320,3/19/26 16:22,3/19/26 6:22,3.15,24.613,7.21,0.993
1773937440,3/19/26 16:24,3/19/26 6:24,3.15,24.622,7.203,0.994
1773937560,3/19/26 16:26,3/19/26 6:26,3.15,24.605,7.193,0.993
1773937680,3/19/26 16:28,3/19/26 6:28,3.15,24.622,7.195,0.994
1773937800,3/19/26 16:30,3/19/26 6:30,3.15,24.622,7.187,0.994
1773937920,3/19/26 16:32,3/19/26 6:32,3.15,24.605,7.188,0.993
1773938040,3/19/26 16:34,3/19/26 6:34,3.15,24.622,7.198,0.994
1773938160,3/19/26 16:36,3/19/26 6:36,3.15,24.63,7.2,0.994
1773938280,3/19/26 16:38,3/19/26 6:38,3.15,24.63,7.195,0.994
1773938400,3/19/26 16:40,3/19/26 6:40,3.15,24.63,7.183,0.993
1773938520,3/19/26 16:42,3/19/26 6:42,3.15,24.622,7.169,0.993
1773938640,3/19/26 16:44,3/19/26 6:44,3.15,24.63,7.169,0.994
1773938760,3/19/26 16:46,3/19/26 6:46,3.15,24.622,7.17,0.994
1773938880,3/19/26 16:48,3/19/26 6:48,3.15,24.613,7.172,0.993
1773939000,3/19/26 16:50,3/19/26 6:50,3.15,24.647,7.178,0.994
1773939120,3/19/26 16:52,3/19/26 6:52,3.15,24.613,7.196,0.994
1773939240,3/19/26 16:54,3/19/26 6:54,3.15,24.622,7.196,0.994
1773939360,3/19/26 16:56,3/19/26 6:56,3.15,24.605,7.197,0.994
1773939480,3/19/26 16:58,3/19/26 6:58,3.15,24.605,7.207,0.994
1773939600,3/19/26 17:00,3/19/26 7:00,3.15,24.613,7.225,0.994
1773939720,3/19/26 17:02,3/19/26 7:02,3.15,24.613,7.247,0.993
1773939840,3/19/26 17:04,3/19/26 7:04,3.15,24.613,7.297,0.994
1773939960,3/19/26 17:06,3/19/26 7:06,3.15,24.596,7.336,0.994
1773940080,3/19/26 17:08,3/19/26 7:08,3.15,24.605,7.335,0.993
1773940200,3/19/26 17:10,3/19/26 7:10,3.15,24.613,7.332,0.994
1773940320,3/19/26 17:12,3/19/26 7:12,3.15,24.605,7.334,0.993
1773940440,3/19/26 17:14,3/19/26 7:14,3.15,24.605,7.342,0.994
1773940560,3/19/26 17:16,3/19/26 7:16,3.15,24.58,7.326,0.994
1773940680,3/19/26 17:18,3/19/26 7:18,3.15,24.58,7.316,0.994
1773940800,3/19/26 17:20,3/19/26 7:20,3.15,24.58,7.321,0.994
1773940920,3/19/26 17:22,3/19/26 7:22,3.15,24.605,7.299,0.993
1773941040,3/19/26 17:24,3/19/26 7:24,3.15,24.588,7.3,0.994
1773941160,3/19/26 17:26,3/19/26 7:26,3.15,24.588,7.294,0.994
1773941280,3/19/26 17:28,3/19/26 7:28,3.15,24.613,7.276,0.993
1773941400,3/19/26 17:30,3/19/26 7:30,3.15,24.605,7.279,0.993
1773941520,3/19/26 17:32,3/19/26 7:32,3.15,24.596,7.288,0.993
1773941640,3/19/26 17:34,3/19/26 7:34,3.15,24.613,7.302,0.995
1773941760,3/19/26 17:36,3/19/26 7:36,3.15,24.588,7.295,0.993
1773941880,3/19/26 17:38,3/19/26 7:38,3.15,24.605,7.33,0.994
1773942000,3/19/26 17:40,3/19/26 7:40,3.15,24.613,7.344,0.994
1773942120,3/19/26 17:42,3/19/26 7:42,3.15,24.588,7.364,0.994
1773942240,3/19/26 17:44,3/19/26 7:44,3.15,24.613,7.367,0.993
1773942360,3/19/26 17:46,3/19/26 7:46,3.15,24.588,7.399,0.994
1773942480,3/19/26 17:48,3/19/26 7:48,3.15,24.58,7.403,0.993
1773942600,3/19/26 17:50,3/19/26 7:50,3.15,24.563,7.42,0.993
1773942720,3/19/26 17:52,3/19/26 7:52,3.15,24.554,7.437,0.993
1773942840,3/19/26 17:54,3/19/26 7:54,3.15,24.538,7.472,0.994
1773942960,3/19/26 17:56,3/19/26 7:56,3.15,24.546,7.494,0.994
1773943080,3/19/26 17:58,3/19/26 7:58,3.15,24.563,7.5,0.994
1773943200,3/19/26 18:00,3/19/26 8:00,3.15,24.554,7.514,0.993
1773943320,3/19/26 18:02,3/19/26 8:02,3.15,24.563,7.527,0.994
1773943440,3/19/26 18:04,3/19/26 8:04,3.15,24.58,7.532,0.994
1773943560,3/19/26 18:06,3/19/26 8:06,3.15,24.588,7.52,0.993
1773943680,3/19/26 18:08,3/19/26 8:08,3.15,24.58,7.516,0.994
1773943800,3/19/26 18:10,3/19/26 8:10,3.15,24.588,7.502,0.994
1773943920,3/19/26 18:12,3/19/26 8:12,3.15,24.622,7.482,0.993
1773944040,3/19/26 18:14,3/19/26 8:14,3.15,24.613,7.492,0.994
1773944160,3/19/26 18:16,3/19/26 8:16,3.15,24.63,7.485,0.993
1773944280,3/19/26 18:18,3/19/26 8:18,3.15,24.63,7.495,0.994
1773944400,3/19/26 18:20,3/19/26 8:20,3.15,24.622,7.488,0.994
1773944520,3/19/26 18:22,3/19/26 8:22,3.15,24.622,7.499,0.995
1773944640,3/19/26 18:24,3/19/26 8:24,3.15,24.63,7.475,0.994
1773944760,3/19/26 18:26,3/19/26 8:26,3.15,24.622,7.434,0.994
1773944880,3/19/26 18:28,3/19/26 8:28,3.15,24.622,7.401,0.994
1773945000,3/19/26 18:30,3/19/26 8:30,3.15,24.613,7.367,0.994
1773945120,3/19/26 18:32,3/19/26 8:32,3.15,24.613,7.325,0.994
1773945240,3/19/26 18:34,3/19/26 8:34,3.15,24.596,7.3,0.994
1773945360,3/19/26 18:36,3/19/26 8:36,3.15,24.596,7.267,0.993
1773945480,3/19/26 18:38,3/19/26 8:38,3.15,24.596,7.252,0.994
1773945600,3/19/26 18:40,3/19/26 8:40,3.15,24.58,7.235,0.993
1773945720,3/19/26 18:42,3/19/26 8:42,3.15,24.588,7.227,0.994
1773945840,3/19/26 18:44,3/19/26 8:44,3.15,24.596,7.218,0.993
1773945960,3/19/26 18:46,3/19/26 8:46,3.15,24.596,7.221,0.994
1773946080,3/19/26 18:48,3/19/26 8:48,3.15,24.622,7.22,0.994
1773946200,3/19/26 18:50,3/19/26 8:50,3.15,24.622,7.224,0.994
1773946320,3/19/26 18:52,3/19/26 8:52,3.15,24.63,7.231,0.994
1773946440,3/19/26 18:54,3/19/26 8:54,3.15,24.647,7.231,0.994
1773946560,3/19/26 18:56,3/19/26 8:56,3.15,24.622,7.232,0.994
1773946680,3/19/26 18:58,3/19/26 8:58,3.15,24.638,7.213,0.993
1773946800,3/19/26 19:00,3/19/26 9:00,3.15,24.622,7.219,0.994
1773946920,3/19/26 19:02,3/19/26 9:02,3.15,24.588,7.225,0.994
1773947040,3/19/26 19:04,3/19/26 9:04,3.15,24.596,7.233,0.994
1773947160,3/19/26 19:06,3/19/26 9:06,3.15,24.596,7.229,0.993
1773947280,3/19/26 19:08,3/19/26 9:08,3.15,24.596,7.259,0.994
1773947400,3/19/26 19:10,3/19/26 9:10,3.15,24.588,7.261,0.994
1773947520,3/19/26 19:12,3/19/26 9:12,3.15,24.588,7.268,0.994
1773947640,3/19/26 19:14,3/19/26 9:14,3.15,24.613,7.286,0.994
1773947760,3/19/26 19:16,3/19/26 9:16,3.15,24.63,7.305,0.994
1773947880,3/19/26 19:18,3/19/26 9:18,3.15,24.655,7.302,0.993
1773948000,3/19/26 19:20,3/19/26 9:20,3.15,24.647,7.329,0.994
1773948120,3/19/26 19:22,3/19/26 9:22,3.15,24.68,7.327,0.993
1773948240,3/19/26 19:24,3/19/26 9:24,3.15,24.689,7.347,0.994
1773948360,3/19/26 19:26,3/19/26 9:26,3.15,24.697,7.337,0.993
1773948480,3/19/26 19:28,3/19/26 9:28,3.15,24.68,7.339,0.994
1773948600,3/19/26 19:30,3/19/26 9:30,3.15,24.68,7.338,0.994
1773948720,3/19/26 19:32,3/19/26 9:32,3.15,24.68,7.33,0.993
1773948840,3/19/26 19:34,3/19/26 9:34,3.15,24.68,7.33,0.994
1773948960,3/19/26 19:36,3/19/26 9:36,3.15,24.672,7.907,0.994
1773949080,3/19/26 19:38,3/19/26 9:38,3.15,24.546,7.933,0.993
1773949200,3/19/26 19:40,3/19/26 9:40,3.15,24.412,7.953,0.993
1773949320,3/19/26 19:42,3/19/26 9:42,3.15,24.454,7.921,0.993
1773949440,3/19/26 19:44,3/19/26 9:44,3.15,24.63,3.709,0.992
1773949560,3/19/26 19:46,3/19/26 9:46,3.15,24.647,3.716,0.993
1773949680,3/19/26 19:48,3/19/26 9:48,3.15,24.647,3.731,0.993
1773949800,3/19/26 19:50,3/19/26 9:50,3.15,24.63,3.754,0.993
1773949920,3/19/26 19:52,3/19/26 9:52,3.15,24.63,3.756,0.993
1773950040,3/19/26 19:54,3/19/26 9:54,3.15,24.588,3.768,0.993
1773950160,3/19/26 19:56,3/19/26 9:56,3.15,24.563,3.771,0.993
1773950280,3/19/26 19:58,3/19/26 9:58,3.15,24.538,3.77,0.993
1773950400,3/19/26 20:00,3/19/26 10:00,3.15,24.512,3.777,0.993
1773950520,3/19/26 20:02,3/19/26 10:02,3.15,24.479,3.785,0.993
1773950640,3/19/26 20:04,3/19/26 10:04,3.15,24.437,3.791,0.993
1773950760,3/19/26 20:06,3/19/26 10:06,3.15,24.437,3.795,0.993
1773950880,3/19/26 20:08,3/19/26 10:08,3.15,24.387,3.805,0.993
1773951000,3/19/26 20:10,3/19/26 10:10,3.15,24.387,3.801,0.992
1773951120,3/19/26 20:12,3/19/26 10:12,3.14,24.319,3.815,0.993
1773951240,3/19/26 20:14,3/19/26 10:14,3.14,24.294,3.826,0.993
1773951360,3/19/26 20:16,3/19/26 10:16,3.14,24.269,3.83,0.992
1773951480,3/19/26 20:18,3/19/26 10:18,3.14,24.227,3.851,0.993
1773951600,3/19/26 20:20,3/19/26 10:20,3.14,24.21,3.856,0.992
1773951720,3/19/26 20:22,3/19/26 10:22,3.14,24.194,3.872,0.993
1773951840,3/19/26 20:24,3/19/26 10:24,3.14,24.168,3.873,0.993
1773951960,3/19/26 20:26,3/19/26 10:26,3.14,24.126,3.884,0.993
1773952080,3/19/26 20:28,3/19/26 10:28,3.14,24.093,3.89,0.993
1773952200,3/19/26 20:30,3/19/26 10:30,3.15,24.068,3.898,0.992
1773952320,3/19/26 20:32,3/19/26 10:32,3.14,24.043,3.911,0.993
1773952440,3/19/26 20:34,3/19/26 10:34,3.15,24.001,3.922,0.993
1773952560,3/19/26 20:36,3/19/26 10:36,3.15,23.992,3.925,0.993
1773952680,3/19/26 20:38,3/19/26 10:38,3.15,23.992,3.928,0.992
1773952800,3/19/26 20:40,3/19/26 10:40,3.15,23.959,3.947,0.993
1773952920,3/19/26 20:42,3/19/26 10:42,3.15,23.95,3.948,0.992
1773953040,3/19/26 20:44,3/19/26 10:44,3.15,23.925,3.96,0.992
1773953160,3/19/26 20:46,3/19/26 10:46,3.15,23.9,3.963,0.992
1773953280,3/19/26 20:48,3/19/26 10:48,3.15,23.875,3.974,0.993
1773953400,3/19/26 20:50,3/19/26 10:50,3.15,23.841,3.979,0.993
1773953520,3/19/26 20:52,3/19/26 10:52,3.15,23.389,8.062,0.992
1773953640,3/19/26 20:54,3/19/26 10:54,3.15,22.87,8.153,0.992
1773953760,3/19/26 20:56,3/19/26 10:56,3.15,22.535,8.203,0.991